{
  "Transform": "AWS::Serverless-2016-10-31",
  "Description": "FFE API Dashboard ${FAD_ENV_NAME}",
  "Parameters": {
    "LambdaRole": {
      "Type": "String",
      "Default": "${FAD_LAMBDA_ROLE}"
    }
  },
  "Globals": {
    "Function": {
      "Environment": {
        "Variables": {
          "FAD_ENV_NAME": "${FAD_ENV_NAME}",
          "FAD_ENV_TYPE": "${FAD_ENV_TYPE}",
          "FAD_COGNITO_POOL_ID": "${FAD_COGNITO_POOL_ID}",
          "FAD_COGNITO_APP_CLIENT_ID": "${FAD_COGNITO_APP_CLIENT_ID}",
          "FAD_DYNAMODB_TABLE_SERVICES": "${FAD_DYNAMODB_TABLE_SERVICES}",
          "FAD_DYNAMODB_TABLE_LOGS": "${FAD_DYNAMODB_TABLE_LOGS}",
          "FAD_CORS_ALLOW_ORIGIN": "${FAD_CORS_ALLOW_ORIGIN}",
          "FAD_CORS_ALLOW_HEADERS": "${FAD_CORS_ALLOW_HEADERS}",
          "FAD_CORS_EXPOSE_HEADERS": "${FAD_CORS_EXPOSE_HEADERS}",
          "FAD_SSM_SOURCE_SYSTEM_NAME_KEY_FORMAT": "${FAD_SSM_SOURCE_SYSTEM_NAME_KEY_FORMAT}",
          "FAD_SSM_API_KEY_FORMAT": "${FAD_SSM_API_KEY_FORMAT}",
          "FAD_TL_BUCKET_NAME":"${FAD_TL_BUCKET_NAME}",
          "FAD_TL_DIRECTORY": "${FAD_TL_DIRECTORY}",
          "FAD_SSM_OAUTH_FORMAT": "${FAD_SSM_OAUTH_FORMAT}"
        }
      },
      "Runtime": "nodejs12.x",
      "MemorySize": 1024,
      "Timeout": 20,
      "VpcConfig": {
        "SecurityGroupIds": [${FAD_VPC_SECURITY_GROUP_IDS}],
        "SubnetIds": [${FAD_VPC_SUBNET_IDS}]
      }
    },
    "Api": {
      "EndpointConfiguration": "REGIONAL",
      "Cors": {
        "AllowOrigin": "'${FAD_CORS_ALLOW_ORIGIN}'",
        "AllowHeaders": "'${FAD_CORS_ALLOW_HEADERS}'"
      },
      "Auth": {
        "DefaultAuthorizer": "CognitoAuthorizer",
        "AddDefaultAuthorizerToCorsPreflight": false,
        "Authorizers": {
          "CognitoAuthorizer": {
            "UserPoolArn": {"Fn::Sub": "arn:aws:cognito-idp:${AWS::Region}:${AWS::AccountId}:userpool/${FAD_COGNITO_POOL_ID}"},
            "AuthorizationScopes": [
              "aws.cognito.signin.user.admin",
              "gov.cms.${FAD_ENV_TYPE}.smdashboard/user"
            ],
            "Identity": {
              "Header": "access-token"
            }
          }
        },
        "ResourcePolicy": {
          "CustomStatements": [
            {
              "Effect": "Allow",
              "Principal": "*",
              "Action": "execute-api:Invoke",
              "Resource": "execute-api:/*/*/*"
            },
            {
              "Effect": "Deny",
              "Principal": "*",
              "Action": "execute-api:Invoke",
              "Resource": "execute-api:/*/*/*",
              "Condition": {
                "NotIpAddress": {
                  "aws:SourceIp": [ ${FAD_API_ALLOW_IPS_CIDR_BLOCKS} ]
                }
              }
            }
          ]
        }
      }
    }
  },
  "Resources": {
    "GetServices": {
      "Type": "AWS::Serverless::Function",
      "Properties": {
        "FunctionName": "FAD-${FAD_ENV_NAME}-GetServices",
        "Handler": "./src/handlers/GetServices.handler",
        "Role": {
          "Ref": "LambdaRole"
        },
        "CodeUri": "./build/package.zip",
        "Events": {
          "PutResource": {
            "Type": "Api",
            "Properties": {
              "Path": "/services",
              "Method": "get"
            }
          }
        }
      }
    },
    "GetCapabilities": {
      "Type": "AWS::Serverless::Function",
      "Properties": {
        "FunctionName": "FAD-${FAD_ENV_NAME}-GetCapabilities",
        "Handler": "./src/handlers/GetCapabilities.handler",
        "Role": {
          "Ref": "LambdaRole"
        },
        "CodeUri": "./build/package.zip",
        "Events": {
          "PutResource": {
            "Type": "Api",
            "Properties": {
              "Path": "/capabilities",
              "Method": "get"
            }
          }
        }
      }
    },
    "GetRefDataServices": {
      "Type": "AWS::Serverless::Function",
      "Properties": {
        "FunctionName": "FAD-${FAD_ENV_NAME}-GetRefDataServices",
        "Handler": "./src/handlers/GetRefDataServices.handler",
        "Role": {
          "Ref": "LambdaRole"
        },
        "CodeUri": "./build/package.zip",
        "Events": {
          "PutResource": {
            "Type": "Api",
            "Properties": {
              "Path": "/ref-data-services",
              "Method": "get"
            }
          }
        }
      }
    },
    "GetRefDataTemplatedQuery": {
      "Type": "AWS::Serverless::Function",
      "Properties": {
        "FunctionName": "FAD-${FAD_ENV_NAME}-GetRefDataTemplatedQuery",
        "Handler": "./src/handlers/GetRefDataTemplatedQuery.handler",
        "Role": {
          "Ref": "LambdaRole"
        },
        "CodeUri": "./build/package.zip",
        "Events": {
          "PutResource": {
            "Type": "Api",
            "Properties": {
              "Path": "/ref-data-templated-query-request",
              "Method": "post"
            }
          }
        }
      }
    },
    "GetAppConfigServices": {
      "Type": "AWS::Serverless::Function",
      "Properties": {
        "FunctionName": "FAD-${FAD_ENV_NAME}-GetAppConfigServices",
        "Handler": "./src/handlers/GetAppConfigServices.handler",
        "Role": {
          "Ref": "LambdaRole"
        },
        "CodeUri": "./build/package.zip",
        "Events": {
          "PutResource": {
            "Type": "Api",
            "Properties": {
              "Path": "/app_config_services",
              "Method": "get"
            }
          }
        }
      }
    },
    "Login": {
      "Type": "AWS::Serverless::Function",
      "Properties": {
        "FunctionName": "FAD-${FAD_ENV_NAME}-Login",
        "Handler": "./src/handlers/Login.handler",
        "Role": {"Ref": "LambdaRole"},
        "CodeUri": "./build/package.zip",
        "Events": {
          "PutResource": {
            "Type": "Api",
            "Properties": {
              "Path": "/login",
              "Method": "post",
              "Auth": {
                "Authorizer": "NONE"
              }
            }
          }
        }
      }
    },
    "Logout": {
      "Type": "AWS::Serverless::Function",
      "Properties": {
        "FunctionName": "FAD-${FAD_ENV_NAME}-Logout",
        "Handler": "./src/handlers/Logout.handler",
        "Role": {"Ref": "LambdaRole"},
        "CodeUri": "./build/package.zip",
        "Events": {
          "PutResource": {
            "Type": "Api",
            "Properties": {
              "Path": "/logout",
              "Method": "post"
            }
          }
        }
      }
    },
    "GetEnvironment": {
      "Type": "AWS::Serverless::Function",
      "Properties": {
        "FunctionName": "FAD-${FAD_ENV_NAME}-GetEnvironment",
        "Handler": "./src/handlers/GetEnvironment.handler",
        "Role": {"Ref": "LambdaRole"},
        "CodeUri": "./build/package.zip",
        "Events": {
          "PutResource": {
            "Type": "Api",
            "Properties": {
              "Path": "/environment",
              "Method": "get",
              "Auth": {
                "Authorizer": "NONE"
              }
            }
          }
        }
      }
    },
    "SubmitRequest": {
      "Type": "AWS::Serverless::Function",
      "Properties": {
        "FunctionName": "FAD-${FAD_ENV_NAME}-SubmitRequest",
        "Handler": "./src/handlers/SubmitRequest.handler",
        "Role": {"Ref": "LambdaRole"},
        "CodeUri": "./build/package.zip",
        "Events": {
          "PutResource": {
            "Type": "Api",
            "Properties": {
              "Path": "/request",
              "Method": "post"
            }
          }
        }
      }
    },
    "SubmitRefDataRequest": {
      "Type": "AWS::Serverless::Function",
      "Properties": {
        "FunctionName": "FAD-${FAD_ENV_NAME}-SubmitRefDataRequest",
        "Handler": "./src/handlers/SubmitRefDataRequest.handler",
        "Role": {"Ref": "LambdaRole"},
        "CodeUri": "./build/package.zip",
        "Events": {
          "PutResource": {
            "Type": "Api",
            "Properties": {
              "Path": "/ref-data-request",
              "Method": "post"
            }
          }
        }
      }
    },
    "ChangePassword": {
      "Type": "AWS::Serverless::Function",
      "Properties": {
        "FunctionName": "FAD-${FAD_ENV_NAME}-ChangePassword",
        "Handler": "./src/handlers/ChangePassword.handler",
        "Role": {"Ref": "LambdaRole"},
        "CodeUri": "./build/package.zip",
        "Events": {
          "PutResource": {
            "Type": "Api",
            "Properties": {
              "Path": "/change-password",
              "Method": "post",
              "Auth": {
                "Authorizer": "NONE"
              }
            }
          }
        }
      }
    },
    "ResetPassword": {
      "Type": "AWS::Serverless::Function",
      "Properties": {
        "FunctionName": "FAD-${FAD_ENV_NAME}-ResetPassword",
        "Handler": "./src/handlers/ResetPassword.handler",
        "Role": {"Ref": "LambdaRole"},
        "CodeUri": "./build/package.zip",
        "Events": {
          "PutResource": {
            "Type": "Api",
            "Properties": {
              "Path": "/reset-password",
              "Method": "post",
              "Auth": {
                "Authorizer": "NONE"
              }
            }
          }
        }
      }
    },
    "HealthCheck": {
      "Type": "AWS::Serverless::Function",
      "Properties": {
        "FunctionName": "FAD-${FAD_ENV_NAME}-HealthCheck",
        "Handler": "./src/handlers/HealthCheck.handler",
        "Role": {
          "Ref": "LambdaRole"
        },
        "CodeUri": "./build/package.zip",
        "Events": {
          "PutResource": {
            "Type": "Api",
            "Properties": {
              "Path": "/healthcheck",
              "Method": "get",
              "Auth": {
                "Authorizer": "NONE"
              }
            }
          }
        }
      }
    },
    "TLSearch": {
      "Type": "AWS::Serverless::Function",
      "Properties": {
        "FunctionName": "FAD-${FAD_ENV_NAME}-TLSearch",
        "Handler": "./src/handlers/TLSearch.handler",
        "Role": {
          "Ref": "LambdaRole"
        },
        "CodeUri": "./build/package.zip",
        "Events": {
          "PutResource": {
            "Type": "Api",
            "Properties": {
              "Path": "/tl-search",
              "Method": "post"
            }
          }
        }
      }
    },
    "ValidateTotpCode": {
      "Type": "AWS::Serverless::Function",
      "Properties": {
        "FunctionName": "FAD-${FAD_ENV_NAME}-ValidateTotpCode",
        "Handler": "./src/handlers/ValidateTotpCode.handler",
        "Role": {
          "Ref": "LambdaRole"
        },
        "CodeUri": "./build/package.zip",
        "Events": {
          "PutResource": {
            "Type": "Api",
            "Properties": {
              "Path": "/validate-totp-code",
              "Method": "post",
              "Auth": {
                "Authorizer": "NONE"
              }
            }
          }
        }
      }
    },
    "CompleteTotpSetup": {
      "Type": "AWS::Serverless::Function",
      "Properties": {
        "FunctionName": "FAD-${FAD_ENV_NAME}-CompleteTotpSetup",
        "Handler": "./src/handlers/CompleteTotpSetup.handler",
        "Role": {
          "Ref": "LambdaRole"
        },
        "CodeUri": "./build/package.zip",
        "Events": {
          "PutResource": {
            "Type": "Api",
            "Properties": {
              "Path": "/complete-totp-setup",
              "Method": "post",
              "Auth": {
                "Authorizer": "NONE"
              }
            }
          }
        }
      }
    },
    "GetServiceRequestHistory": {
      "Type": "AWS::Serverless::Function",
      "Properties": {
        "FunctionName": "FAD-${FAD_ENV_NAME}-GetServiceRequestHistory",
        "Handler": "./src/handlers/GetServiceRequestHistory.handler",
        "Role": {
          "Ref": "LambdaRole"
        },
        "CodeUri": "./build/package.zip",
        "Events": {
          "PutResource": {
            "Type": "Api",
            "Properties": {
              "Path": "/user-query-history",
              "Method": "post"
            }
          }
        }
      }
    },
    "ListS3FolderItems": {
      "Type": "AWS::Serverless::Function",
      "Properties": {
        "FunctionName": "FAD-${FAD_ENV_NAME}-ListS3FolderItems",
        "Handler": "./src/handlers/ListS3Directory.handler",
        "Role": {"Ref": "LambdaRole"},
        "CodeUri": "./build/package.zip",
        "Events": {
          "PutResource": {
            "Type": "Api",
            "Properties": {
              "Path": "/s3_folder_items",
              "Method": "post"
            }
          }
        }
      }
    },
    "GetS3ObjectData": {
      "Type": "AWS::Serverless::Function",
      "Properties": {
        "FunctionName": "FAD-${FAD_ENV_NAME}-GetS3ObjectData",
        "Handler": "./src/handlers/GetS3ObjectData.handler",
        "Role": {"Ref": "LambdaRole"},
        "CodeUri": "./build/package.zip",
        "Events": {
          "PutResource": {
            "Type": "Api",
            "Properties": {
              "Path": "/s3_file_data",
              "Method": "post"
            }
          }
        }
      }
    },
    "UpdateS3ObjectData": {
      "Type": "AWS::Serverless::Function",
      "Properties": {
        "FunctionName": "FAD-${FAD_ENV_NAME}-UpdateS3ObjectData",
        "Handler": "./src/handlers/UpdateS3ObjectData.handler",
        "Role": {"Ref": "LambdaRole"},
        "CodeUri": "./build/package.zip",
        "Events": {
          "PutResource": {
            "Type": "Api",
            "Properties": {
              "Path": "/s3_update_file_data",
              "Method": "post"
            }
          }
        }
      }
    }
  },
  "Outputs": {
    "ApiGatewayDomain": {
      "Description": "API Gateway domain for FFE API Dashboard lambda functions",
      "Value": { "Fn::Sub": "${ServerlessRestApi}.execute-api.${AWS::Region}.amazonaws.com" }
    },
    "ApiGatewayStage": {
      "Description": "API Gateway stage for FFE API Dashboard lambda functions",
      "Value": { "Ref": "ServerlessRestApiProdStage" }
    }
  }
}
