[
  {
    "proceedingAppealId": 194117,
    "appealTypeId": 1,
    "appealTypeNm": "AIA REVIEW APPEAL",
    "requestorTypeName": "patent owner",
    "userRole": "Lead Counsel",
    "appealStatusId": 2,
    "appealStatusCd": "Awaiting Decision",
    "appealNoticeDt": "2024-01-23 00:00:00.0",
    "exteralCourtDecisionBy": "CAFC",
    "proceedingId": 1554940,
    "proceedingNo": "IPR2024-00045",
    "userPartyGroupType": "petitioner",
    "filingDate": "01/23/2024",
    "appealDocuments": [
      {
        "name": "ex 2007",
        "category": "EXHIBIT",
        "fileName": "Lorem Ipsum.pdf",
        "filingParty": "patent owner",
        "availability": "Filing Party and Board",
        "exhibitNumber": 2007,
        "pageCount": 2,
        "artifactSubmissionIdentifier": 85880825,
        "filingDate": 1706030988,
        "filingDateString": "01/23/2024",
        "fileSize": 0,
        "documentStatus": "PENDING",
        "directionCode": "INCOMING",
        "warningMessageList": [],
        "availablitySummary": {
          "code": "CONFIDENTIAL",
          "descriptionText": "Available to filing party and board.",
          "displayNameText": "Filing Party and Board"
        },
        "roleSummary": {
          "code": "PATENT OWNER",
          "descriptionText": "Indicates artifact was submitted on behalf of Patent Owner.",
          "displayNameText": "Patent owner"
        },
        "artifactSummary": {
          "code": "EXHIBIT",
          "descriptionText": "Exhibit"
        }
      },
      {
        "documentNumber": 17,
        "name": "NOA updated",
        "category": "PAPER",
        "fileName": "Test.pdf",
        "filingParty": "patent owner",
        "availability": "Public",
        "documentTypeIdentifier": 252,
        "documentTypeCode": "NOT:NOA",
        "documentTypeDescription": "Notice:  notice of appeal",
        "pageCount": 1,
        "contentManagementId": "PTAB/1c80887f-016f-45db-a7e1-b248ec72e1d8",
        "artifactIdentifer": "rG7kSI-bBo8or482MWjVmAGbbAUfrOV-v3aaiNcdwc5dc1RWaUWcz0c",
        "artifactSubmissionIdentifier": 85880826,
        "filingDate": 1706030988,
        "filingDateString": "01/23/2024",
        "fileSize": 0,
        "documentStatus": "PENDING",
        "directionCode": "INCOMING",
        "warningMessageList": [],
        "availablitySummary": {
          "code": "PUBLIC",
          "descriptionText": "Available for everyone.",
          "displayNameText": "Public"
        },
        "roleSummary": {
          "code": "PATENT OWNER",
          "descriptionText": "Indicates artifact was submitted on behalf of Patent Owner.",
          "displayNameText": "Patent owner"
        },
        "artifactSummary": {
          "code": "PAPER",
          "descriptionText": "Paper"
        }
      }
    ]
  },
  {
    "proceedingAppealId": 194115,
    "appealTypeId": 1,
    "appealTypeNm": "AIA REVIEW APPEAL",
    "requestorTypeName": "petitioner",
    "userRole": "Lead Counsel",
    "appealStatusId": 2,
    "appealStatusCd": "Awaiting Decision",
    "appealNoticeDt": "2024-01-22 00:00:00.0",
    "exteralCourtDecisionBy": "CAFC",
    "proceedingId": 1554923,
    "proceedingNo": "IPR2024-00036",
    "userPartyGroupType": "patent owner",
    "filingDate": "01/22/2024",
    "appealDocuments": [
      {
        "documentNumber": 15,
        "name": "Notice of Appeal",
        "category": "PAPER",
        "fileName": "Sample.pdf",
        "filingParty": "petitioner",
        "availability": "Parties and Board",
        "documentTypeIdentifier": 252,
        "documentTypeCode": "NOT:NOA",
        "documentTypeDescription": "Notice:  notice of appeal",
        "pageCount": 1,
        "contentManagementId": "PTAB/87b05ab8-deb6-49e9-9a4d-a53cdf3095c7",
        "artifactIdentifer": "FIB4j92ruOiBJRt4d7vy35EZ2x5I8PflANPbAjvypQOOIUrCdpzAxds",
        "artifactSubmissionIdentifier": 85880711,
        "filingDate": 1705943499,
        "filingDateString": "01/22/2024",
        "fileSize": 0,
        "documentStatus": "PENDING",
        "directionCode": "INCOMING",
        "warningMessageList": [],
        "availablitySummary": {
          "code": "PRIVATE",
          "descriptionText": "Available to parties and board.",
          "displayNameText": "Parties and Board"
        },
        "roleSummary": {
          "code": "PETITIONER",
          "descriptionText": "Indicates artifact was submitted on behalf of Petitioner.",
          "displayNameText": "Petitioner"
        },
        "artifactSummary": {
          "code": "PAPER",
          "descriptionText": "Paper"
        }
      },
      {
        "name": "Exhibit 1006",
        "category": "EXHIBIT",
        "fileName": "Sample.pdf",
        "filingParty": "petitioner",
        "availability": "Public",
        "exhibitNumber": 1006,
        "pageCount": 1,
        "contentManagementId": "PTAB/c4e8e088-73d8-4afe-a727-8edd9c4a0229",
        "artifactIdentifer": "DFF4O_ojepyKMZSGNJkK6OBunqaVqbPyCMr51OSwLXGkM5AyJFgIgJU",
        "artifactSubmissionIdentifier": 85880713,
        "filingDate": 1705943499,
        "filingDateString": "01/22/2024",
        "fileSize": 0,
        "documentStatus": "PENDING",
        "directionCode": "INCOMING",
        "warningMessageList": [],
        "availablitySummary": {
          "code": "PUBLIC",
          "descriptionText": "Available for everyone.",
          "displayNameText": "Public"
        },
        "roleSummary": {
          "code": "PETITIONER",
          "descriptionText": "Indicates artifact was submitted on behalf of Petitioner.",
          "displayNameText": "Petitioner"
        },
        "artifactSummary": {
          "code": "EXHIBIT",
          "descriptionText": "Exhibit"
        }
      }
    ]
  },
  {
    "proceedingAppealId": 194115,
    "appealTypeId": 1,
    "appealTypeNm": "AIA REVIEW APPEAL",
    "requestorTypeName": "petitioner",
    "userRole": "Lead Counsel",
    "appealStatusId": 2,
    "appealStatusCd": "Awaiting Decision",
    "appealNoticeDt": "2024-01-22 00:00:00.0",
    "exteralCourtDecisionBy": "CAFC",
    "proceedingId": 1554923,
    "proceedingNo": "IPR2024-00036",
    "userPartyGroupType": "petitioner",
    "filingDate": "01/22/2024",
    "appealDocuments": [
      {
        "documentNumber": 15,
        "name": "Notice of Appeal",
        "category": "PAPER",
        "fileName": "Sample.pdf",
        "filingParty": "petitioner",
        "availability": "Parties and Board",
        "documentTypeIdentifier": 252,
        "documentTypeCode": "NOT:NOA",
        "documentTypeDescription": "Notice:  notice of appeal",
        "pageCount": 1,
        "contentManagementId": "PTAB/87b05ab8-deb6-49e9-9a4d-a53cdf3095c7",
        "artifactIdentifer": "WVDP5JGq7nep44zRkHA5mGYJSmKK7Xdf998LvcnL1_4vMfcS9vtiARg",
        "artifactSubmissionIdentifier": 85880711,
        "filingDate": 1705943499,
        "filingDateString": "01/22/2024",
        "fileSize": 0,
        "documentStatus": "PENDING",
        "directionCode": "INCOMING",
        "warningMessageList": [],
        "availablitySummary": {
          "code": "PRIVATE",
          "descriptionText": "Available to parties and board.",
          "displayNameText": "Parties and Board"
        },
        "roleSummary": {
          "code": "PETITIONER",
          "descriptionText": "Indicates artifact was submitted on behalf of Petitioner.",
          "displayNameText": "Petitioner"
        },
        "artifactSummary": {
          "code": "PAPER",
          "descriptionText": "Paper"
        }
      },
      {
        "name": "Exhibit 1006",
        "category": "EXHIBIT",
        "fileName": "Sample.pdf",
        "filingParty": "petitioner",
        "availability": "Public",
        "exhibitNumber": 1006,
        "pageCount": 1,
        "contentManagementId": "PTAB/c4e8e088-73d8-4afe-a727-8edd9c4a0229",
        "artifactIdentifer": "nkEWIW9yyk2wSVt2NTC2mOc1FteHst3OwuyMujPDAEGPkS59FcOKQAQ",
        "artifactSubmissionIdentifier": 85880713,
        "filingDate": 1705943499,
        "filingDateString": "01/22/2024",
        "fileSize": 0,
        "documentStatus": "PENDING",
        "directionCode": "INCOMING",
        "warningMessageList": [],
        "availablitySummary": {
          "code": "PUBLIC",
          "descriptionText": "Available for everyone.",
          "displayNameText": "Public"
        },
        "roleSummary": {
          "code": "PETITIONER",
          "descriptionText": "Indicates artifact was submitted on behalf of Petitioner.",
          "displayNameText": "Petitioner"
        },
        "artifactSummary": {
          "code": "EXHIBIT",
          "descriptionText": "Exhibit"
        }
      }
    ]
  },
  {
    "proceedingAppealId": 194117,
    "appealTypeId": 1,
    "appealTypeNm": "AIA REVIEW APPEAL",
    "requestorTypeName": "patent owner",
    "userRole": "Lead Counsel",
    "appealStatusId": 2,
    "appealStatusCd": "Awaiting Decision",
    "appealNoticeDt": "2024-01-23 00:00:00.0",
    "exteralCourtDecisionBy": "CAFC",
    "proceedingId": 1554940,
    "proceedingNo": "IPR2024-00045",
    "userPartyGroupType": "patent owner",
    "filingDate": "01/23/2024",
    "appealDocuments": [
      {
        "name": "ex 2007",
        "category": "EXHIBIT",
        "fileName": "Lorem Ipsum.pdf",
        "filingParty": "patent owner",
        "availability": "Filing Party and Board",
        "exhibitNumber": 2007,
        "pageCount": 2,
        "contentManagementId": "PTAB/f29d1621-805a-44cd-adab-f37cfa3ce1c7",
        "artifactIdentifer": "1193-ppqTRIjS2pkbjrKZ6jKd5ZYYPXQeC4YFZUAD8X1gTDKdTW32iE",
        "artifactSubmissionIdentifier": 85880825,
        "filingDate": 1706030988,
        "filingDateString": "01/23/2024",
        "fileSize": 0,
        "documentStatus": "PENDING",
        "directionCode": "INCOMING",
        "warningMessageList": [],
        "availablitySummary": {
          "code": "CONFIDENTIAL",
          "descriptionText": "Available to filing party and board.",
          "displayNameText": "Filing Party and Board"
        },
        "roleSummary": {
          "code": "PATENT OWNER",
          "descriptionText": "Indicates artifact was submitted on behalf of Patent Owner.",
          "displayNameText": "Patent owner"
        },
        "artifactSummary": {
          "code": "EXHIBIT",
          "descriptionText": "Exhibit"
        }
      },
      {
        "documentNumber": 17,
        "name": "NOA updated",
        "category": "PAPER",
        "fileName": "Test.pdf",
        "filingParty": "patent owner",
        "availability": "Public",
        "documentTypeIdentifier": 252,
        "documentTypeCode": "NOT:NOA",
        "documentTypeDescription": "Notice:  notice of appeal",
        "pageCount": 1,
        "contentManagementId": "PTAB/1c80887f-016f-45db-a7e1-b248ec72e1d8",
        "artifactIdentifer": "e7fElX7qPhqvLd1x1F6FQqPgsVYtE87B1OXSf4bYmpw5g_737lV7xCw",
        "artifactSubmissionIdentifier": 85880826,
        "filingDate": 1706030988,
        "filingDateString": "01/23/2024",
        "fileSize": 0,
        "documentStatus": "PENDING",
        "directionCode": "INCOMING",
        "warningMessageList": [],
        "availablitySummary": {
          "code": "PUBLIC",
          "descriptionText": "Available for everyone.",
          "displayNameText": "Public"
        },
        "roleSummary": {
          "code": "PATENT OWNER",
          "descriptionText": "Indicates artifact was submitted on behalf of Patent Owner.",
          "displayNameText": "Patent owner"
        },
        "artifactSummary": {
          "code": "PAPER",
          "descriptionText": "Paper"
        }
      }
    ]
  },
  {
    "proceedingAppealId": 194119,
    "appealTypeId": 1,
    "appealTypeNm": "AIA REVIEW APPEAL",
    "requestorTypeName": "petitioner",
    "userRole": "Staff",
    "appealStatusId": 2,
    "appealStatusCd": "Awaiting Decision",
    "appealNoticeDt": "2024-01-31 00:00:00.0",
    "exteralCourtDecisionBy": "CAFC",
    "proceedingId": 1554966,
    "proceedingNo": "IPR2024-00060",
    "userPartyGroupType": "patent owner",
    "filingDate": "01/31/2024",
    "appealDocuments": [
      {
        "documentNumber": 35,
        "name": "NOA",
        "category": "PAPER",
        "fileName": "Sample_1.pdf",
        "filingParty": "petitioner",
        "availability": "Parties and Board",
        "documentTypeIdentifier": 252,
        "documentTypeCode": "NOT:NOA",
        "documentTypeDescription": "Notice:  notice of appeal",
        "pageCount": 1,
        "contentManagementId": "PTAB/8c16771f-5deb-419e-8f0b-99e58245c3bd",
        "artifactIdentifer": "__Q8wrND63WjO98tJxGklBErIhxIK2pMgsDEDfyQHM4DCpRUc4LvCAY",
        "artifactSubmissionIdentifier": 85881453,
        "filingDate": 1706725185,
        "filingDateString": "01/31/2024",
        "fileSize": 0,
        "documentStatus": "PENDING",
        "directionCode": "INCOMING",
        "warningMessageList": [],
        "availablitySummary": {
          "code": "PRIVATE",
          "descriptionText": "Available to parties and board.",
          "displayNameText": "Parties and Board"
        },
        "roleSummary": {
          "code": "PETITIONER",
          "descriptionText": "Indicates artifact was submitted on behalf of Petitioner.",
          "displayNameText": "Petitioner"
        },
        "artifactSummary": {
          "code": "PAPER",
          "descriptionText": "Paper"
        }
      },
      {
        "name": "Exhibit 1010",
        "category": "EXHIBIT",
        "fileName": "Sample_2.pdf",
        "filingParty": "petitioner",
        "availability": "Filing Party and Board",
        "exhibitNumber": 1010,
        "pageCount": 1,
        "artifactSubmissionIdentifier": 85881454,
        "filingDate": 1706725185,
        "filingDateString": "01/31/2024",
        "fileSize": 0,
        "documentStatus": "PENDING",
        "directionCode": "INCOMING",
        "warningMessageList": [],
        "availablitySummary": {
          "code": "CONFIDENTIAL",
          "descriptionText": "Available to filing party and board.",
          "displayNameText": "Filing Party and Board"
        },
        "roleSummary": {
          "code": "PETITIONER",
          "descriptionText": "Indicates artifact was submitted on behalf of Petitioner.",
          "displayNameText": "Petitioner"
        },
        "artifactSummary": {
          "code": "EXHIBIT",
          "descriptionText": "Exhibit"
        }
      }
    ]
  },
  {
    "proceedingAppealId": 194116,
    "appealTypeId": 1,
    "appealTypeNm": "AIA REVIEW APPEAL",
    "requestorTypeName": "patent owner",
    "userRole": "Lead Counsel",
    "appealStatusId": 2,
    "appealStatusCd": "Awaiting Decision",
    "appealNoticeDt": "2024-01-22 00:00:00.0",
    "exteralCourtDecisionBy": "CAFC",
    "proceedingId": 1554923,
    "proceedingNo": "IPR2024-00036",
    "userPartyGroupType": "petitioner",
    "filingDate": "01/22/2024",
    "appealDocuments": [
      {
        "documentNumber": 16,
        "name": "test",
        "category": "PAPER",
        "fileName": "Test.pdf",
        "filingParty": "patent owner",
        "availability": "Parties and Board",
        "documentTypeIdentifier": 252,
        "documentTypeCode": "NOT:NOA",
        "documentTypeDescription": "Notice:  notice of appeal",
        "pageCount": 1,
        "contentManagementId": "PTAB/2d029f28-583a-438c-b262-68818fd39a98",
        "artifactIdentifer": "8oxzAjuPF4n1hVfYUptsFIiNIAAYWN25dSy26gB9x8yS3LAVZuX9Y84",
        "artifactSubmissionIdentifier": 85880763,
        "filingDate": 1705956821,
        "filingDateString": "01/22/2024",
        "fileSize": 0,
        "documentStatus": "PENDING",
        "directionCode": "INCOMING",
        "warningMessageList": [],
        "availablitySummary": {
          "code": "PRIVATE",
          "descriptionText": "Available to parties and board.",
          "displayNameText": "Parties and Board"
        },
        "roleSummary": {
          "code": "PATENT OWNER",
          "descriptionText": "Indicates artifact was submitted on behalf of Patent Owner.",
          "displayNameText": "Patent owner"
        },
        "artifactSummary": {
          "code": "PAPER",
          "descriptionText": "Paper"
        }
      }
    ]
  },
  {
    "proceedingAppealId": 194116,
    "appealTypeId": 1,
    "appealTypeNm": "AIA REVIEW APPEAL",
    "requestorTypeName": "patent owner",
    "userRole": "Lead Counsel",
    "appealStatusId": 2,
    "appealStatusCd": "Awaiting Decision",
    "appealNoticeDt": "2024-01-22 00:00:00.0",
    "exteralCourtDecisionBy": "CAFC",
    "proceedingId": 1554923,
    "proceedingNo": "IPR2024-00036",
    "userPartyGroupType": "patent owner",
    "filingDate": "01/22/2024",
    "appealDocuments": [
      {
        "documentNumber": 16,
        "name": "test",
        "category": "PAPER",
        "fileName": "Test.pdf",
        "filingParty": "patent owner",
        "availability": "Parties and Board",
        "documentTypeIdentifier": 252,
        "documentTypeCode": "NOT:NOA",
        "documentTypeDescription": "Notice:  notice of appeal",
        "pageCount": 1,
        "contentManagementId": "PTAB/2d029f28-583a-438c-b262-68818fd39a98",
        "artifactIdentifer": "SuoNpAqc56RH3Q45VIKcKUhVDW6Y0c7GsU82GIsUOpvx8LURNx2b5-g",
        "artifactSubmissionIdentifier": 85880763,
        "filingDate": 1705956821,
        "filingDateString": "01/22/2024",
        "fileSize": 0,
        "documentStatus": "PENDING",
        "directionCode": "INCOMING",
        "warningMessageList": [],
        "availablitySummary": {
          "code": "PRIVATE",
          "descriptionText": "Available to parties and board.",
          "displayNameText": "Parties and Board"
        },
        "roleSummary": {
          "code": "PATENT OWNER",
          "descriptionText": "Indicates artifact was submitted on behalf of Patent Owner.",
          "displayNameText": "Patent owner"
        },
        "artifactSummary": {
          "code": "PAPER",
          "descriptionText": "Paper"
        }
      }
    ]
  },
  {
    "proceedingAppealId": 194120,
    "appealTypeId": 1,
    "appealTypeNm": "AIA REVIEW APPEAL",
    "requestorTypeName": "patent owner",
    "userRole": "Lead Counsel",
    "appealStatusId": 2,
    "appealStatusCd": "Awaiting Decision",
    "appealNoticeDt": "2024-01-31 00:00:00.0",
    "courtDecisionDt": "2024-02-01 00:00:00.0",
    "courtMandateDt": "2024-02-20 00:00:00.0",
    "exteralCourtDecisionBy": "CAFC",
    "proceedingId": 1555016,
    "proceedingNo": "IPR2024-00100",
    "userPartyGroupType": "petitioner",
    "filingDate": "01/31/2024",
    "appealDocuments": [
      {
        "documentNumber": 22,
        "name": "NOA",
        "category": "PAPER",
        "fileName": "Sample.pdf",
        "filingParty": "patent owner",
        "availability": "Public",
        "documentTypeIdentifier": 252,
        "documentTypeCode": "NOT:NOA",
        "documentTypeDescription": "Notice:  notice of appeal",
        "pageCount": 1,
        "contentManagementId": "PTAB/cac5ffde-315d-4c57-96b7-ec8c6649c238",
        "artifactIdentifer": "2VolEUTHYHlcyOkCQ_QMoN3yGsJv3tsGKRvZoax_KRNAZYmC_8ZKgzE",
        "artifactSubmissionIdentifier": 85881569,
        "filingDate": 1706734802,
        "filingDateString": "01/31/2024",
        "fileSize": 0,
        "documentStatus": "PENDING",
        "directionCode": "INCOMING",
        "warningMessageList": [],
        "availablitySummary": {
          "code": "PUBLIC",
          "descriptionText": "Available for everyone.",
          "displayNameText": "Public"
        },
        "roleSummary": {
          "code": "PATENT OWNER",
          "descriptionText": "Indicates artifact was submitted on behalf of Patent Owner.",
          "displayNameText": "Patent owner"
        },
        "artifactSummary": {
          "code": "PAPER",
          "descriptionText": "Paper"
        }
      },
      {
        "name": "Exhibit 2023",
        "category": "EXHIBIT",
        "fileName": "Sample_1.pdf",
        "filingParty": "patent owner",
        "availability": "Parties and Board",
        "exhibitNumber": 2023,
        "pageCount": 1,
        "contentManagementId": "PTAB/4338c8f4-617c-4c9f-bb1a-d7432d03ac8e",
        "artifactIdentifer": "23_m2I5kxvmwesd1avJtDD5g3j4P5I6AV57TXNtGgu2w2eZs9g5yb14",
        "artifactSubmissionIdentifier": 85881570,
        "filingDate": 1706734802,
        "filingDateString": "01/31/2024",
        "fileSize": 0,
        "documentStatus": "PENDING",
        "directionCode": "INCOMING",
        "warningMessageList": [],
        "availablitySummary": {
          "code": "PRIVATE",
          "descriptionText": "Available to parties and board.",
          "displayNameText": "Parties and Board"
        },
        "roleSummary": {
          "code": "PATENT OWNER",
          "descriptionText": "Indicates artifact was submitted on behalf of Patent Owner.",
          "displayNameText": "Patent owner"
        },
        "artifactSummary": {
          "code": "EXHIBIT",
          "descriptionText": "Exhibit"
        }
      },
      {
        "name": "Exhibit 2024",
        "category": "EXHIBIT",
        "fileName": "Sample_1.pdf",
        "filingParty": "patent owner",
        "availability": "Filing Party and Board",
        "exhibitNumber": 2024,
        "pageCount": 1,
        "artifactSubmissionIdentifier": 85881572,
        "filingDate": 1706734802,
        "filingDateString": "01/31/2024",
        "fileSize": 0,
        "documentStatus": "PENDING",
        "directionCode": "INCOMING",
        "warningMessageList": [],
        "availablitySummary": {
          "code": "CONFIDENTIAL",
          "descriptionText": "Available to filing party and board.",
          "displayNameText": "Filing Party and Board"
        },
        "roleSummary": {
          "code": "PATENT OWNER",
          "descriptionText": "Indicates artifact was submitted on behalf of Patent Owner.",
          "displayNameText": "Patent owner"
        },
        "artifactSummary": {
          "code": "EXHIBIT",
          "descriptionText": "Exhibit"
        }
      },
      {
        "name": "Exhibit 2025",
        "category": "EXHIBIT",
        "fileName": "Sample_2.pdf",
        "filingParty": "patent owner",
        "availability": "Board ",
        "exhibitNumber": 2025,
        "pageCount": 1,
        "artifactSubmissionIdentifier": 85881574,
        "filingDate": 1706734802,
        "filingDateString": "01/31/2024",
        "fileSize": 0,
        "documentStatus": "PENDING",
        "directionCode": "INCOMING",
        "warningMessageList": [],
        "availablitySummary": {
          "code": "BOARD",
          "descriptionText": "Available only to board.",
          "displayNameText": "Board "
        },
        "roleSummary": {
          "code": "PATENT OWNER",
          "descriptionText": "Indicates artifact was submitted on behalf of Patent Owner.",
          "displayNameText": "Patent owner"
        },
        "artifactSummary": {
          "code": "EXHIBIT",
          "descriptionText": "Exhibit"
        }
      }
    ]
  }
]
