[
  {
    "proceedingAppealId": 194117,
    "appealTypeId": 1,
    "appealTypeNm": "AIA REVIEW APPEAL",
    "requestorTypeName": "patent owner",
    "userRole": "Lead Counsel",
    "appealStatusId": 2,
    "appealStatusCd": "Awaiting Decision",
    "appealNoticeDt": "2024-01-23 00:00:00.0",
    "exteralCourtDecisionBy": "CAFC",
    "proceedingId": 1554940,
    "proceedingNo": "IPR2024-00045",
    "userPartyGroupType": "petitioner",
    "filingDate": "01/23/2024",
    "appealDocuments": [
      {
        "name": "ex 2007",
        "category": "EXHIBIT",
        "fileName": "Lorem Ipsum.pdf",
        "filingParty": "patent owner",
        "availability": "Filing Party and Board",
        "exhibitNumber": 2007,
        "pageCount": 2,
        "artifactSubmissionIdentifier": 85880825,
        "filingDate": 1706030988,
        "filingDateString": "01/23/2024",
        "fileSize": 0,
        "documentStatus": "PENDING",
        "directionCode": "INCOMING",
        "warningMessageList": [],
        "availablitySummary": {
          "code": "CONFIDENTIAL",
          "descriptionText": "Available to filing party and board.",
          "displayNameText": "Filing Party and Board"
        },
        "roleSummary": {
          "code": "PATENT OWNER",
          "descriptionText": "Indicates artifact was submitted on behalf of Patent Owner.",
          "displayNameText": "Patent owner"
        },
        "artifactSummary": {
          "code": "EXHIBIT",
          "descriptionText": "Exhibit"
        }
      },
      {
        "documentNumber": 17,
        "name": "NOA updated",
        "category": "PAPER",
        "fileName": "Test.pdf",
        "filingParty": "patent owner",
        "availability": "Public",
        "documentTypeIdentifier": 252,
        "documentTypeCode": "NOT:NOA",
        "documentTypeDescription": "Notice:  notice of appeal",
        "pageCount": 1,
        "contentManagementId": "PTAB/1c80887f-016f-45db-a7e1-b248ec72e1d8",
        "artifactIdentifer": "ZbXhZXScUfHhMCQ5_PDBy2kWCzZg-VEMLf7r4nw9eMddfKIZIyhW0-k",
        "artifactSubmissionIdentifier": 85880826,
        "filingDate": 1706030988,
        "filingDateString": "01/23/2024",
        "fileSize": 0,
        "documentStatus": "PENDING",
        "directionCode": "INCOMING",
        "warningMessageList": [],
        "availablitySummary": {
          "code": "PUBLIC",
          "descriptionText": "Available for everyone.",
          "displayNameText": "Public"
        },
        "roleSummary": {
          "code": "PATENT OWNER",
          "descriptionText": "Indicates artifact was submitted on behalf of Patent Owner.",
          "displayNameText": "Patent owner"
        },
        "artifactSummary": {
          "code": "PAPER",
          "descriptionText": "Paper"
        }
      }
    ]
  },
  {
    "proceedingAppealId": 194115,
    "appealTypeId": 1,
    "appealTypeNm": "AIA REVIEW APPEAL",
    "requestorTypeName": "petitioner",
    "userRole": "Lead Counsel",
    "appealStatusId": 2,
    "appealStatusCd": "Awaiting Decision",
    "appealNoticeDt": "2024-01-22 00:00:00.0",
    "exteralCourtDecisionBy": "CAFC",
    "proceedingId": 1554923,
    "proceedingNo": "IPR2024-00036",
    "userPartyGroupType": "patent owner",
    "filingDate": "01/22/2024",
    "appealDocuments": [
      {
        "documentNumber": 15,
        "name": "Notice of Appeal",
        "category": "PAPER",
        "fileName": "Sample.pdf",
        "filingParty": "petitioner",
        "availability": "Parties and Board",
        "documentTypeIdentifier": 252,
        "documentTypeCode": "NOT:NOA",
        "documentTypeDescription": "Notice:  notice of appeal",
        "pageCount": 1,
        "contentManagementId": "PTAB/87b05ab8-deb6-49e9-9a4d-a53cdf3095c7",
        "artifactIdentifer": "_eqV_T_Fj9I8Wo7w7SsqjSB4WdNFrhlJIs5SSeCBbAk2tWN0EWaeRpw",
        "artifactSubmissionIdentifier": 85880711,
        "filingDate": 1705943499,
        "filingDateString": "01/22/2024",
        "fileSize": 0,
        "documentStatus": "PENDING",
        "directionCode": "INCOMING",
        "warningMessageList": [],
        "availablitySummary": {
          "code": "PRIVATE",
          "descriptionText": "Available to parties and board.",
          "displayNameText": "Parties and Board"
        },
        "roleSummary": {
          "code": "PETITIONER",
          "descriptionText": "Indicates artifact was submitted on behalf of Petitioner.",
          "displayNameText": "Petitioner"
        },
        "artifactSummary": {
          "code": "PAPER",
          "descriptionText": "Paper"
        }
      },
      {
        "name": "Exhibit 1006",
        "category": "EXHIBIT",
        "fileName": "Sample.pdf",
        "filingParty": "petitioner",
        "availability": "Public",
        "exhibitNumber": 1006,
        "pageCount": 1,
        "contentManagementId": "PTAB/c4e8e088-73d8-4afe-a727-8edd9c4a0229",
        "artifactIdentifer": "n8Zewa7j_e8IYmEM_krLVr7_od_5gMmobWCuG6X0YJ7HHsXOGPJSIyU",
        "artifactSubmissionIdentifier": 85880713,
        "filingDate": 1705943499,
        "filingDateString": "01/22/2024",
        "fileSize": 0,
        "documentStatus": "PENDING",
        "directionCode": "INCOMING",
        "warningMessageList": [],
        "availablitySummary": {
          "code": "PUBLIC",
          "descriptionText": "Available for everyone.",
          "displayNameText": "Public"
        },
        "roleSummary": {
          "code": "PETITIONER",
          "descriptionText": "Indicates artifact was submitted on behalf of Petitioner.",
          "displayNameText": "Petitioner"
        },
        "artifactSummary": {
          "code": "EXHIBIT",
          "descriptionText": "Exhibit"
        }
      }
    ]
  },
  {
    "proceedingAppealId": 194115,
    "appealTypeId": 1,
    "appealTypeNm": "AIA REVIEW APPEAL",
    "requestorTypeName": "petitioner",
    "userRole": "Lead Counsel",
    "appealStatusId": 2,
    "appealStatusCd": "Awaiting Decision",
    "appealNoticeDt": "2024-01-22 00:00:00.0",
    "exteralCourtDecisionBy": "CAFC",
    "proceedingId": 1554923,
    "proceedingNo": "IPR2024-00036",
    "userPartyGroupType": "petitioner",
    "filingDate": "01/22/2024",
    "appealDocuments": [
      {
        "documentNumber": 15,
        "name": "Notice of Appeal",
        "category": "PAPER",
        "fileName": "Sample.pdf",
        "filingParty": "petitioner",
        "availability": "Parties and Board",
        "documentTypeIdentifier": 252,
        "documentTypeCode": "NOT:NOA",
        "documentTypeDescription": "Notice:  notice of appeal",
        "pageCount": 1,
        "contentManagementId": "PTAB/87b05ab8-deb6-49e9-9a4d-a53cdf3095c7",
        "artifactIdentifer": "RAPWADiE-Zh4U6hIFglqvYMaDurJ3PE0xq3WU_0VSJGB9m5scl0Ow28",
        "artifactSubmissionIdentifier": 85880711,
        "filingDate": 1705943499,
        "filingDateString": "01/22/2024",
        "fileSize": 0,
        "documentStatus": "PENDING",
        "directionCode": "INCOMING",
        "warningMessageList": [],
        "availablitySummary": {
          "code": "PRIVATE",
          "descriptionText": "Available to parties and board.",
          "displayNameText": "Parties and Board"
        },
        "roleSummary": {
          "code": "PETITIONER",
          "descriptionText": "Indicates artifact was submitted on behalf of Petitioner.",
          "displayNameText": "Petitioner"
        },
        "artifactSummary": {
          "code": "PAPER",
          "descriptionText": "Paper"
        }
      },
      {
        "name": "Exhibit 1006",
        "category": "EXHIBIT",
        "fileName": "Sample.pdf",
        "filingParty": "petitioner",
        "availability": "Public",
        "exhibitNumber": 1006,
        "pageCount": 1,
        "contentManagementId": "PTAB/c4e8e088-73d8-4afe-a727-8edd9c4a0229",
        "artifactIdentifer": "r_xvUBwA4Yksimsz1O5HM5ej9j5UbNrENMmc4Yqhdpm-JUcLfe68o_Y",
        "artifactSubmissionIdentifier": 85880713,
        "filingDate": 1705943499,
        "filingDateString": "01/22/2024",
        "fileSize": 0,
        "documentStatus": "PENDING",
        "directionCode": "INCOMING",
        "warningMessageList": [],
        "availablitySummary": {
          "code": "PUBLIC",
          "descriptionText": "Available for everyone.",
          "displayNameText": "Public"
        },
        "roleSummary": {
          "code": "PETITIONER",
          "descriptionText": "Indicates artifact was submitted on behalf of Petitioner.",
          "displayNameText": "Petitioner"
        },
        "artifactSummary": {
          "code": "EXHIBIT",
          "descriptionText": "Exhibit"
        }
      }
    ]
  },
  {
    "proceedingAppealId": 194117,
    "appealTypeId": 1,
    "appealTypeNm": "AIA REVIEW APPEAL",
    "requestorTypeName": "patent owner",
    "userRole": "Lead Counsel",
    "appealStatusId": 2,
    "appealStatusCd": "Awaiting Decision",
    "appealNoticeDt": "2024-01-23 00:00:00.0",
    "exteralCourtDecisionBy": "CAFC",
    "proceedingId": 1554940,
    "proceedingNo": "IPR2024-00045",
    "userPartyGroupType": "patent owner",
    "filingDate": "01/23/2024",
    "appealDocuments": [
      {
        "name": "ex 2007",
        "category": "EXHIBIT",
        "fileName": "Lorem Ipsum.pdf",
        "filingParty": "patent owner",
        "availability": "Filing Party and Board",
        "exhibitNumber": 2007,
        "pageCount": 2,
        "contentManagementId": "PTAB/f29d1621-805a-44cd-adab-f37cfa3ce1c7",
        "artifactIdentifer": "acCLQJ7v8rLHOQ6vfSaR0eRIFcAXEQIqb8pFPrLvE6nUblo8rZshRLs",
        "artifactSubmissionIdentifier": 85880825,
        "filingDate": 1706030988,
        "filingDateString": "01/23/2024",
        "fileSize": 0,
        "documentStatus": "PENDING",
        "directionCode": "INCOMING",
        "warningMessageList": [],
        "availablitySummary": {
          "code": "CONFIDENTIAL",
          "descriptionText": "Available to filing party and board.",
          "displayNameText": "Filing Party and Board"
        },
        "roleSummary": {
          "code": "PATENT OWNER",
          "descriptionText": "Indicates artifact was submitted on behalf of Patent Owner.",
          "displayNameText": "Patent owner"
        },
        "artifactSummary": {
          "code": "EXHIBIT",
          "descriptionText": "Exhibit"
        }
      },
      {
        "documentNumber": 17,
        "name": "NOA updated",
        "category": "PAPER",
        "fileName": "Test.pdf",
        "filingParty": "patent owner",
        "availability": "Public",
        "documentTypeIdentifier": 252,
        "documentTypeCode": "NOT:NOA",
        "documentTypeDescription": "Notice:  notice of appeal",
        "pageCount": 1,
        "contentManagementId": "PTAB/1c80887f-016f-45db-a7e1-b248ec72e1d8",
        "artifactIdentifer": "9yV4bemzhblufPkI2fX8FFKP5OCYo66bQzcRM6nSz1c57sLeo8O7-6Q",
        "artifactSubmissionIdentifier": 85880826,
        "filingDate": 1706030988,
        "filingDateString": "01/23/2024",
        "fileSize": 0,
        "documentStatus": "PENDING",
        "directionCode": "INCOMING",
        "warningMessageList": [],
        "availablitySummary": {
          "code": "PUBLIC",
          "descriptionText": "Available for everyone.",
          "displayNameText": "Public"
        },
        "roleSummary": {
          "code": "PATENT OWNER",
          "descriptionText": "Indicates artifact was submitted on behalf of Patent Owner.",
          "displayNameText": "Patent owner"
        },
        "artifactSummary": {
          "code": "PAPER",
          "descriptionText": "Paper"
        }
      }
    ]
  },
  {
    "proceedingAppealId": 194119,
    "appealTypeId": 1,
    "appealTypeNm": "AIA REVIEW APPEAL",
    "requestorTypeName": "petitioner",
    "userRole": "Staff",
    "appealStatusId": 2,
    "appealStatusCd": "Awaiting Decision",
    "appealNoticeDt": "2024-01-31 00:00:00.0",
    "exteralCourtDecisionBy": "CAFC",
    "proceedingId": 1554966,
    "proceedingNo": "IPR2024-00060",
    "userPartyGroupType": "patent owner",
    "filingDate": "01/31/2024",
    "appealDocuments": [
      {
        "documentNumber": 35,
        "name": "NOA",
        "category": "PAPER",
        "fileName": "Sample_1.pdf",
        "filingParty": "petitioner",
        "availability": "Parties and Board",
        "documentTypeIdentifier": 252,
        "documentTypeCode": "NOT:NOA",
        "documentTypeDescription": "Notice:  notice of appeal",
        "pageCount": 1,
        "contentManagementId": "PTAB/8c16771f-5deb-419e-8f0b-99e58245c3bd",
        "artifactIdentifer": "lWUte9v7JC_rpV9dPhWbkvC9-74ASn-8vj8aa6cGoIModORnKavmR1s",
        "artifactSubmissionIdentifier": 85881453,
        "filingDate": 1706725185,
        "filingDateString": "01/31/2024",
        "fileSize": 0,
        "documentStatus": "PENDING",
        "directionCode": "INCOMING",
        "warningMessageList": [],
        "availablitySummary": {
          "code": "PRIVATE",
          "descriptionText": "Available to parties and board.",
          "displayNameText": "Parties and Board"
        },
        "roleSummary": {
          "code": "PETITIONER",
          "descriptionText": "Indicates artifact was submitted on behalf of Petitioner.",
          "displayNameText": "Petitioner"
        },
        "artifactSummary": {
          "code": "PAPER",
          "descriptionText": "Paper"
        }
      },
      {
        "name": "Exhibit 1010",
        "category": "EXHIBIT",
        "fileName": "Sample_2.pdf",
        "filingParty": "petitioner",
        "availability": "Filing Party and Board",
        "exhibitNumber": 1010,
        "pageCount": 1,
        "artifactSubmissionIdentifier": 85881454,
        "filingDate": 1706725185,
        "filingDateString": "01/31/2024",
        "fileSize": 0,
        "documentStatus": "PENDING",
        "directionCode": "INCOMING",
        "warningMessageList": [],
        "availablitySummary": {
          "code": "CONFIDENTIAL",
          "descriptionText": "Available to filing party and board.",
          "displayNameText": "Filing Party and Board"
        },
        "roleSummary": {
          "code": "PETITIONER",
          "descriptionText": "Indicates artifact was submitted on behalf of Petitioner.",
          "displayNameText": "Petitioner"
        },
        "artifactSummary": {
          "code": "EXHIBIT",
          "descriptionText": "Exhibit"
        }
      }
    ]
  },
  {
    "proceedingAppealId": 194116,
    "appealTypeId": 1,
    "appealTypeNm": "AIA REVIEW APPEAL",
    "requestorTypeName": "patent owner",
    "userRole": "Lead Counsel",
    "appealStatusId": 2,
    "appealStatusCd": "Awaiting Decision",
    "appealNoticeDt": "2024-01-22 00:00:00.0",
    "exteralCourtDecisionBy": "CAFC",
    "proceedingId": 1554923,
    "proceedingNo": "IPR2024-00036",
    "userPartyGroupType": "petitioner",
    "filingDate": "01/22/2024",
    "appealDocuments": [
      {
        "documentNumber": 16,
        "name": "test",
        "category": "PAPER",
        "fileName": "Test.pdf",
        "filingParty": "patent owner",
        "availability": "Parties and Board",
        "documentTypeIdentifier": 252,
        "documentTypeCode": "NOT:NOA",
        "documentTypeDescription": "Notice:  notice of appeal",
        "pageCount": 1,
        "contentManagementId": "PTAB/2d029f28-583a-438c-b262-68818fd39a98",
        "artifactIdentifer": "c2XYf4OocGaxgs6w_saoYh93cqmrEyqYz3z3ZM1QEIK3W-L2ASULmWg",
        "artifactSubmissionIdentifier": 85880763,
        "filingDate": 1705956821,
        "filingDateString": "01/22/2024",
        "fileSize": 0,
        "documentStatus": "PENDING",
        "directionCode": "INCOMING",
        "warningMessageList": [],
        "availablitySummary": {
          "code": "PRIVATE",
          "descriptionText": "Available to parties and board.",
          "displayNameText": "Parties and Board"
        },
        "roleSummary": {
          "code": "PATENT OWNER",
          "descriptionText": "Indicates artifact was submitted on behalf of Patent Owner.",
          "displayNameText": "Patent owner"
        },
        "artifactSummary": {
          "code": "PAPER",
          "descriptionText": "Paper"
        }
      }
    ]
  },
  {
    "proceedingAppealId": 194116,
    "appealTypeId": 1,
    "appealTypeNm": "AIA REVIEW APPEAL",
    "requestorTypeName": "patent owner",
    "userRole": "Lead Counsel",
    "appealStatusId": 2,
    "appealStatusCd": "Awaiting Decision",
    "appealNoticeDt": "2024-01-22 00:00:00.0",
    "exteralCourtDecisionBy": "CAFC",
    "proceedingId": 1554923,
    "proceedingNo": "IPR2024-00036",
    "userPartyGroupType": "patent owner",
    "filingDate": "01/22/2024",
    "appealDocuments": [
      {
        "documentNumber": 16,
        "name": "test",
        "category": "PAPER",
        "fileName": "Test.pdf",
        "filingParty": "patent owner",
        "availability": "Parties and Board",
        "documentTypeIdentifier": 252,
        "documentTypeCode": "NOT:NOA",
        "documentTypeDescription": "Notice:  notice of appeal",
        "pageCount": 1,
        "contentManagementId": "PTAB/2d029f28-583a-438c-b262-68818fd39a98",
        "artifactIdentifer": "12btn50ZgCa8mtuhy850gHA_1FNn3jvszjW-m_KWTumHnV8p8k457gk",
        "artifactSubmissionIdentifier": 85880763,
        "filingDate": 1705956821,
        "filingDateString": "01/22/2024",
        "fileSize": 0,
        "documentStatus": "PENDING",
        "directionCode": "INCOMING",
        "warningMessageList": [],
        "availablitySummary": {
          "code": "PRIVATE",
          "descriptionText": "Available to parties and board.",
          "displayNameText": "Parties and Board"
        },
        "roleSummary": {
          "code": "PATENT OWNER",
          "descriptionText": "Indicates artifact was submitted on behalf of Patent Owner.",
          "displayNameText": "Patent owner"
        },
        "artifactSummary": {
          "code": "PAPER",
          "descriptionText": "Paper"
        }
      }
    ]
  },
  {
    "proceedingAppealId": 194120,
    "appealTypeId": 1,
    "appealTypeNm": "AIA REVIEW APPEAL",
    "requestorTypeName": "patent owner",
    "userRole": "Lead Counsel",
    "appealStatusId": 2,
    "appealStatusCd": "Awaiting Decision",
    "appealNoticeDt": "2024-01-31 00:00:00.0",
    "courtDecisionDt": "2024-02-01 00:00:00.0",
    "courtMandateDt": "2024-02-20 00:00:00.0",
    "exteralCourtDecisionBy": "CAFC",
    "proceedingId": 1555016,
    "proceedingNo": "IPR2024-00100",
    "userPartyGroupType": "petitioner",
    "filingDate": "01/31/2024",
    "appealDocuments": [
      {
        "documentNumber": 22,
        "name": "NOA",
        "category": "PAPER",
        "fileName": "Sample.pdf",
        "filingParty": "patent owner",
        "availability": "Public",
        "documentTypeIdentifier": 252,
        "documentTypeCode": "NOT:NOA",
        "documentTypeDescription": "Notice:  notice of appeal",
        "pageCount": 1,
        "contentManagementId": "PTAB/cac5ffde-315d-4c57-96b7-ec8c6649c238",
        "artifactIdentifer": "L9nIKyjJFbGILqqeh_AHNusGHTnOEUDA7IBIUu8uAzmUXwIFJ74cID4",
        "artifactSubmissionIdentifier": 85881569,
        "filingDate": 1706734802,
        "filingDateString": "01/31/2024",
        "fileSize": 0,
        "documentStatus": "PENDING",
        "directionCode": "INCOMING",
        "warningMessageList": [],
        "availablitySummary": {
          "code": "PUBLIC",
          "descriptionText": "Available for everyone.",
          "displayNameText": "Public"
        },
        "roleSummary": {
          "code": "PATENT OWNER",
          "descriptionText": "Indicates artifact was submitted on behalf of Patent Owner.",
          "displayNameText": "Patent owner"
        },
        "artifactSummary": {
          "code": "PAPER",
          "descriptionText": "Paper"
        }
      },
      {
        "name": "Exhibit 2023",
        "category": "EXHIBIT",
        "fileName": "Sample_1.pdf",
        "filingParty": "patent owner",
        "availability": "Parties and Board",
        "exhibitNumber": 2023,
        "pageCount": 1,
        "contentManagementId": "PTAB/4338c8f4-617c-4c9f-bb1a-d7432d03ac8e",
        "artifactIdentifer": "euZoDcwOuqx-IxTRMr4BGfZVcFvVV0trRA65AT0Ei4-_tNVZvAdWlvc",
        "artifactSubmissionIdentifier": 85881570,
        "filingDate": 1706734802,
        "filingDateString": "01/31/2024",
        "fileSize": 0,
        "documentStatus": "PENDING",
        "directionCode": "INCOMING",
        "warningMessageList": [],
        "availablitySummary": {
          "code": "PRIVATE",
          "descriptionText": "Available to parties and board.",
          "displayNameText": "Parties and Board"
        },
        "roleSummary": {
          "code": "PATENT OWNER",
          "descriptionText": "Indicates artifact was submitted on behalf of Patent Owner.",
          "displayNameText": "Patent owner"
        },
        "artifactSummary": {
          "code": "EXHIBIT",
          "descriptionText": "Exhibit"
        }
      },
      {
        "name": "Exhibit 2024",
        "category": "EXHIBIT",
        "fileName": "Sample_1.pdf",
        "filingParty": "patent owner",
        "availability": "Filing Party and Board",
        "exhibitNumber": 2024,
        "pageCount": 1,
        "artifactSubmissionIdentifier": 85881572,
        "filingDate": 1706734802,
        "filingDateString": "01/31/2024",
        "fileSize": 0,
        "documentStatus": "PENDING",
        "directionCode": "INCOMING",
        "warningMessageList": [],
        "availablitySummary": {
          "code": "CONFIDENTIAL",
          "descriptionText": "Available to filing party and board.",
          "displayNameText": "Filing Party and Board"
        },
        "roleSummary": {
          "code": "PATENT OWNER",
          "descriptionText": "Indicates artifact was submitted on behalf of Patent Owner.",
          "displayNameText": "Patent owner"
        },
        "artifactSummary": {
          "code": "EXHIBIT",
          "descriptionText": "Exhibit"
        }
      },
      {
        "name": "Exhibit 2025",
        "category": "EXHIBIT",
        "fileName": "Sample_2.pdf",
        "filingParty": "patent owner",
        "availability": "Board ",
        "exhibitNumber": 2025,
        "pageCount": 1,
        "artifactSubmissionIdentifier": 85881574,
        "filingDate": 1706734802,
        "filingDateString": "01/31/2024",
        "fileSize": 0,
        "documentStatus": "PENDING",
        "directionCode": "INCOMING",
        "warningMessageList": [],
        "availablitySummary": {
          "code": "BOARD",
          "descriptionText": "Available only to board.",
          "displayNameText": "Board "
        },
        "roleSummary": {
          "code": "PATENT OWNER",
          "descriptionText": "Indicates artifact was submitted on behalf of Patent Owner.",
          "displayNameText": "Patent owner"
        },
        "artifactSummary": {
          "code": "EXHIBIT",
          "descriptionText": "Exhibit"
        }
      }
    ]
  }
]
