[
  {
    "motionId": 2730793,
    "requestorTypeId": 1,
    "requestorTypeName": "Petitioner",
    "filedDate": "2024-02-05 10:23:00.0",
    "motionTypeId": 3,
    "motionTypeNm": "Motion to Appear Pro Hac Vice",
    "motionStatusId": 5,
    "motionStatusName": "initiated",
    "proceedingId": 1554925,
    "proceedingNumber": "IPR2024-00037",
    "userPartyGroupType": "petitioner",
    "motionDocuments": [
      {
        "documentNumber": 5,
        "name": "Motion PHV test",
        "category": "PAPER",
        "fileName": "US481809.pdf",
        "filingParty": "petitioner",
        "availability": "Public",
        "documentTypeIdentifier": 215,
        "documentTypeCode": "MOT:PHV",
        "documentTypeDescription": "Motion: PHV",
        "pageCount": 7,
        "contentManagementId": "PTAB/1120a189-ad0c-4c22-8c47-407b2e685b30",
        "artifactIdentifer": "YeqhubuP37A2LyNv63spzF7BvDhSE-yJLZAM4GuklGMOFwtbJoYugds",
        "artifactSubmissionIdentifier": 85882117,
        "filingDate": 1707146880,
        "filingDateString": "02/05/2024",
        "fileSize": 0,
        "documentStatus": "PENDING",
        "directionCode": "INCOMING",
        "warningMessageList": [],
        "availablitySummary": {
          "code": "PUBLIC",
          "descriptionText": "Available for everyone.",
          "displayNameText": "Public"
        },
        "roleSummary": {
          "code": "PETITIONER",
          "descriptionText": "Indicates artifact was submitted on behalf of Petitioner.",
          "displayNameText": "Petitioner"
        },
        "artifactSummary": {
          "code": "PAPER",
          "descriptionText": "Paper"
        }
      }
    ],
    "artifactRoleName": "PETITIONER",
    "artifactContent": [
      {
        "documentName": "Motion PHV test",
        "paperNumber": 5
      }
    ]
  },
  {
    "motionId": 2730668,
    "requestorTypeId": 2,
    "requestorTypeName": "Patent Owner",
    "filedDate": "2024-01-31 15:46:00.0",
    "motionTypeId": 3,
    "motionTypeNm": "Motion to Appear Pro Hac Vice",
    "motionStatusId": 5,
    "motionStatusName": "initiated",
    "proceedingId": 1555017,
    "proceedingNumber": "PGR2024-00025",
    "userPartyGroupType": "patent owner",
    "motionDocuments": [
      {
        "documentNumber": 14,
        "name": "motion phv",
        "category": "PAPER",
        "fileName": "TestformotionshyperlinkCopy.pdf",
        "filingParty": "patent owner",
        "availability": "Parties and Board",
        "documentTypeIdentifier": 215,
        "documentTypeCode": "MOT:PHV",
        "documentTypeDescription": "Motion: PHV",
        "pageCount": 1,
        "contentManagementId": "PTAB/2133973f-3068-4a31-941c-73a8e0025c20",
        "artifactIdentifer": "BHHi_tnKy1ayfuYJ1NhmA8vBY6FAU2ViNqiSD-cW_ZTHkWm588oiW4Y",
        "artifactSubmissionIdentifier": 85881543,
        "filingDate": 1706734060,
        "filingDateString": "01/31/2024",
        "fileSize": 0,
        "documentStatus": "PENDING",
        "directionCode": "INCOMING",
        "warningMessageList": [],
        "availablitySummary": {
          "code": "PRIVATE",
          "descriptionText": "Available to parties and board.",
          "displayNameText": "Parties and Board"
        },
        "roleSummary": {
          "code": "PATENT OWNER",
          "descriptionText": "Indicates artifact was submitted on behalf of Patent Owner.",
          "displayNameText": "Patent owner"
        },
        "artifactSummary": {
          "code": "PAPER",
          "descriptionText": "Paper"
        }
      },
      {
        "name": "ex 2003 updated to FP&B",
        "category": "EXHIBIT",
        "fileName": "TestformotionshyperlinkCopy.pdf",
        "filingParty": "patent owner",
        "availability": "Filing Party and Board",
        "exhibitNumber": 2003,
        "pageCount": 1,
        "contentManagementId": "PTAB/d07d9030-629c-4daa-9295-682d4dd969f4",
        "artifactIdentifer": "MU6Dm9FgPu93rlEbx5gCOFHgveSS-e-NbcqX61gntDzn3aCYoK5WSCI",
        "artifactSubmissionIdentifier": 85881544,
        "filingDate": 1706734060,
        "filingDateString": "01/31/2024",
        "fileSize": 0,
        "documentStatus": "PENDING",
        "directionCode": "INCOMING",
        "warningMessageList": [],
        "availablitySummary": {
          "code": "CONFIDENTIAL",
          "descriptionText": "Available to filing party and board.",
          "displayNameText": "Filing Party and Board"
        },
        "roleSummary": {
          "code": "PATENT OWNER",
          "descriptionText": "Indicates artifact was submitted on behalf of Patent Owner.",
          "displayNameText": "Patent owner"
        },
        "artifactSummary": {
          "code": "EXHIBIT",
          "descriptionText": "Exhibit"
        }
      }
    ],
    "artifactRoleName": "PATENT OWNER",
    "artifactContent": [
      {
        "documentName": "ex 2003 updated to FP&B",
        "exhibitNumber": 2003
      },
      {
        "documentName": "motion phv",
        "paperNumber": 14
      }
    ]
  },
  {
    "motionId": 2730798,
    "requestorTypeId": 1,
    "requestorTypeName": "Petitioner",
    "filedDate": "2024-02-05 10:49:00.0",
    "motionTypeId": 3,
    "motionTypeNm": "Motion to Appear Pro Hac Vice",
    "motionStatusId": 5,
    "motionStatusName": "initiated",
    "proceedingId": 1555049,
    "proceedingNumber": "IPR2024-00119",
    "userPartyGroupType": "petitioner",
    "motionDocuments": [
      {
        "name": "phv at 10:50",
        "category": "PAPER",
        "fileName": "TestformotionshyperlinkCopy.pdf",
        "filingParty": "petitioner",
        "availability": "Parties and Board",
        "documentTypeIdentifier": 215,
        "documentTypeCode": "MOT:PHV",
        "documentTypeDescription": "Motion: PHV",
        "pageCount": 1,
        "contentManagementId": "PTAB/1cb31795-170f-4822-83d3-548d159a3da6",
        "artifactIdentifer": "vdXOOvfi0ZLL2RNEAQDQ01D7erMkjL-zhzhz4k7mSP8L7YKyxrS0rDY",
        "artifactSubmissionIdentifier": 85882130,
        "filingDate": 1707148140,
        "filingDateString": "02/05/2024",
        "fileSize": 0,
        "documentStatus": "INITIATED",
        "directionCode": "INCOMING",
        "warningMessageList": [],
        "availablitySummary": {
          "code": "PRIVATE",
          "descriptionText": "Available to parties and board.",
          "displayNameText": "Parties and Board"
        },
        "roleSummary": {
          "code": "PETITIONER",
          "descriptionText": "Indicates artifact was submitted on behalf of Petitioner.",
          "displayNameText": "Petitioner"
        },
        "artifactSummary": {
          "code": "PAPER",
          "descriptionText": "Paper"
        }
      }
    ],
    "artifactRoleName": "PETITIONER",
    "artifactContent": [
      {
        "documentName": "phv at 10:50"
      }
    ]
  },
  {
    "motionId": 2730785,
    "requestorTypeId": 1,
    "requestorTypeName": "Petitioner",
    "filedDate": "2024-02-04 19:08:00.0",
    "motionTypeId": 3,
    "motionTypeNm": "Motion to Appear Pro Hac Vice",
    "motionStatusId": 5,
    "motionStatusName": "initiated",
    "proceedingId": 1555049,
    "proceedingNumber": "IPR2024-00119",
    "userPartyGroupType": "petitioner",
    "motionDocuments": [
      {
        "documentNumber": 3,
        "name": "test",
        "category": "PAPER",
        "fileName": "TestDoc2.pdf",
        "filingParty": "petitioner",
        "availability": "Public",
        "documentTypeIdentifier": 215,
        "documentTypeCode": "MOT:PHV",
        "documentTypeDescription": "Motion: PHV",
        "pageCount": 2,
        "contentManagementId": "PTAB/6ce29ec1-086c-4eaa-b65a-3597c0a2cde2",
        "artifactIdentifer": "iMZ5D4n30FzBAvW4hf23UC58Mbs5DAQdQEIifKJE22-dnF4BI-YghwY",
        "artifactSubmissionIdentifier": 85882098,
        "filingDate": 1707140345,
        "filingDateString": "02/05/2024",
        "fileSize": 0,
        "documentStatus": "PENDING",
        "directionCode": "INCOMING",
        "warningMessageList": [],
        "availablitySummary": {
          "code": "PUBLIC",
          "descriptionText": "Available for everyone.",
          "displayNameText": "Public"
        },
        "roleSummary": {
          "code": "PETITIONER",
          "descriptionText": "Indicates artifact was submitted on behalf of Petitioner.",
          "displayNameText": "Petitioner"
        },
        "artifactSummary": {
          "code": "PAPER",
          "descriptionText": "Paper"
        }
      }
    ],
    "artifactRoleName": "PETITIONER",
    "artifactContent": [
      {
        "documentName": "test",
        "paperNumber": 3
      }
    ]
  },
  {
    "motionId": 2730791,
    "requestorTypeId": 1,
    "requestorTypeName": "Petitioner",
    "filedDate": "2024-02-05 10:19:00.0",
    "motionTypeId": 3,
    "motionTypeNm": "Motion to Appear Pro Hac Vice",
    "motionStatusId": 5,
    "motionStatusName": "initiated",
    "proceedingId": 1555049,
    "proceedingNumber": "IPR2024-00119",
    "userPartyGroupType": "petitioner",
    "motionDocuments": [
      {
        "documentNumber": 4,
        "name": "test phv after save",
        "category": "PAPER",
        "fileName": "TestformotionshyperlinkCopy.pdf",
        "filingParty": "petitioner",
        "availability": "Public",
        "documentTypeIdentifier": 215,
        "documentTypeCode": "MOT:PHV",
        "documentTypeDescription": "Motion: PHV",
        "pageCount": 1,
        "contentManagementId": "PTAB/44345650-98b7-46a0-a4aa-3e7288780b10",
        "artifactIdentifer": "EQbgF4p02tlrHSTgXAipQyFGbEB-pzFUJAmpUdfskhhUTIOaeUBIN4I",
        "artifactSubmissionIdentifier": 85882115,
        "filingDate": 1707146450,
        "filingDateString": "02/05/2024",
        "fileSize": 0,
        "documentStatus": "PENDING",
        "directionCode": "INCOMING",
        "warningMessageList": [],
        "availablitySummary": {
          "code": "PUBLIC",
          "descriptionText": "Available for everyone.",
          "displayNameText": "Public"
        },
        "roleSummary": {
          "code": "PETITIONER",
          "descriptionText": "Indicates artifact was submitted on behalf of Petitioner.",
          "displayNameText": "Petitioner"
        },
        "artifactSummary": {
          "code": "PAPER",
          "descriptionText": "Paper"
        }
      }
    ],
    "artifactRoleName": "PETITIONER",
    "artifactContent": [
      {
        "documentName": "test phv after save",
        "paperNumber": 4
      }
    ]
  },
  {
    "motionId": 2730489,
    "requestorTypeId": 1,
    "requestorTypeName": "Petitioner",
    "filedDate": "2023-12-07 17:44:00.0",
    "motionTypeId": 3,
    "motionTypeNm": "Motion to Appear Pro Hac Vice",
    "motionStatusId": 5,
    "motionStatusName": "initiated",
    "proceedingId": 1554805,
    "proceedingNumber": "IPR2024-00015",
    "userPartyGroupType": "petitioner",
    "motionDocuments": [
      {
        "name": "etets",
        "category": "PAPER",
        "fileName": "Test.pdf",
        "filingParty": "petitioner",
        "availability": "Public",
        "documentTypeIdentifier": 215,
        "documentTypeCode": "MOT:PHV",
        "documentTypeDescription": "Motion: PHV",
        "pageCount": 1,
        "contentManagementId": "PTAB/ccab8798-599d-4978-a083-d0258d8949f1",
        "artifactIdentifer": "TBvHn70ZOoWvcYucPTcpvuryWIU0CiuKGtXaHp2wviI0GxB9Q6BxjYA",
        "artifactSubmissionIdentifier": 85880310,
        "filingDate": 1701985466,
        "filingDateString": "12/07/2023",
        "fileSize": 0,
        "documentStatus": "INITIATED",
        "directionCode": "INCOMING",
        "warningMessageList": [],
        "availablitySummary": {
          "code": "PUBLIC",
          "descriptionText": "Available for everyone.",
          "displayNameText": "Public"
        },
        "roleSummary": {
          "code": "PETITIONER",
          "descriptionText": "Indicates artifact was submitted on behalf of Petitioner.",
          "displayNameText": "Petitioner"
        },
        "artifactSummary": {
          "code": "PAPER",
          "descriptionText": "Paper"
        }
      }
    ],
    "artifactRoleName": "PETITIONER",
    "artifactContent": [
      {
        "documentName": "etets"
      }
    ]
  },
  {
    "motionId": 2730488,
    "requestorTypeId": 1,
    "requestorTypeName": "Petitioner",
    "filedDate": "2023-12-07 17:41:00.0",
    "motionTypeId": 3,
    "motionTypeNm": "Motion to Appear Pro Hac Vice",
    "motionStatusId": 5,
    "motionStatusName": "initiated",
    "proceedingId": 1554805,
    "proceedingNumber": "IPR2024-00015",
    "userPartyGroupType": "petitioner",
    "motionDocuments": [
      {
        "name": "test phv",
        "category": "PAPER",
        "fileName": "Test.pdf",
        "filingParty": "petitioner",
        "availability": "Public",
        "documentTypeIdentifier": 215,
        "documentTypeCode": "MOT:PHV",
        "documentTypeDescription": "Motion: PHV",
        "pageCount": 1,
        "contentManagementId": "PTAB/f7d04a77-1aa0-4d26-8ef1-6c011473454d",
        "artifactIdentifer": "aUtAlcgqsr4zGPEImrEqqvSVnvlNfeEK52fYKhgQsr1758jtj7gCgGQ",
        "artifactSubmissionIdentifier": 85880308,
        "filingDate": 1701985144,
        "filingDateString": "12/07/2023",
        "fileSize": 0,
        "documentStatus": "INITIATED",
        "directionCode": "INCOMING",
        "warningMessageList": [],
        "availablitySummary": {
          "code": "PUBLIC",
          "descriptionText": "Available for everyone.",
          "displayNameText": "Public"
        },
        "roleSummary": {
          "code": "PETITIONER",
          "descriptionText": "Indicates artifact was submitted on behalf of Petitioner.",
          "displayNameText": "Petitioner"
        },
        "artifactSummary": {
          "code": "PAPER",
          "descriptionText": "Paper"
        }
      },
      {
        "name": "phv exhibit",
        "category": "EXHIBIT",
        "fileName": "Test.pdf",
        "filingParty": "petitioner",
        "availability": "Parties and Board",
        "exhibitNumber": 1001,
        "pageCount": 1,
        "contentManagementId": "PTAB/9cdfcc38-c587-407f-be7e-7220fbda55d3",
        "artifactIdentifer": "lpZZepGwHdy8zSFGoscHm2gpli88LKAMCY6lUWXFc3g5uO8pISbc6wo",
        "artifactSubmissionIdentifier": 85880309,
        "filingDate": 1701985158,
        "filingDateString": "12/07/2023",
        "fileSize": 0,
        "documentStatus": "INITIATED",
        "directionCode": "INCOMING",
        "warningMessageList": [],
        "availablitySummary": {
          "code": "PRIVATE",
          "descriptionText": "Available to parties and board.",
          "displayNameText": "Parties and Board"
        },
        "roleSummary": {
          "code": "PETITIONER",
          "descriptionText": "Indicates artifact was submitted on behalf of Petitioner.",
          "displayNameText": "Petitioner"
        },
        "artifactSummary": {
          "code": "EXHIBIT",
          "descriptionText": "Exhibit"
        }
      }
    ],
    "artifactRoleName": "PETITIONER",
    "artifactContent": [
      {
        "documentName": "phv exhibit",
        "exhibitNumber": 1001
      },
      {
        "documentName": "test phv"
      }
    ]
  },
  {
    "motionId": 2730680,
    "requestorTypeId": 1,
    "requestorTypeName": "Petitioner",
    "filedDate": "2024-01-31 16:04:00.0",
    "motionTypeId": 3,
    "motionTypeNm": "Motion to Appear Pro Hac Vice",
    "motionStatusId": 5,
    "motionStatusName": "initiated",
    "proceedingId": 1555016,
    "proceedingNumber": "IPR2024-00100",
    "userPartyGroupType": "petitioner",
    "motionDocuments": [
      {
        "documentNumber": 25,
        "name": "test 9",
        "category": "PAPER",
        "fileName": "Test.pdf",
        "filingParty": "petitioner",
        "availability": "Filing Party and Board",
        "documentTypeIdentifier": 215,
        "documentTypeCode": "MOT:PHV",
        "documentTypeDescription": "Motion: PHV",
        "pageCount": 1,
        "contentManagementId": "PTAB/ce12e51c-5ed2-4a21-b7ba-d9eb0215fd50",
        "artifactIdentifer": "B5YZLm5HSNX3_MHv6Z79K5YDcIQkEsxlnnZLcDbxcVw2xS7btAQwt7g",
        "artifactSubmissionIdentifier": 85881578,
        "filingDate": 1706735127,
        "filingDateString": "01/31/2024",
        "fileSize": 0,
        "documentStatus": "PENDING",
        "directionCode": "INCOMING",
        "warningMessageList": [],
        "availablitySummary": {
          "code": "CONFIDENTIAL",
          "descriptionText": "Available to filing party and board.",
          "displayNameText": "Filing Party and Board"
        },
        "roleSummary": {
          "code": "PETITIONER",
          "descriptionText": "Indicates artifact was submitted on behalf of Petitioner.",
          "displayNameText": "Petitioner"
        },
        "artifactSummary": {
          "code": "PAPER",
          "descriptionText": "Paper"
        }
      }
    ],
    "artifactRoleName": "PETITIONER",
    "artifactContent": [
      {
        "documentName": "test 9",
        "paperNumber": 25
      }
    ]
  },
  {
    "motionId": 2730491,
    "requestorTypeId": 1,
    "requestorTypeName": "Petitioner",
    "filedDate": "2023-12-07 17:47:00.0",
    "motionTypeId": 3,
    "motionTypeNm": "Motion to Appear Pro Hac Vice",
    "motionStatusId": 5,
    "motionStatusName": "initiated",
    "proceedingId": 1554805,
    "proceedingNumber": "IPR2024-00015",
    "userPartyGroupType": "petitioner",
    "motionDocuments": [
      {
        "name": "test",
        "category": "PAPER",
        "fileName": "Test.pdf",
        "filingParty": "petitioner",
        "availability": "Public",
        "documentTypeIdentifier": 215,
        "documentTypeCode": "MOT:PHV",
        "documentTypeDescription": "Motion: PHV",
        "pageCount": 1,
        "contentManagementId": "PTAB/1e7e5a61-2aa9-46a5-9f95-a95c950dbddd",
        "artifactIdentifer": "eJcANpVlq7tSsYPA3H_6nVynV2O5naOduTT6X7oKeG5LQvPK2iCGuCc",
        "artifactSubmissionIdentifier": 85880313,
        "filingDate": 1701985624,
        "filingDateString": "12/07/2023",
        "fileSize": 0,
        "documentStatus": "INITIATED",
        "directionCode": "INCOMING",
        "warningMessageList": [],
        "availablitySummary": {
          "code": "PUBLIC",
          "descriptionText": "Available for everyone.",
          "displayNameText": "Public"
        },
        "roleSummary": {
          "code": "PETITIONER",
          "descriptionText": "Indicates artifact was submitted on behalf of Petitioner.",
          "displayNameText": "Petitioner"
        },
        "artifactSummary": {
          "code": "PAPER",
          "descriptionText": "Paper"
        }
      }
    ],
    "artifactRoleName": "PETITIONER",
    "artifactContent": [
      {
        "documentName": "test"
      }
    ]
  },
  {
    "motionId": 2730490,
    "requestorTypeId": 1,
    "requestorTypeName": "Petitioner",
    "filedDate": "2023-12-07 17:46:00.0",
    "motionTypeId": 3,
    "motionTypeNm": "Motion to Appear Pro Hac Vice",
    "motionStatusId": 5,
    "motionStatusName": "initiated",
    "proceedingId": 1554805,
    "proceedingNumber": "IPR2024-00015",
    "userPartyGroupType": "petitioner",
    "motionDocuments": [
      {
        "name": "tets",
        "category": "PAPER",
        "fileName": "Test.pdf",
        "filingParty": "petitioner",
        "availability": "Public",
        "documentTypeIdentifier": 215,
        "documentTypeCode": "MOT:PHV",
        "documentTypeDescription": "Motion: PHV",
        "pageCount": 1,
        "contentManagementId": "PTAB/1097515f-4b67-4fcd-8057-96db5d16ebb3",
        "artifactIdentifer": "yR5RBjmVyxBT7A0fx9WGFiw5AdEZh4o_HzhD1WDkaDZK9Z2XaSX8JbU",
        "artifactSubmissionIdentifier": 85880312,
        "filingDate": 1701985596,
        "filingDateString": "12/07/2023",
        "fileSize": 0,
        "documentStatus": "INITIATED",
        "directionCode": "INCOMING",
        "warningMessageList": [],
        "availablitySummary": {
          "code": "PUBLIC",
          "descriptionText": "Available for everyone.",
          "displayNameText": "Public"
        },
        "roleSummary": {
          "code": "PETITIONER",
          "descriptionText": "Indicates artifact was submitted on behalf of Petitioner.",
          "displayNameText": "Petitioner"
        },
        "artifactSummary": {
          "code": "PAPER",
          "descriptionText": "Paper"
        }
      }
    ],
    "artifactRoleName": "PETITIONER",
    "artifactContent": [
      {
        "documentName": "tets"
      }
    ]
  },
  {
    "motionId": 2730682,
    "requestorTypeId": 1,
    "requestorTypeName": "Petitioner",
    "filedDate": "2024-01-31 16:11:00.0",
    "motionTypeId": 3,
    "motionTypeNm": "Motion to Appear Pro Hac Vice",
    "motionStatusId": 5,
    "motionStatusName": "initiated",
    "proceedingId": 1554962,
    "proceedingNumber": "IPR2024-00056",
    "userPartyGroupType": "petitioner",
    "motionDocuments": [
      {
        "documentNumber": 5,
        "name": "test phv 4:26",
        "category": "PAPER",
        "fileName": "Test.pdf",
        "filingParty": "petitioner",
        "availability": "Public",
        "documentTypeIdentifier": 215,
        "documentTypeCode": "MOT:PHV",
        "documentTypeDescription": "Motion: PHV",
        "pageCount": 1,
        "contentManagementId": "PTAB/6fe4c879-21f2-4162-b1e9-45d3387a95c6",
        "artifactIdentifer": "RJIjn9kNGYbv2go-b2jrkG-Rorf7mqzb3USkBudaXimvtv_bXrfuyik",
        "artifactSubmissionIdentifier": 85881583,
        "filingDate": 1706736435,
        "filingDateString": "01/31/2024",
        "fileSize": 0,
        "documentStatus": "PENDING",
        "directionCode": "INCOMING",
        "warningMessageList": [],
        "availablitySummary": {
          "code": "PUBLIC",
          "descriptionText": "Available for everyone.",
          "displayNameText": "Public"
        },
        "roleSummary": {
          "code": "PETITIONER",
          "descriptionText": "Indicates artifact was submitted on behalf of Petitioner.",
          "displayNameText": "Petitioner"
        },
        "artifactSummary": {
          "code": "PAPER",
          "descriptionText": "Paper"
        }
      },
      {
        "name": "ex 1011",
        "category": "EXHIBIT",
        "fileName": "TestformotionshyperlinkCopy.pdf",
        "filingParty": "petitioner",
        "availability": "Parties and Board",
        "exhibitNumber": 1011,
        "pageCount": 1,
        "contentManagementId": "PTAB/6f422f79-8618-491f-87f3-74b1a75868fb",
        "artifactIdentifer": "OMdxefq1Jt19kO6Zxn2NKpIceO2ak2f3uNxbpDp3mGG0BWfREnVvnD8",
        "artifactSubmissionIdentifier": 85881584,
        "filingDate": 1706736435,
        "filingDateString": "01/31/2024",
        "fileSize": 0,
        "documentStatus": "PENDING",
        "directionCode": "INCOMING",
        "warningMessageList": [],
        "availablitySummary": {
          "code": "PRIVATE",
          "descriptionText": "Available to parties and board.",
          "displayNameText": "Parties and Board"
        },
        "roleSummary": {
          "code": "PETITIONER",
          "descriptionText": "Indicates artifact was submitted on behalf of Petitioner.",
          "displayNameText": "Petitioner"
        },
        "artifactSummary": {
          "code": "EXHIBIT",
          "descriptionText": "Exhibit"
        }
      }
    ],
    "artifactRoleName": "PETITIONER",
    "artifactContent": [
      {
        "documentName": "test phv 4:26",
        "paperNumber": 5
      },
      {
        "documentName": "ex 1011",
        "exhibitNumber": 1011
      }
    ]
  },
  {
    "motionId": 2730492,
    "requestorTypeId": 1,
    "requestorTypeName": "Petitioner",
    "filedDate": "2023-12-07 17:50:00.0",
    "motionTypeId": 3,
    "motionTypeNm": "Motion to Appear Pro Hac Vice",
    "motionStatusId": 5,
    "motionStatusName": "initiated",
    "proceedingId": 1554805,
    "proceedingNumber": "IPR2024-00015",
    "userPartyGroupType": "petitioner",
    "motionDocuments": [
      {
        "name": "test",
        "category": "PAPER",
        "fileName": "Test.pdf",
        "filingParty": "petitioner",
        "availability": "Public",
        "documentTypeIdentifier": 215,
        "documentTypeCode": "MOT:PHV",
        "documentTypeDescription": "Motion: PHV",
        "pageCount": 1,
        "contentManagementId": "PTAB/7af5b241-c7dd-4f6a-83ef-95f3d032b64f",
        "artifactIdentifer": "1tBmEOUUUYLHvc65EVSO3LTIZLrKNnTNLA7bsLLOS0cS8F_6bXVWhXo",
        "artifactSubmissionIdentifier": 85880314,
        "filingDate": 1701985815,
        "filingDateString": "12/07/2023",
        "fileSize": 0,
        "documentStatus": "INITIATED",
        "directionCode": "INCOMING",
        "warningMessageList": [],
        "availablitySummary": {
          "code": "PUBLIC",
          "descriptionText": "Available for everyone.",
          "displayNameText": "Public"
        },
        "roleSummary": {
          "code": "PETITIONER",
          "descriptionText": "Indicates artifact was submitted on behalf of Petitioner.",
          "displayNameText": "Petitioner"
        },
        "artifactSummary": {
          "code": "PAPER",
          "descriptionText": "Paper"
        }
      }
    ],
    "commentText": "1456981",
    "artifactRoleName": "PETITIONER",
    "artifactContent": [
      {
        "documentName": "test"
      }
    ]
  },
  {
    "motionId": 2730687,
    "requestorTypeId": 1,
    "requestorTypeName": "Petitioner",
    "filedDate": "2024-01-31 16:32:00.0",
    "motionTypeId": 3,
    "motionTypeNm": "Motion to Appear Pro Hac Vice",
    "motionStatusId": 5,
    "motionStatusName": "initiated",
    "proceedingId": 1554962,
    "proceedingNumber": "IPR2024-00056",
    "userPartyGroupType": "petitioner",
    "motionDocuments": [
      {
        "documentNumber": 8,
        "name": "test",
        "category": "PAPER",
        "fileName": "Test for motions hyperlink.pdf",
        "filingParty": "petitioner",
        "availability": "Parties and Board",
        "documentTypeIdentifier": 215,
        "documentTypeCode": "MOT:PHV",
        "documentTypeDescription": "Motion: PHV",
        "pageCount": 1,
        "contentManagementId": "PTAB/ac66d77c-9002-4c56-a392-016ec73c18bd",
        "artifactIdentifer": "NIRM0JxH2N8QL7uPCdx_P2OvLcGCRnnuf2osBrGgZtDw0WDfSkIqQMQ",
        "artifactSubmissionIdentifier": 85881593,
        "filingDate": 1706736916,
        "filingDateString": "01/31/2024",
        "fileSize": 0,
        "documentStatus": "PENDING",
        "directionCode": "INCOMING",
        "warningMessageList": [],
        "availablitySummary": {
          "code": "PRIVATE",
          "descriptionText": "Available to parties and board.",
          "displayNameText": "Parties and Board"
        },
        "roleSummary": {
          "code": "PETITIONER",
          "descriptionText": "Indicates artifact was submitted on behalf of Petitioner.",
          "displayNameText": "Petitioner"
        },
        "artifactSummary": {
          "code": "PAPER",
          "descriptionText": "Paper"
        }
      }
    ],
    "artifactRoleName": "PETITIONER",
    "artifactContent": [
      {
        "documentName": "test",
        "paperNumber": 8
      }
    ]
  },
  {
    "motionId": 2730672,
    "requestorTypeId": 1,
    "requestorTypeName": "Petitioner",
    "filedDate": "2024-01-31 15:55:00.0",
    "motionTypeId": 3,
    "motionTypeNm": "Motion to Appear Pro Hac Vice",
    "motionStatusId": 5,
    "motionStatusName": "initiated",
    "proceedingId": 1555016,
    "proceedingNumber": "IPR2024-00100",
    "userPartyGroupType": "petitioner",
    "motionDocuments": [
      {
        "documentNumber": 17,
        "name": "phv test 4",
        "category": "PAPER",
        "fileName": "Test for motions hyperlink.pdf",
        "filingParty": "petitioner",
        "availability": "Parties and Board",
        "documentTypeIdentifier": 215,
        "documentTypeCode": "MOT:PHV",
        "documentTypeDescription": "Motion: PHV",
        "pageCount": 1,
        "contentManagementId": "PTAB/ed053c15-a48f-403d-be0d-4ec9d95e6ebc",
        "artifactIdentifer": "uPIxvjYf86D2YM028QOrDVQD0omeWgQ1-zENvNYPYYs1aer7vYxCZBM",
        "artifactSubmissionIdentifier": 85881563,
        "filingDate": 1706734601,
        "filingDateString": "01/31/2024",
        "fileSize": 0,
        "documentStatus": "PENDING",
        "directionCode": "INCOMING",
        "warningMessageList": [],
        "availablitySummary": {
          "code": "PRIVATE",
          "descriptionText": "Available to parties and board.",
          "displayNameText": "Parties and Board"
        },
        "roleSummary": {
          "code": "PETITIONER",
          "descriptionText": "Indicates artifact was submitted on behalf of Petitioner.",
          "displayNameText": "Petitioner"
        },
        "artifactSummary": {
          "code": "PAPER",
          "descriptionText": "Paper"
        }
      },
      {
        "name": "test",
        "category": "EXHIBIT",
        "fileName": "TestformotionshyperlinkCopy.pdf",
        "filingParty": "petitioner",
        "availability": "Filing Party and Board",
        "exhibitNumber": 1006,
        "pageCount": 1,
        "contentManagementId": "PTAB/a85ce2ab-bb08-458b-9c50-e076452bc7f9",
        "artifactIdentifer": "AeVCDBvpS-I9g5YO5hSS7DOFmhXqARoilIJuX3AnqND5B8rnTGnbIsE",
        "artifactSubmissionIdentifier": 85881564,
        "filingDate": 1706734601,
        "filingDateString": "01/31/2024",
        "fileSize": 0,
        "documentStatus": "PENDING",
        "directionCode": "INCOMING",
        "warningMessageList": [],
        "availablitySummary": {
          "code": "CONFIDENTIAL",
          "descriptionText": "Available to filing party and board.",
          "displayNameText": "Filing Party and Board"
        },
        "roleSummary": {
          "code": "PETITIONER",
          "descriptionText": "Indicates artifact was submitted on behalf of Petitioner.",
          "displayNameText": "Petitioner"
        },
        "artifactSummary": {
          "code": "EXHIBIT",
          "descriptionText": "Exhibit"
        }
      }
    ],
    "artifactRoleName": "PETITIONER",
    "artifactContent": [
      {
        "documentName": "test",
        "exhibitNumber": 1006
      },
      {
        "documentName": "phv test 4",
        "paperNumber": 17
      }
    ]
  },
  {
    "motionId": 2730547,
    "requestorTypeId": 1,
    "requestorTypeName": "Petitioner",
    "filedDate": "2024-01-22 15:43:00.0",
    "motionTypeId": 3,
    "motionTypeNm": "Motion to Appear Pro Hac Vice",
    "motionStatusId": 5,
    "motionStatusName": "initiated",
    "proceedingId": 1554928,
    "proceedingNumber": "IPR2024-00038",
    "userPartyGroupType": "petitioner",
    "motionDocuments": [
      {
        "name": "phv",
        "category": "PAPER",
        "fileName": "Test.pdf",
        "filingParty": "petitioner",
        "availability": "Parties and Board",
        "documentTypeIdentifier": 215,
        "documentTypeCode": "MOT:PHV",
        "documentTypeDescription": "Motion: PHV",
        "pageCount": 1,
        "contentManagementId": "PTAB/2aa5b6dc-5df2-4144-9b2a-a3ec84d3a12f",
        "artifactIdentifer": "OeInf1cgppb0xSoc4XU47A9aRXS5k5Kk_LyxkUT8GFuGDI0nj7vsHR4",
        "artifactSubmissionIdentifier": 85880754,
        "filingDate": 1705956212,
        "filingDateString": "01/22/2024",
        "fileSize": 0,
        "documentStatus": "INITIATED",
        "directionCode": "INCOMING",
        "warningMessageList": [],
        "availablitySummary": {
          "code": "PRIVATE",
          "descriptionText": "Available to parties and board.",
          "displayNameText": "Parties and Board"
        },
        "roleSummary": {
          "code": "PETITIONER",
          "descriptionText": "Indicates artifact was submitted on behalf of Petitioner.",
          "displayNameText": "Petitioner"
        },
        "artifactSummary": {
          "code": "PAPER",
          "descriptionText": "Paper"
        }
      }
    ],
    "commentText": "1457069",
    "artifactRoleName": "PETITIONER",
    "artifactContent": [
      {
        "documentName": "phv"
      }
    ]
  },
  {
    "motionId": 2730676,
    "requestorTypeId": 1,
    "requestorTypeName": "Petitioner",
    "filedDate": "2024-01-31 16:00:00.0",
    "motionTypeId": 3,
    "motionTypeNm": "Motion to Appear Pro Hac Vice",
    "motionStatusId": 5,
    "motionStatusName": "initiated",
    "proceedingId": 1555016,
    "proceedingNumber": "IPR2024-00100",
    "userPartyGroupType": "petitioner",
    "motionDocuments": [
      {
        "documentNumber": 23,
        "name": "test 7",
        "category": "PAPER",
        "fileName": "TestformotionshyperlinkCopy.pdf",
        "filingParty": "petitioner",
        "availability": "Parties and Board",
        "documentTypeIdentifier": 215,
        "documentTypeCode": "MOT:PHV",
        "documentTypeDescription": "Motion: PHV",
        "pageCount": 1,
        "contentManagementId": "PTAB/35b051f6-564e-4b03-84e9-2db67fc6e462",
        "artifactIdentifer": "bC8jYM0kKzTMK0ByqQfRgwqe2rDsuOSRXXE6EeUmPkFMI6yvxyknZO8",
        "artifactSubmissionIdentifier": 85881575,
        "filingDate": 1706734847,
        "filingDateString": "01/31/2024",
        "fileSize": 0,
        "documentStatus": "PENDING",
        "directionCode": "INCOMING",
        "warningMessageList": [],
        "availablitySummary": {
          "code": "PRIVATE",
          "descriptionText": "Available to parties and board.",
          "displayNameText": "Parties and Board"
        },
        "roleSummary": {
          "code": "PETITIONER",
          "descriptionText": "Indicates artifact was submitted on behalf of Petitioner.",
          "displayNameText": "Petitioner"
        },
        "artifactSummary": {
          "code": "PAPER",
          "descriptionText": "Paper"
        }
      }
    ],
    "artifactRoleName": "PETITIONER",
    "artifactContent": [
      {
        "documentName": "test 7",
        "paperNumber": 23
      }
    ]
  },
  {
    "motionId": 2730678,
    "requestorTypeId": 1,
    "requestorTypeName": "Petitioner",
    "filedDate": "2024-01-31 16:02:00.0",
    "motionTypeId": 3,
    "motionTypeNm": "Motion to Appear Pro Hac Vice",
    "motionStatusId": 5,
    "motionStatusName": "initiated",
    "proceedingId": 1555016,
    "proceedingNumber": "IPR2024-00100",
    "userPartyGroupType": "petitioner",
    "motionDocuments": [
      {
        "documentNumber": 24,
        "name": "test 8",
        "category": "PAPER",
        "fileName": "TestformotionshyperlinkCopy.pdf",
        "filingParty": "petitioner",
        "availability": "Parties and Board",
        "documentTypeIdentifier": 215,
        "documentTypeCode": "MOT:PHV",
        "documentTypeDescription": "Motion: PHV",
        "pageCount": 1,
        "contentManagementId": "PTAB/149b40b4-960d-4c02-bb7b-4dd9b29e8e61",
        "artifactIdentifer": "2AiOG_lmowzZDFbH59J60lzj45oS7BT9dvltcKrRQQg0On8RdoohUkM",
        "artifactSubmissionIdentifier": 85881576,
        "filingDate": 1706734969,
        "filingDateString": "01/31/2024",
        "fileSize": 0,
        "documentStatus": "PENDING",
        "directionCode": "INCOMING",
        "warningMessageList": [],
        "availablitySummary": {
          "code": "PRIVATE",
          "descriptionText": "Available to parties and board.",
          "displayNameText": "Parties and Board"
        },
        "roleSummary": {
          "code": "PETITIONER",
          "descriptionText": "Indicates artifact was submitted on behalf of Petitioner.",
          "displayNameText": "Petitioner"
        },
        "artifactSummary": {
          "code": "PAPER",
          "descriptionText": "Paper"
        }
      }
    ],
    "artifactRoleName": "PETITIONER",
    "artifactContent": [
      {
        "documentName": "test 8",
        "paperNumber": 24
      }
    ]
  },
  {
    "motionId": 2730806,
    "requestorTypeId": 1,
    "requestorTypeName": "Petitioner",
    "filedDate": "2024-02-05 11:00:00.0",
    "motionTypeId": 3,
    "motionTypeNm": "Motion to Appear Pro Hac Vice",
    "motionStatusId": 5,
    "motionStatusName": "initiated",
    "proceedingId": 1554951,
    "proceedingNumber": "IPR2024-00048",
    "userPartyGroupType": "petitioner",
    "motionDocuments": [
      {
        "name": "Test PHV",
        "category": "PAPER",
        "fileName": "US481809.pdf",
        "filingParty": "petitioner",
        "availability": "Public",
        "documentTypeIdentifier": 215,
        "documentTypeCode": "MOT:PHV",
        "documentTypeDescription": "Motion: PHV",
        "pageCount": 7,
        "contentManagementId": "PTAB/99118586-3fd9-400e-8b1a-530c3b6853d4",
        "artifactIdentifer": "Bb7PYTFBrTGvrnJg49INy3IkYNbCYje9NGdRZgUuztmfTUDQzREIGH4",
        "artifactSubmissionIdentifier": 85882144,
        "filingDate": 1707148836,
        "filingDateString": "02/05/2024",
        "fileSize": 0,
        "documentStatus": "INITIATED",
        "directionCode": "INCOMING",
        "warningMessageList": [],
        "availablitySummary": {
          "code": "PUBLIC",
          "descriptionText": "Available for everyone.",
          "displayNameText": "Public"
        },
        "roleSummary": {
          "code": "PETITIONER",
          "descriptionText": "Indicates artifact was submitted on behalf of Petitioner.",
          "displayNameText": "Petitioner"
        },
        "artifactSummary": {
          "code": "PAPER",
          "descriptionText": "Paper"
        }
      }
    ],
    "commentText": "1457192",
    "artifactRoleName": "PETITIONER",
    "artifactContent": [
      {
        "documentName": "Test PHV"
      }
    ]
  },
  {
    "motionId": 2730891,
    "requestorTypeId": 1,
    "requestorTypeName": "Petitioner",
    "filedDate": "2024-02-09 12:31:00.0",
    "motionTypeId": 3,
    "motionTypeNm": "Motion to Appear Pro Hac Vice",
    "motionStatusId": 5,
    "motionStatusName": "initiated",
    "proceedingId": 1555082,
    "proceedingNumber": "IPR2024-00139",
    "userPartyGroupType": "petitioner",
    "motionDocuments": [
      {
        "name": "testing",
        "category": "PAPER",
        "fileName": "Test.pdf",
        "filingParty": "petitioner",
        "availability": "Public",
        "documentTypeIdentifier": 215,
        "documentTypeCode": "MOT:PHV",
        "documentTypeDescription": "Motion: PHV",
        "pageCount": 1,
        "contentManagementId": "PTAB/309d9412-9ac8-4159-81bb-f3de5b6ac73b",
        "artifactIdentifer": "cvwT7oyhpUySU6DAwIT0vPKCGE95gw0KrT7WOewStlhq_RQBHNLjALQ",
        "artifactSubmissionIdentifier": 85882578,
        "filingDate": 1707499860,
        "filingDateString": "02/09/2024",
        "fileSize": 0,
        "documentStatus": "INITIATED",
        "directionCode": "INCOMING",
        "warningMessageList": [],
        "availablitySummary": {
          "code": "PUBLIC",
          "descriptionText": "Available for everyone.",
          "displayNameText": "Public"
        },
        "roleSummary": {
          "code": "PETITIONER",
          "descriptionText": "Indicates artifact was submitted on behalf of Petitioner.",
          "displayNameText": "Petitioner"
        },
        "artifactSummary": {
          "code": "PAPER",
          "descriptionText": "Paper"
        }
      }
    ],
    "artifactRoleName": "PETITIONER",
    "artifactContent": [
      {
        "documentName": "testing"
      }
    ]
  },
  {
    "motionId": 2730637,
    "requestorTypeId": 2,
    "requestorTypeName": "Patent Owner",
    "filedDate": "2024-01-31 08:07:00.0",
    "motionTypeId": 3,
    "motionTypeNm": "Motion to Appear Pro Hac Vice",
    "motionStatusId": 5,
    "motionStatusName": "initiated",
    "proceedingId": 1554662,
    "proceedingNumber": "IPR2024-00004",
    "userPartyGroupType": "patent owner",
    "motionDocuments": [
      {
        "name": "vv",
        "category": "PAPER",
        "fileName": "Claims.pdf",
        "filingParty": "patent owner",
        "availability": "Public",
        "documentTypeIdentifier": 215,
        "documentTypeCode": "MOT:PHV",
        "documentTypeDescription": "Motion: PHV",
        "pageCount": 4,
        "contentManagementId": "PTAB/ee8bf410-02b8-42f5-b119-9b69da615939",
        "artifactIdentifer": "qBpVGMhwaE-9-I7ZuFXe-mizFll-Z1Iwx-LTijJUu0Y-wQk_ujkB9l0",
        "artifactSubmissionIdentifier": 85881304,
        "filingDate": 1706706275,
        "filingDateString": "01/31/2024",
        "fileSize": 0,
        "documentStatus": "INITIATED",
        "directionCode": "INCOMING",
        "warningMessageList": [],
        "availablitySummary": {
          "code": "PUBLIC",
          "descriptionText": "Available for everyone.",
          "displayNameText": "Public"
        },
        "roleSummary": {
          "code": "PATENT OWNER",
          "descriptionText": "Indicates artifact was submitted on behalf of Patent Owner.",
          "displayNameText": "Patent owner"
        },
        "artifactSummary": {
          "code": "PAPER",
          "descriptionText": "Paper"
        }
      },
      {
        "name": "ggg",
        "category": "EXHIBIT",
        "fileName": "Claims.pdf",
        "filingParty": "patent owner",
        "availability": "Public",
        "exhibitNumber": 2005,
        "pageCount": 4,
        "contentManagementId": "PTAB/d0dfab6d-9575-4bec-a737-37b65c2725b7",
        "artifactIdentifer": "y6p65VKIEx9L6NfMv2kiaYwvFelMrxcs0Ph8W8BGflQ0QO-BPMpVzN0",
        "artifactSubmissionIdentifier": 85881305,
        "filingDate": 1706706315,
        "filingDateString": "01/31/2024",
        "fileSize": 0,
        "documentStatus": "INITIATED",
        "directionCode": "INCOMING",
        "warningMessageList": [],
        "availablitySummary": {
          "code": "PUBLIC",
          "descriptionText": "Available for everyone.",
          "displayNameText": "Public"
        },
        "roleSummary": {
          "code": "PATENT OWNER",
          "descriptionText": "Indicates artifact was submitted on behalf of Patent Owner.",
          "displayNameText": "Patent owner"
        },
        "artifactSummary": {
          "code": "EXHIBIT",
          "descriptionText": "Exhibit"
        }
      },
      {
        "name": "ggg",
        "category": "EXHIBIT",
        "fileName": "Claims.pdf",
        "filingParty": "patent owner",
        "availability": "Public",
        "exhibitNumber": 2006,
        "pageCount": 4,
        "contentManagementId": "PTAB/ca9bf0fb-41bf-4765-a2ac-bea7b5b35571",
        "artifactIdentifer": "zIglq8UlGhRw3i1VEpFoZWuIkN5HRHozh_XbV9Omd0d3OhSq4FAcgeg",
        "artifactSubmissionIdentifier": 85881306,
        "filingDate": 1706706331,
        "filingDateString": "01/31/2024",
        "fileSize": 0,
        "documentStatus": "INITIATED",
        "directionCode": "INCOMING",
        "warningMessageList": [],
        "availablitySummary": {
          "code": "PUBLIC",
          "descriptionText": "Available for everyone.",
          "displayNameText": "Public"
        },
        "roleSummary": {
          "code": "PATENT OWNER",
          "descriptionText": "Indicates artifact was submitted on behalf of Patent Owner.",
          "displayNameText": "Patent owner"
        },
        "artifactSummary": {
          "code": "EXHIBIT",
          "descriptionText": "Exhibit"
        }
      },
      {
        "name": "gg",
        "category": "EXHIBIT",
        "fileName": "Claims.pdf",
        "filingParty": "patent owner",
        "availability": "Public",
        "exhibitNumber": 2007,
        "pageCount": 4,
        "contentManagementId": "PTAB/f1066c31-7828-4df8-bf7e-054ad8cf25cc",
        "artifactIdentifer": "YpD3fzbZlmiLPcuFJxqdMGf5sMEB_HhMVt-tpxJCInahTNDBq3imBYc",
        "artifactSubmissionIdentifier": 85881307,
        "filingDate": 1706706395,
        "filingDateString": "01/31/2024",
        "fileSize": 0,
        "documentStatus": "INITIATED",
        "directionCode": "INCOMING",
        "warningMessageList": [],
        "availablitySummary": {
          "code": "PUBLIC",
          "descriptionText": "Available for everyone.",
          "displayNameText": "Public"
        },
        "roleSummary": {
          "code": "PATENT OWNER",
          "descriptionText": "Indicates artifact was submitted on behalf of Patent Owner.",
          "displayNameText": "Patent owner"
        },
        "artifactSummary": {
          "code": "EXHIBIT",
          "descriptionText": "Exhibit"
        }
      },
      {
        "name": "ddd",
        "category": "EXHIBIT",
        "fileName": "Claims.pdf",
        "filingParty": "patent owner",
        "availability": "Public",
        "exhibitNumber": 2008,
        "pageCount": 4,
        "contentManagementId": "PTAB/e0dda5b1-6f62-414d-835b-b3f39afc9118",
        "artifactIdentifer": "9epiGb62vOZ_DvYfNwrGwjGYNIaXqiqrT81sF3z3D0y3Ipu5avuRX_c",
        "artifactSubmissionIdentifier": 85881308,
        "filingDate": 1706706408,
        "filingDateString": "01/31/2024",
        "fileSize": 0,
        "documentStatus": "INITIATED",
        "directionCode": "INCOMING",
        "warningMessageList": [],
        "availablitySummary": {
          "code": "PUBLIC",
          "descriptionText": "Available for everyone.",
          "displayNameText": "Public"
        },
        "roleSummary": {
          "code": "PATENT OWNER",
          "descriptionText": "Indicates artifact was submitted on behalf of Patent Owner.",
          "displayNameText": "Patent owner"
        },
        "artifactSummary": {
          "code": "EXHIBIT",
          "descriptionText": "Exhibit"
        }
      }
    ],
    "artifactRoleName": "PATENT OWNER",
    "artifactContent": [
      {
        "documentName": "gg",
        "exhibitNumber": 2007
      },
      {
        "documentName": "ggg",
        "exhibitNumber": 2006
      },
      {
        "documentName": "ggg",
        "exhibitNumber": 2006
      },
      {
        "documentName": "gg",
        "exhibitNumber": 2007
      },
      {
        "documentName": "ggg",
        "exhibitNumber": 2005
      },
      {
        "documentName": "ggg",
        "exhibitNumber": 2005
      },
      {
        "documentName": "vv"
      },
      {
        "documentName": "ddd",
        "exhibitNumber": 2008
      },
      {
        "documentName": "vv"
      },
      {
        "documentName": "ddd",
        "exhibitNumber": 2008
      }
    ]
  },
  {
    "motionId": 2704128,
    "requestorTypeId": 2,
    "requestorTypeName": "Patent Owner",
    "filedDate": "2020-03-27 10:53:07.897",
    "motionTypeId": 12,
    "motionTypeNm": "Motion to Amend the Claims",
    "motionStatusId": 5,
    "motionStatusName": "initiated",
    "proceedingId": 1523397,
    "proceedingNumber": "PGR2019-00032",
    "userPartyGroupType": "patent owner",
    "motionDocuments": [
      {
        "name": "Revised motion to amend",
        "category": "PAPER",
        "fileName": "REVISEDMotionToAmendPGR2019-00032 032320.pdf",
        "filingParty": "patent owner",
        "availability": "Public",
        "documentTypeIdentifier": 1,
        "documentTypeCode": "MOTION",
        "documentTypeDescription": "Motion",
        "pageCount": 25,
        "contentManagementId": "workspace://SpacesStore/2d15071b-ce16-4819-8f9b-cb36561ce9ce;1.0",
        "artifactIdentifer": "M5ez2pfwmtIK8IJyyoF9pSYlluHy0wtoDUERC2osZWa2MueAWqeCLgE",
        "artifactSubmissionIdentifier": 85281487,
        "filingDate": 1585320815,
        "filingDateString": "03/27/2020",
        "fileSize": 0,
        "documentStatus": "PENDING",
        "directionCode": "INCOMING",
        "warningMessageList": [],
        "availablitySummary": {
          "code": "PUBLIC",
          "descriptionText": "Available for everyone.",
          "displayNameText": "Public"
        },
        "roleSummary": {
          "code": "PATENT OWNER",
          "descriptionText": "Indicates artifact was submitted on behalf of Patent Owner.",
          "displayNameText": "Patent owner"
        },
        "artifactSummary": {
          "code": "PAPER",
          "descriptionText": "Paper"
        }
      }
    ],
    "artifactRoleName": "PATENT OWNER",
    "artifactContent": [
      {
        "documentName": "Revised motion to amend"
      }
    ]
  },
  {
    "motionId": 2730624,
    "requestorTypeId": 2,
    "requestorTypeName": "Patent Owner",
    "filedDate": "2024-01-29 16:31:20.736",
    "motionTypeId": 3,
    "motionTypeNm": "Motion to Appear Pro Hac Vice",
    "motionStatusId": 5,
    "motionStatusName": "initiated",
    "proceedingId": 1554662,
    "proceedingNumber": "IPR2024-00004",
    "userPartyGroupType": "patent owner",
    "motionDocuments": [
      {
        "name": "tt",
        "category": "PAPER",
        "fileName": "Claims.pdf",
        "filingParty": "patent owner",
        "availability": "Public",
        "documentTypeIdentifier": 215,
        "documentTypeCode": "MOT:PHV",
        "documentTypeDescription": "Motion: PHV",
        "pageCount": 4,
        "contentManagementId": "PTAB/657323c0-050d-4fbf-9f0d-2f4c98d78772",
        "artifactIdentifer": "hFVWS0HA7vFRlE1OCxnIaVkxweHefTdtWXagJIOL9_FAvkPU60fchdI",
        "artifactSubmissionIdentifier": 85881211,
        "filingDate": 1706563842,
        "filingDateString": "01/29/2024",
        "fileSize": 0,
        "documentStatus": "INITIATED",
        "directionCode": "INCOMING",
        "warningMessageList": [],
        "availablitySummary": {
          "code": "PUBLIC",
          "descriptionText": "Available for everyone.",
          "displayNameText": "Public"
        },
        "roleSummary": {
          "code": "PATENT OWNER",
          "descriptionText": "Indicates artifact was submitted on behalf of Patent Owner.",
          "displayNameText": "Patent owner"
        },
        "artifactSummary": {
          "code": "PAPER",
          "descriptionText": "Paper"
        }
      }
    ],
    "commentText": "1457100@74497764-8d31-470b-b807-b4be70a218d8",
    "artifactRoleName": "PATENT OWNER",
    "artifactContent": [
      {
        "documentName": "tt"
      },
      {
        "documentName": "tt"
      }
    ]
  },
  {
    "motionId": 2730691,
    "requestorTypeId": 2,
    "requestorTypeName": "Patent Owner",
    "filedDate": "2024-01-31 16:41:00.0",
    "motionTypeId": 3,
    "motionTypeNm": "Motion to Appear Pro Hac Vice",
    "motionStatusId": 5,
    "motionStatusName": "initiated",
    "proceedingId": 1555017,
    "proceedingNumber": "PGR2024-00025",
    "userPartyGroupType": "patent owner",
    "motionDocuments": [
      {
        "documentNumber": 15,
        "name": "test_new",
        "category": "PAPER",
        "fileName": "Test.pdf",
        "filingParty": "patent owner",
        "availability": "Public",
        "documentTypeIdentifier": 215,
        "documentTypeCode": "MOT:PHV",
        "documentTypeDescription": "Motion: PHV",
        "pageCount": 1,
        "contentManagementId": "PTAB/7968ecab-7dcf-4eaa-a923-9927eb5b67bc",
        "artifactIdentifer": "Q9g-_Tz7XaCFf2iLmcrVBwyKO2yyh0q9Mv_iss3RFY3cnNv1z3F_Lzw",
        "artifactSubmissionIdentifier": 85881599,
        "filingDate": 1706737333,
        "filingDateString": "01/31/2024",
        "fileSize": 0,
        "documentStatus": "PENDING",
        "directionCode": "INCOMING",
        "warningMessageList": [],
        "availablitySummary": {
          "code": "PUBLIC",
          "descriptionText": "Available for everyone.",
          "displayNameText": "Public"
        },
        "roleSummary": {
          "code": "PATENT OWNER",
          "descriptionText": "Indicates artifact was submitted on behalf of Patent Owner.",
          "displayNameText": "Patent owner"
        },
        "artifactSummary": {
          "code": "PAPER",
          "descriptionText": "Paper"
        }
      }
    ],
    "artifactRoleName": "PATENT OWNER",
    "artifactContent": [
      {
        "documentName": "test_new",
        "paperNumber": 15
      }
    ]
  },
  {
    "motionId": 2730690,
    "requestorTypeId": 1,
    "requestorTypeName": "Petitioner",
    "filedDate": "2024-01-31 16:38:00.0",
    "motionTypeId": 3,
    "motionTypeNm": "Motion to Appear Pro Hac Vice",
    "motionStatusId": 5,
    "motionStatusName": "initiated",
    "proceedingId": 1554962,
    "proceedingNumber": "IPR2024-00056",
    "userPartyGroupType": "petitioner",
    "motionDocuments": [
      {
        "name": "test 4:37",
        "category": "PAPER",
        "fileName": "TestformotionshyperlinkCopy.pdf",
        "filingParty": "petitioner",
        "availability": "Parties and Board",
        "documentTypeIdentifier": 215,
        "documentTypeCode": "MOT:PHV",
        "documentTypeDescription": "Motion: PHV",
        "pageCount": 1,
        "contentManagementId": "PTAB/d3a27918-e9a2-49aa-8fb8-3ce40211bb28",
        "artifactIdentifer": "jRsOdasdiLrZQvTZVoN3WpjCfmFIwiUPhWZYeqgHA3fKuzEGTNayVvM",
        "artifactSubmissionIdentifier": 85881598,
        "filingDate": 1706737063,
        "filingDateString": "01/31/2024",
        "fileSize": 0,
        "documentStatus": "INITIATED",
        "directionCode": "INCOMING",
        "warningMessageList": [],
        "availablitySummary": {
          "code": "PRIVATE",
          "descriptionText": "Available to parties and board.",
          "displayNameText": "Parties and Board"
        },
        "roleSummary": {
          "code": "PETITIONER",
          "descriptionText": "Indicates artifact was submitted on behalf of Petitioner.",
          "displayNameText": "Petitioner"
        },
        "artifactSummary": {
          "code": "PAPER",
          "descriptionText": "Paper"
        }
      }
    ],
    "artifactRoleName": "PETITIONER",
    "artifactContent": [
      {
        "documentName": "test 4:37"
      }
    ]
  },
  {
    "motionId": 2730821,
    "requestorTypeId": 1,
    "requestorTypeName": "Petitioner",
    "filedDate": "2024-02-05 11:16:00.0",
    "motionTypeId": 3,
    "motionTypeNm": "Motion to Appear Pro Hac Vice",
    "motionStatusId": 5,
    "motionStatusName": "initiated",
    "proceedingId": 1555054,
    "proceedingNumber": "IPR2024-00124",
    "userPartyGroupType": "petitioner",
    "motionDocuments": [
      {
        "documentNumber": 3,
        "name": "test",
        "category": "PAPER",
        "fileName": "Test_Doc_1.pdf",
        "filingParty": "petitioner",
        "availability": "Public",
        "documentTypeIdentifier": 215,
        "documentTypeCode": "MOT:PHV",
        "documentTypeDescription": "Motion: PHV",
        "pageCount": 2,
        "contentManagementId": "PTAB/3728101f-8f31-427a-a2be-060b36dcecb2",
        "artifactIdentifer": "pCPhcgjDTPNEuej965WDr34hgf6PKyWrBf6AEXuGIwEph8GtNGz1L-M",
        "artifactSubmissionIdentifier": 85882175,
        "filingDate": 1707149853,
        "filingDateString": "02/05/2024",
        "fileSize": 0,
        "documentStatus": "PENDING",
        "directionCode": "INCOMING",
        "warningMessageList": [],
        "availablitySummary": {
          "code": "PUBLIC",
          "descriptionText": "Available for everyone.",
          "displayNameText": "Public"
        },
        "roleSummary": {
          "code": "PETITIONER",
          "descriptionText": "Indicates artifact was submitted on behalf of Petitioner.",
          "displayNameText": "Petitioner"
        },
        "artifactSummary": {
          "code": "PAPER",
          "descriptionText": "Paper"
        }
      }
    ],
    "artifactRoleName": "PETITIONER",
    "artifactContent": [
      {
        "documentName": "test",
        "paperNumber": 3
      }
    ]
  },
  {
    "motionId": 2730694,
    "requestorTypeId": 1,
    "requestorTypeName": "Petitioner",
    "filedDate": "2024-01-31 17:18:00.0",
    "motionTypeId": 3,
    "motionTypeNm": "Motion to Appear Pro Hac Vice",
    "motionStatusId": 5,
    "motionStatusName": "initiated",
    "proceedingId": 1555016,
    "proceedingNumber": "IPR2024-00100",
    "userPartyGroupType": "petitioner",
    "motionDocuments": [
      {
        "documentNumber": 26,
        "name": "test 11",
        "category": "PAPER",
        "fileName": "Test.pdf",
        "filingParty": "petitioner",
        "availability": "Parties and Board",
        "documentTypeIdentifier": 215,
        "documentTypeCode": "MOT:PHV",
        "documentTypeDescription": "Motion: PHV",
        "pageCount": 1,
        "contentManagementId": "PTAB/2fe70e46-de1c-4f20-95c2-3c832b6509c3",
        "artifactIdentifer": "iJVQllOsYXZ6Z6QwGpPsg_KyBfKOtQCmbvEC9hjGVEWNqix-JoqoXH8",
        "artifactSubmissionIdentifier": 85881614,
        "filingDate": 1706739551,
        "filingDateString": "01/31/2024",
        "fileSize": 0,
        "documentStatus": "PENDING",
        "directionCode": "INCOMING",
        "warningMessageList": [],
        "availablitySummary": {
          "code": "PRIVATE",
          "descriptionText": "Available to parties and board.",
          "displayNameText": "Parties and Board"
        },
        "roleSummary": {
          "code": "PETITIONER",
          "descriptionText": "Indicates artifact was submitted on behalf of Petitioner.",
          "displayNameText": "Petitioner"
        },
        "artifactSummary": {
          "code": "PAPER",
          "descriptionText": "Paper"
        }
      }
    ],
    "artifactRoleName": "PETITIONER",
    "artifactContent": [
      {
        "documentName": "test 11",
        "paperNumber": 26
      }
    ]
  },
  {
    "motionId": 2730712,
    "requestorTypeId": 1,
    "requestorTypeName": "Petitioner",
    "filedDate": "2024-02-01 12:03:00.0",
    "motionTypeId": 3,
    "motionTypeNm": "Motion to Appear Pro Hac Vice",
    "motionStatusId": 5,
    "motionStatusName": "initiated",
    "proceedingId": 1554904,
    "proceedingNumber": "IPR2024-00025",
    "userPartyGroupType": "petitioner",
    "motionDocuments": [
      {
        "name": "Paper 1 PHV",
        "category": "PAPER",
        "fileName": "US481809.pdf",
        "filingParty": "petitioner",
        "availability": "Public",
        "documentTypeIdentifier": 215,
        "documentTypeCode": "MOT:PHV",
        "documentTypeDescription": "Motion: PHV",
        "pageCount": 7,
        "contentManagementId": "PTAB/483233f5-40b0-4fd3-a1db-47e320d96fa1",
        "artifactIdentifer": "guvWXocis7KK6Dn3khAGT_sobFFlCA2ovWHRSL1Pe7Bny8mQpFSw3Qw",
        "artifactSubmissionIdentifier": 85881743,
        "filingDate": 1706806970,
        "filingDateString": "02/01/2024",
        "fileSize": 0,
        "documentStatus": "INITIATED",
        "directionCode": "INCOMING",
        "warningMessageList": [],
        "availablitySummary": {
          "code": "PUBLIC",
          "descriptionText": "Available for everyone.",
          "displayNameText": "Public"
        },
        "roleSummary": {
          "code": "PETITIONER",
          "descriptionText": "Indicates artifact was submitted on behalf of Petitioner.",
          "displayNameText": "Petitioner"
        },
        "artifactSummary": {
          "code": "PAPER",
          "descriptionText": "Paper"
        }
      }
    ],
    "artifactRoleName": "PETITIONER",
    "artifactContent": [
      {
        "documentName": "Paper 1 PHV"
      }
    ]
  },
  {
    "motionId": 2730581,
    "requestorTypeId": 1,
    "requestorTypeName": "Petitioner",
    "filedDate": "2024-01-29 11:18:00.0",
    "motionTypeId": 3,
    "motionTypeNm": "Motion to Appear Pro Hac Vice",
    "motionStatusId": 5,
    "motionStatusName": "initiated",
    "proceedingId": 1554928,
    "proceedingNumber": "IPR2024-00038",
    "userPartyGroupType": "petitioner",
    "motionDocuments": [
      {
        "name": "phv",
        "category": "PAPER",
        "fileName": "Test.pdf",
        "filingParty": "petitioner",
        "availability": "Parties and Board",
        "documentTypeIdentifier": 215,
        "documentTypeCode": "MOT:PHV",
        "documentTypeDescription": "Motion: PHV",
        "pageCount": 1,
        "contentManagementId": "PTAB/2aa5b6dc-5df2-4144-9b2a-a3ec84d3a12f",
        "artifactIdentifer": "_SCRXG0U2ThBuWJGJdaP74y53MIGBSxkUqderdiT50jDH68qoC6DiCU",
        "artifactSubmissionIdentifier": 85880754,
        "filingDate": 1705956212,
        "filingDateString": "01/22/2024",
        "fileSize": 0,
        "documentStatus": "INITIATED",
        "directionCode": "INCOMING",
        "warningMessageList": [],
        "availablitySummary": {
          "code": "PRIVATE",
          "descriptionText": "Available to parties and board.",
          "displayNameText": "Parties and Board"
        },
        "roleSummary": {
          "code": "PETITIONER",
          "descriptionText": "Indicates artifact was submitted on behalf of Petitioner.",
          "displayNameText": "Petitioner"
        },
        "artifactSummary": {
          "code": "PAPER",
          "descriptionText": "Paper"
        }
      },
      {
        "name": "test",
        "category": "EXHIBIT",
        "fileName": "TestDoc.pdf",
        "filingParty": "petitioner",
        "availability": "Public",
        "exhibitNumber": 1002,
        "pageCount": 2,
        "contentManagementId": "PTAB/28a8e1f2-2f08-4b84-a2b6-078ec51b3226",
        "artifactIdentifer": "iJEhZTr4CPLaS_try1YCBzat60K4JNeuNYalRBViCbkyZkZpNnAxFTM",
        "artifactSubmissionIdentifier": 85881065,
        "filingDate": 1706545122,
        "filingDateString": "01/29/2024",
        "fileSize": 0,
        "documentStatus": "INITIATED",
        "directionCode": "INCOMING",
        "warningMessageList": [],
        "availablitySummary": {
          "code": "PUBLIC",
          "descriptionText": "Available for everyone.",
          "displayNameText": "Public"
        },
        "roleSummary": {
          "code": "PETITIONER",
          "descriptionText": "Indicates artifact was submitted on behalf of Petitioner.",
          "displayNameText": "Petitioner"
        },
        "artifactSummary": {
          "code": "EXHIBIT",
          "descriptionText": "Exhibit"
        }
      }
    ],
    "commentText": "1457094",
    "artifactRoleName": "PETITIONER",
    "artifactContent": [
      {
        "documentName": "test",
        "exhibitNumber": 1002
      },
      {
        "documentName": "phv"
      }
    ]
  },
  {
    "motionId": 2730772,
    "requestorTypeId": 1,
    "requestorTypeName": "Petitioner",
    "filedDate": "2024-02-02 11:03:00.0",
    "motionTypeId": 3,
    "motionTypeNm": "Motion to Appear Pro Hac Vice",
    "motionStatusId": 5,
    "motionStatusName": "initiated",
    "proceedingId": 1555038,
    "proceedingNumber": "PGR2024-00029",
    "userPartyGroupType": "petitioner",
    "motionDocuments": [
      {
        "documentNumber": 12,
        "name": "PHV on 2/2 @ 11:03",
        "category": "PAPER",
        "fileName": "Test.pdf",
        "filingParty": "petitioner",
        "availability": "Public",
        "documentTypeIdentifier": 215,
        "documentTypeCode": "MOT:PHV",
        "documentTypeDescription": "Motion: PHV",
        "pageCount": 1,
        "contentManagementId": "PTAB/5d77e7e3-b45b-473a-8855-2f65c42dd8cf",
        "artifactIdentifer": "dLVUTC6QMCP17htiWTOSFtFVdk0AzpFZT27L5XmPun2Yc_-Dt_rku7s",
        "artifactSubmissionIdentifier": 85881983,
        "filingDate": 1706889873,
        "filingDateString": "02/02/2024",
        "fileSize": 0,
        "documentStatus": "PENDING",
        "directionCode": "INCOMING",
        "warningMessageList": [],
        "availablitySummary": {
          "code": "PUBLIC",
          "descriptionText": "Available for everyone.",
          "displayNameText": "Public"
        },
        "roleSummary": {
          "code": "PETITIONER",
          "descriptionText": "Indicates artifact was submitted on behalf of Petitioner.",
          "displayNameText": "Petitioner"
        },
        "artifactSummary": {
          "code": "PAPER",
          "descriptionText": "Paper"
        }
      }
    ],
    "artifactRoleName": "PETITIONER",
    "artifactContent": [
      {
        "documentName": "PHV on 2/2 @ 11:03",
        "paperNumber": 12
      }
    ]
  },
  {
    "motionId": 2730710,
    "requestorTypeId": 1,
    "requestorTypeName": "Petitioner",
    "filedDate": "2024-02-01 11:21:00.0",
    "motionTypeId": 3,
    "motionTypeNm": "Motion to Appear Pro Hac Vice",
    "motionStatusId": 5,
    "motionStatusName": "initiated",
    "proceedingId": 1554843,
    "proceedingNumber": "IPR2024-00021",
    "userPartyGroupType": "petitioner",
    "motionDocuments": [
      {
        "name": "Paper 1",
        "category": "PAPER",
        "fileName": "US481809.pdf",
        "filingParty": "petitioner",
        "availability": "Public",
        "documentTypeIdentifier": 215,
        "documentTypeCode": "MOT:PHV",
        "documentTypeDescription": "Motion: PHV",
        "pageCount": 7,
        "contentManagementId": "PTAB/5f35f4ec-0ebe-47a0-933d-c7924a546693",
        "artifactIdentifer": "M7QyY4WVAmSDIj8g9ixrda1nnByHoTE60A_iDHw-edTVeMa-Dhz11fo",
        "artifactSubmissionIdentifier": 85881707,
        "filingDate": 1706804412,
        "filingDateString": "02/01/2024",
        "fileSize": 0,
        "documentStatus": "INITIATED",
        "directionCode": "INCOMING",
        "warningMessageList": [],
        "availablitySummary": {
          "code": "PUBLIC",
          "descriptionText": "Available for everyone.",
          "displayNameText": "Public"
        },
        "roleSummary": {
          "code": "PETITIONER",
          "descriptionText": "Indicates artifact was submitted on behalf of Petitioner.",
          "displayNameText": "Petitioner"
        },
        "artifactSummary": {
          "code": "PAPER",
          "descriptionText": "Paper"
        }
      },
      {
        "name": "Exhibit 1",
        "category": "EXHIBIT",
        "fileName": "US481809.pdf",
        "filingParty": "petitioner",
        "availability": "Public",
        "exhibitNumber": 1002,
        "pageCount": 7,
        "contentManagementId": "PTAB/d8c85118-086a-4bde-8c2f-33a359fa55d0",
        "artifactIdentifer": "tPSNywpsbuQH2sde93tGQ5UKbnj_a4Y743Dt8wA-zZzV-w20hLHL9Jo",
        "artifactSubmissionIdentifier": 85881708,
        "filingDate": 1706804468,
        "filingDateString": "02/01/2024",
        "fileSize": 0,
        "documentStatus": "INITIATED",
        "directionCode": "INCOMING",
        "warningMessageList": [],
        "availablitySummary": {
          "code": "PUBLIC",
          "descriptionText": "Available for everyone.",
          "displayNameText": "Public"
        },
        "roleSummary": {
          "code": "PETITIONER",
          "descriptionText": "Indicates artifact was submitted on behalf of Petitioner.",
          "displayNameText": "Petitioner"
        },
        "artifactSummary": {
          "code": "EXHIBIT",
          "descriptionText": "Exhibit"
        }
      }
    ],
    "artifactRoleName": "PETITIONER",
    "artifactContent": [
      {
        "documentName": "Paper 1"
      },
      {
        "documentName": "Exhibit 1",
        "exhibitNumber": 1002
      }
    ]
  }
]
