[
  {
    "proceedingId": 1554926,
    "terminationDecisionDate": "1706616010000",
    "userRole": "Lead Counsel",
    "proceedingNo": "DER2024-00004",
    "petitionerPatentNumber": "9856456",
    "petitionerApplicationNumber": "14863539",
    "poApplicationNumber": "14957308",
    "poPatentNumber": "9864568",
    "poRealParty": "--",
    "petitionerRealParty": "Appleseed, Johnny",
    "status": "Terminated",
    "userPartyGroupType": "PETITIONER",
    "prcdCreatedTs": "2024-01-22 00:00:00.0",
    "lastModifiedTimestamp": "2024-01-30 18:04:51.0",
    "judges": [],
    "petiTechCenterId": "1600",
    "poTechCenterId": "2600"
  },
  {
    "proceedingId": 1554536,
    "filingDate": "1693479610000",
    "noticeAccordedFilingDate": "1694430010000",
    "instDecisionDate": "1705060810000",
    "terminationDecisionDate": "1705060810000",
    "userRole": "Back-up Counsel",
    "proceedingNo": "IPR2023-01352",
    "poApplicationNumber": "10159770",
    "poPatentNumber": "7246058",
    "poRealParty": "--",
    "petitionerRealParty": "Meta Platforms, Inc. et al.",
    "status": "Final Written Decision",
    "userPartyGroupType": "PETITIONER",
    "prcdCreatedTs": "2023-08-23 00:00:00.0",
    "lastModifiedTimestamp": "2024-01-12 12:23:09.0",
    "judges": [
      "Bisk, Jennifer",
      "Ankenbrand, Michelle",
      "Baumeister, B William"
    ],
    "poTechCenterId": "2600"
  },
  {
    "proceedingId": 1554624,
    "filingDate": "1694775610000",
    "userRole": "Back-up Counsel",
    "proceedingNo": "IPR2023-01423",
    "poApplicationNumber": "15600054",
    "poPatentNumber": "5555555",
    "poRealParty": "--",
    "petitionerRealParty": "Amazon.com, Inc. et al.",
    "status": "Petition filed",
    "userPartyGroupType": "PETITIONER",
    "prcdCreatedTs": "2023-09-15 00:00:00.0",
    "lastModifiedTimestamp": "2024-01-29 14:29:47.0",
    "judges": [],
    "poTechCenterId": "2100"
  },
  {
    "proceedingId": 1554648,
    "filingDate": "1696330810000",
    "noticeAccordedFilingDate": "1696503610000",
    "instDecisionDate": "1705060810000",
    "terminationDecisionDate": "1705060810000",
    "userRole": "Lead Counsel",
    "proceedingNo": "IPR2023-01428",
    "poApplicationNumber": "08183369",
    "poPatentNumber": "5555555",
    "poRealParty": "--",
    "petitionerRealParty": "K, M",
    "status": "Institution Denied",
    "userPartyGroupType": "PETITIONER",
    "prcdCreatedTs": "2023-09-28 00:00:00.0",
    "lastModifiedTimestamp": "2024-01-24 15:22:23.0",
    "judges": [
      "Bisk, Jennifer",
      "Amundson, Steven",
      "Barrett, Ken",
      "Boudreau, Charles"
    ],
    "poTechCenterId": "2600"
  },
  {
    "proceedingId": 1554959,
    "filingDate": "1706270410000",
    "userRole": "Lead Counsel",
    "proceedingNo": "IPR2024-00054",
    "poApplicationNumber": "08183369",
    "poPatentNumber": "5555555",
    "poRealParty": "--",
    "petitionerRealParty": "org",
    "status": "Petition filed",
    "userPartyGroupType": "PETITIONER",
    "prcdCreatedTs": "2024-01-26 00:00:00.0",
    "lastModifiedTimestamp": "2024-01-29 14:40:54.0",
    "judges": [],
    "poTechCenterId": "2600"
  },
  {
    "proceedingId": 1555029,
    "filingDate": "1706788810000",
    "noticeAccordedFilingDate": "1706788810000",
    "instDecisionDate": "1706788810000",
    "terminationDecisionDate": "1706788810000",
    "userRole": "Lead Counsel",
    "proceedingNo": "PGR2024-00028",
    "poApplicationNumber": "14678178",
    "poPatentNumber": "9876789",
    "poRealParty": "test",
    "petitionerRealParty": "Smith, John et al.",
    "status": "Final Written Decision",
    "userPartyGroupType": "PATENTOWNER",
    "prcdCreatedTs": "2024-02-01 00:00:00.0",
    "lastModifiedTimestamp": "2024-02-01 13:43:58.0",
    "judges": [],
    "poTechCenterId": "2400"
  },
  {
    "proceedingId": 1554646,
    "filingDate": "1695812410000",
    "noticeAccordedFilingDate": "1695985210000",
    "userRole": "Lead Counsel",
    "proceedingNo": "DER2023-00021",
    "petitionerPatentNumber": "9854565",
    "petitionerApplicationNumber": "14478071",
    "poRealParty": "--",
    "petitionerRealParty": "apple et al.",
    "status": "Notice of Filing Date Accorded",
    "userPartyGroupType": "PETITIONER",
    "prcdCreatedTs": "2023-09-27 00:00:00.0",
    "lastModifiedTimestamp": "2024-01-26 15:32:54.0",
    "judges": [],
    "petiTechCenterId": "2400"
  },
  {
    "proceedingId": 1550869,
    "filingDate": "1674216010000",
    "noticeAccordedFilingDate": "1680087610000",
    "instDecisionDate": "1705406410000",
    "userRole": "Back-up Counsel",
    "proceedingNo": "IPR2023-00426",
    "poApplicationNumber": "13205579",
    "poPatentNumber": "8467366",
    "poRealParty": "Neo Wireless LLC",
    "petitionerRealParty": "Volkswagen Group of America, Inc.",
    "status": "Trial Instituted",
    "userPartyGroupType": "PATENTOWNER",
    "prcdCreatedTs": "2023-01-03 00:00:00.0",
    "lastModifiedTimestamp": "2024-01-24 14:56:54.0",
    "judges": [
      "Kokoski, Jo-Anne",
      "Bisk, Jennifer",
      "Meyers, Matthew",
      "Jung, Hyun"
    ],
    "poTechCenterId": "2600"
  },
  {
    "proceedingId": 1554611,
    "filingDate": "1694775610000",
    "noticeAccordedFilingDate": "1695898810000",
    "instDecisionDate": "1705060810000",
    "terminationDecisionDate": "1705060810000",
    "userRole": "Back-up Counsel",
    "proceedingNo": "IPR2023-01410",
    "poApplicationNumber": "12851026",
    "poPatentNumber": "8294075",
    "poRealParty": "--",
    "petitionerRealParty": "Hisense USA Corporation",
    "status": "Institution Denied",
    "userPartyGroupType": "PETITIONER",
    "prcdCreatedTs": "2023-09-12 00:00:00.0",
    "lastModifiedTimestamp": "2024-01-12 11:48:08.0",
    "judges": [
      "Bisk, Jennifer",
      "Ankenbrand, Michelle",
      "Bayat, Bradley",
      "Bennett, Phillip"
    ],
    "poTechCenterId": "2800"
  },
  {
    "proceedingId": 1554613,
    "filingDate": "1694775610000",
    "noticeAccordedFilingDate": "1695985210000",
    "instDecisionDate": "1695985210000",
    "terminationDecisionDate": "1695985210000",
    "userRole": "Back-up Counsel",
    "proceedingNo": "IPR2023-01412",
    "poApplicationNumber": "13270387",
    "poPatentNumber": "8330710",
    "poRealParty": "--",
    "petitionerRealParty": "Hisense USA Corporation",
    "status": "Pending Director Review",
    "userPartyGroupType": "PETITIONER",
    "prcdCreatedTs": "2023-09-12 00:00:00.0",
    "lastModifiedTimestamp": "2024-02-05 12:53:41.0",
    "judges": ["Bisk, Jennifer", "Baer, Garth", "Cotta, David"],
    "poTechCenterId": "2600"
  },
  {
    "proceedingId": 1554821,
    "filingDate": "1702641610000",
    "noticeAccordedFilingDate": "1705665610000",
    "poPreliminaryRespFilingDate": "1706011210000",
    "instDecisionDate": "1706529610000",
    "userRole": "Lead Counsel",
    "proceedingNo": "IPR2024-00017",
    "poApplicationNumber": "08183369",
    "poPatentNumber": "5555555",
    "poRealParty": "Monroe, James et al.",
    "petitionerRealParty": "MK Org",
    "status": "Trial Instituted",
    "userPartyGroupType": "PETITIONER",
    "prcdCreatedTs": "2023-12-14 00:00:00.0",
    "lastModifiedTimestamp": "2024-01-29 14:58:20.0",
    "judges": [
      "Bisk, Jennifer",
      "Ankenbrand, Michelle",
      "Begley, Kerry",
      "Busch, Justin"
    ],
    "poTechCenterId": "2600"
  },
  {
    "proceedingId": 1554958,
    "filingDate": "1706270410000",
    "userRole": "Lead Counsel",
    "proceedingNo": "IPR2024-00053",
    "poApplicationNumber": "08183369",
    "poPatentNumber": "5555555",
    "poRealParty": "--",
    "petitionerRealParty": "org",
    "status": "Petition filed",
    "userPartyGroupType": "PETITIONER",
    "prcdCreatedTs": "2024-01-26 00:00:00.0",
    "lastModifiedTimestamp": "2024-01-26 16:11:49.0",
    "judges": [],
    "poTechCenterId": "2600"
  },
  {
    "proceedingId": 1554962,
    "filingDate": "1706529610000",
    "noticeAccordedFilingDate": "1706616010000",
    "userRole": "Pro se",
    "proceedingNo": "IPR2024-00056",
    "poApplicationNumber": "08183369",
    "poPatentNumber": "5555555",
    "poRealParty": "--",
    "petitionerRealParty": "K change, change",
    "status": "Notice of Filing Date Accorded",
    "userPartyGroupType": "PETITIONER",
    "prcdCreatedTs": "2024-01-26 00:00:00.0",
    "lastModifiedTimestamp": "2024-01-31 16:37:44.0",
    "judges": [],
    "poTechCenterId": "2600"
  },
  {
    "proceedingId": 1555036,
    "filingDate": "1706788810000",
    "userRole": "Pro se",
    "proceedingNo": "IPR2024-00111",
    "poApplicationNumber": "14900883",
    "poPatentNumber": "9834673",
    "poRealParty": "--",
    "petitionerRealParty": "K change, change",
    "status": "Petition filed",
    "userPartyGroupType": "PETITIONER",
    "prcdCreatedTs": "2024-02-01 00:00:00.0",
    "lastModifiedTimestamp": "2024-02-01 12:54:46.0",
    "judges": [],
    "poTechCenterId": "1700"
  },
  {
    "proceedingId": 1555049,
    "filingDate": "1707048010000",
    "userRole": "Lead Counsel",
    "proceedingNo": "IPR2024-00119",
    "poApplicationNumber": "14008988",
    "poPatentNumber": "9695954",
    "poRealParty": "--",
    "petitionerRealParty": "test, test",
    "status": "Petition filed",
    "userPartyGroupType": "PETITIONER",
    "prcdCreatedTs": "2024-02-04 00:00:00.0",
    "lastModifiedTimestamp": "2024-02-05 11:10:47.0",
    "judges": [],
    "poTechCenterId": "3700"
  },
  {
    "proceedingId": 1549652,
    "filingDate": "1652353210000",
    "noticeAccordedFilingDate": "1652785210000",
    "poPreliminaryRespFilingDate": "1660734010000",
    "instDecisionDate": "1668427210000",
    "userRole": "Back-up Counsel",
    "proceedingNo": "PGR2022-00040",
    "poApplicationNumber": "16866400",
    "poPatentNumber": "5555555",
    "poRealParty": "AbbVie Inc.",
    "petitionerRealParty": "NeuroDerm Ltd. et al.",
    "status": "Pending Director Review",
    "userPartyGroupType": "PATENTOWNER",
    "prcdCreatedTs": "2022-05-11 00:00:00.0",
    "lastModifiedTimestamp": "2024-02-05 00:42:58.0",
    "judges": ["Hardman, Cynthia", "Hulse, Tina", "Newman, Devon"],
    "poTechCenterId": "1600"
  },
  {
    "proceedingId": 1554761,
    "filingDate": "1701950410000",
    "userRole": "Pro se",
    "proceedingNo": "PGR2024-00002",
    "poApplicationNumber": "15375558",
    "poPatentNumber": "10094195",
    "poRealParty": "K change, change",
    "petitionerRealParty": "test, test",
    "status": "Petition filed",
    "userPartyGroupType": "PATENTOWNER",
    "prcdCreatedTs": "2023-11-16 00:00:00.0",
    "lastModifiedTimestamp": "2024-01-29 11:56:44.0",
    "judges": [],
    "poTechCenterId": "3600"
  },
  {
    "proceedingId": 1554903,
    "filingDate": "1705492810000",
    "noticeAccordedFilingDate": "1705492810000",
    "instDecisionDate": "1705492810000",
    "userRole": "Pro se",
    "proceedingNo": "PGR2024-00008",
    "poApplicationNumber": "15170420",
    "poPatentNumber": "9876456",
    "poRealParty": "--",
    "petitionerRealParty": "Baker, Robert",
    "status": "Trial Instituted",
    "userPartyGroupType": "PETITIONER",
    "prcdCreatedTs": "2024-01-17 00:00:00.0",
    "lastModifiedTimestamp": "2024-01-26 15:32:55.0",
    "judges": ["Bisk, Jennifer", "Calve, James", "Cotta, David"],
    "poTechCenterId": "2800"
  },
  {
    "proceedingId": 1554662,
    "filingDate": "1696935610000",
    "noticeAccordedFilingDate": "1696935610000",
    "instDecisionDate": "1705492810000",
    "userRole": "Lead Counsel",
    "proceedingNo": "IPR2024-00004",
    "poApplicationNumber": "14229119",
    "poPatentNumber": "5555555",
    "poRealParty": "n, r",
    "petitionerRealParty": "Bender, Kyle",
    "status": "Trial Instituted",
    "userPartyGroupType": "PATENTOWNER",
    "prcdCreatedTs": "2023-10-05 00:00:00.0",
    "lastModifiedTimestamp": "2024-01-31 08:06:48.0",
    "judges": [
      "Bisk, Jennifer",
      "Mitchell, Susan",
      "Ankenbrand, Michelle",
      "Beamer, Norman"
    ],
    "poTechCenterId": "2100"
  },
  {
    "proceedingId": 1554741,
    "filingDate": "1706529610000",
    "noticeAccordedFilingDate": "1706702410000",
    "userRole": "Pro se",
    "proceedingNo": "IPR2024-00010",
    "poApplicationNumber": "08183369",
    "poPatentNumber": "5555555",
    "poRealParty": "--",
    "petitionerRealParty": "K change, change",
    "status": "Notice of Filing Date Accorded",
    "userPartyGroupType": "PETITIONER",
    "prcdCreatedTs": "2023-10-31 00:00:00.0",
    "lastModifiedTimestamp": "2024-01-31 07:42:28.0",
    "judges": ["Ankenbrand, Michelle", "Barrett, Ken", "Belisle, Stephen"],
    "poTechCenterId": "2600"
  },
  {
    "proceedingId": 1554805,
    "filingDate": "1701950410000",
    "noticeAccordedFilingDate": "1705665610000",
    "poPreliminaryRespFilingDate": "1706788810000",
    "instDecisionDate": "1706788810000",
    "terminationDecisionDate": "1706788810000",
    "userRole": "Lead Counsel",
    "proceedingNo": "IPR2024-00015",
    "poApplicationNumber": "08183369",
    "poPatentNumber": "5555555",
    "poRealParty": "b, r",
    "petitionerRealParty": "K, M",
    "status": "Final Written Decision",
    "userPartyGroupType": "PETITIONER",
    "prcdCreatedTs": "2023-12-07 00:00:00.0",
    "lastModifiedTimestamp": "2024-02-02 13:00:35.0",
    "judges": ["Bisk, Jennifer", "Craig, Joyce", "Evans, John"],
    "poTechCenterId": "2600"
  },
  {
    "proceedingId": 1554843,
    "filingDate": "1703592010000",
    "noticeAccordedFilingDate": "1703592010000",
    "instDecisionDate": "1705060810000",
    "terminationDecisionDate": "1705060810000",
    "userRole": "Lead Counsel",
    "proceedingNo": "IPR2024-00021",
    "poApplicationNumber": "14522666",
    "poPatentNumber": "9853457",
    "poRealParty": "--",
    "petitionerRealParty": "Cook, John",
    "status": "Final Written Decision",
    "userPartyGroupType": "PETITIONER",
    "prcdCreatedTs": "2023-12-22 00:00:00.0",
    "lastModifiedTimestamp": "2024-02-01 11:21:08.0",
    "judges": [
      "Bisk, Jennifer",
      "Anderson, Gregg",
      "Arpin, James",
      "Begley, Kerry"
    ],
    "poTechCenterId": "2800"
  },
  {
    "proceedingId": 1554904,
    "filingDate": "1705579210000",
    "noticeAccordedFilingDate": "1705579210000",
    "userRole": "Lead Counsel",
    "proceedingNo": "IPR2024-00025",
    "poApplicationNumber": "14575353",
    "poPatentNumber": "9843534",
    "poRealParty": "--",
    "petitionerRealParty": "Smith, John et al.",
    "status": "Notice of Filing Date Accorded",
    "userPartyGroupType": "PETITIONER",
    "prcdCreatedTs": "2024-01-18 00:00:00.0",
    "lastModifiedTimestamp": "2024-02-09 14:20:00.0",
    "judges": ["Bisk, Jennifer", "Barrett, Ken", "Lee, Jameson"],
    "poTechCenterId": "2400"
  },
  {
    "proceedingId": 1554928,
    "filingDate": "1705924810000",
    "noticeAccordedFilingDate": "1705924810000",
    "instDecisionDate": "1705924810000",
    "terminationDecisionDate": "1705924810000",
    "userRole": "Back-up Counsel",
    "proceedingNo": "IPR2024-00038",
    "poApplicationNumber": "08183369",
    "poPatentNumber": "5555555",
    "poRealParty": "Smith, John et al.",
    "petitionerRealParty": "K change, change",
    "status": "Institution Denied",
    "userPartyGroupType": "PETITIONER",
    "prcdCreatedTs": "2024-01-22 00:00:00.0",
    "lastModifiedTimestamp": "2024-01-29 11:18:43.0",
    "judges": ["Bisk, Jennifer", "Deshpande, Kalyan", "Baumeister, B William"],
    "poTechCenterId": "2600"
  },
  {
    "proceedingId": 1554954,
    "filingDate": "1706184010000",
    "noticeAccordedFilingDate": "1706184010000",
    "poPreliminaryRespFilingDate": "1706529610000",
    "userRole": "Pro se",
    "proceedingNo": "IPR2024-00050",
    "poApplicationNumber": "15380574",
    "poPatentNumber": "9867863",
    "poRealParty": "K change, change",
    "petitionerRealParty": "Smith, John",
    "status": "PO  preliminary response waiver filed",
    "userPartyGroupType": "PATENTOWNER",
    "prcdCreatedTs": "2024-01-25 00:00:00.0",
    "lastModifiedTimestamp": "2024-02-06 09:24:46.0",
    "judges": ["Barrett, Ken", "Boucher, Patrick", "Dang, Thu"],
    "poTechCenterId": "1600"
  },
  {
    "proceedingId": 1555054,
    "filingDate": "1707134410000",
    "userRole": "Lead Counsel",
    "proceedingNo": "IPR2024-00124",
    "poApplicationNumber": "14156614",
    "poPatentNumber": "9695967",
    "poRealParty": "--",
    "petitionerRealParty": "test, test et al.",
    "status": "Petition filed",
    "userPartyGroupType": "PETITIONER",
    "prcdCreatedTs": "2024-02-05 00:00:00.0",
    "lastModifiedTimestamp": "2024-02-06 15:37:18.0",
    "judges": [],
    "poTechCenterId": "3600"
  },
  {
    "proceedingId": 1554927,
    "noticeAccordedFilingDate": "1706875210000",
    "userRole": "Lead Counsel",
    "proceedingNo": "PGR2024-00012",
    "poPatentNumber": "5555555",
    "poRealParty": "--",
    "petitionerRealParty": "Mahoney, Patrick",
    "status": "Notice of Filing Date Accorded",
    "userPartyGroupType": "PETITIONER",
    "prcdCreatedTs": "2024-01-22 00:00:00.0",
    "lastModifiedTimestamp": "2024-02-09 14:06:17.0",
    "judges": ["Bisk, Jennifer", "Barrett, Ken", "Lee, Jameson"]
  },
  {
    "proceedingId": 1554948,
    "filingDate": "1705579210000",
    "userRole": "Pro se",
    "proceedingNo": "PGR2024-00016",
    "poApplicationNumber": "14292078",
    "poPatentNumber": "9874457",
    "poRealParty": "--",
    "petitionerRealParty": "K change, change",
    "status": "Petition filed",
    "userPartyGroupType": "PETITIONER",
    "prcdCreatedTs": "2024-01-23 00:00:00.0",
    "lastModifiedTimestamp": "2024-02-09 14:12:43.0",
    "judges": [],
    "poTechCenterId": "2800"
  },
  {
    "proceedingId": 1553657,
    "filingDate": "1677153610000",
    "noticeAccordedFilingDate": "1680692410000",
    "instDecisionDate": "1705406410000",
    "terminationDecisionDate": "1705406410000",
    "userRole": "Back-up Counsel",
    "proceedingNo": "IPR2023-00630",
    "poApplicationNumber": "10690692",
    "poPatentNumber": "7440559",
    "poRealParty": "VL Collective IP LLC et al.",
    "petitionerRealParty": "Netflix, Inc. et al.",
    "status": "Institution Denied",
    "userPartyGroupType": "PETITIONER",
    "prcdCreatedTs": "2023-02-23 00:00:00.0",
    "lastModifiedTimestamp": "2024-01-16 23:18:25.0",
    "judges": ["Smith, Jeffrey", "White, Stacey", "Belisle, Stephen"],
    "poTechCenterId": "2600"
  },
  {
    "proceedingId": 1553879,
    "filingDate": "1680778810000",
    "noticeAccordedFilingDate": "1681297210000",
    "instDecisionDate": "1705406410000",
    "userRole": "Back-up Counsel",
    "proceedingNo": "IPR2023-00813",
    "poApplicationNumber": "15283581",
    "poPatentNumber": "9729594",
    "poRealParty": "WAG Acquisition, L.L.C.",
    "petitionerRealParty": "The Walt Disney Company et al.",
    "status": "Trial Instituted",
    "userPartyGroupType": "PATENTOWNER",
    "prcdCreatedTs": "2023-04-05 00:00:00.0",
    "lastModifiedTimestamp": "2024-01-24 14:57:27.0",
    "judges": [
      "Bisk, Jennifer",
      "Hudalla, John",
      "Lorin, Hubert",
      "Amundson, Steven"
    ],
    "poTechCenterId": "2400"
  },
  {
    "proceedingId": 1554436,
    "filingDate": "1691060410000",
    "noticeAccordedFilingDate": "1692615610000",
    "instDecisionDate": "1705406410000",
    "userRole": "Back-up Counsel",
    "proceedingNo": "IPR2023-01259",
    "poApplicationNumber": "14893375",
    "poPatentNumber": "9591713",
    "poRealParty": "mate LLC",
    "petitionerRealParty": "Advanced Lighting Concepts LLC",
    "status": "Trial Instituted",
    "userPartyGroupType": "PATENTOWNER",
    "prcdCreatedTs": "2023-07-29 00:00:00.0",
    "lastModifiedTimestamp": "2024-01-16 22:00:28.0",
    "judges": ["Bisk, Jennifer", "Amundson, Steven", "Begley, Kerry"],
    "poTechCenterId": "2800"
  },
  {
    "proceedingId": 1554663,
    "filingDate": "1696503610000",
    "noticeAccordedFilingDate": "1696503610000",
    "instDecisionDate": "1701864010000",
    "userRole": "Lead Counsel",
    "proceedingNo": "IPR2024-00005",
    "poApplicationNumber": "14430868",
    "poPatentNumber": "9856576",
    "poRealParty": "--",
    "petitionerRealParty": "Atkinson, Rowan",
    "status": "Trial Instituted",
    "userPartyGroupType": "PETITIONER",
    "prcdCreatedTs": "2023-10-05 00:00:00.0",
    "lastModifiedTimestamp": "2024-01-24 15:23:24.0",
    "judges": ["Anderson, Gregg", "Baer, Garth", "Begley, Kerry"],
    "poTechCenterId": "1700"
  },
  {
    "proceedingId": 1555068,
    "filingDate": "1707307210000",
    "noticeAccordedFilingDate": "1707307210000",
    "userRole": "Pro se",
    "proceedingNo": "IPR2024-00132",
    "poApplicationNumber": "08183369",
    "poPatentNumber": "5555555",
    "poRealParty": "Smith, John",
    "petitionerRealParty": "K change, change",
    "status": "Notice of Filing Date Accorded",
    "userPartyGroupType": "PETITIONER",
    "prcdCreatedTs": "2024-02-07 00:00:00.0",
    "lastModifiedTimestamp": "2024-02-09 13:32:36.0",
    "judges": [],
    "poTechCenterId": "2600"
  },
  {
    "proceedingId": 1554960,
    "filingDate": "1706270410000",
    "userRole": "Pro se",
    "proceedingNo": "PGR2024-00017",
    "poApplicationNumber": "08183369",
    "poPatentNumber": "5555555",
    "poRealParty": "--",
    "petitionerRealParty": "K change, change",
    "status": "Petition filed",
    "userPartyGroupType": "PETITIONER",
    "prcdCreatedTs": "2024-01-26 00:00:00.0",
    "lastModifiedTimestamp": "2024-01-29 11:44:27.0",
    "judges": [],
    "poTechCenterId": "2600"
  },
  {
    "proceedingId": 1555017,
    "filingDate": "1706702410000",
    "noticeAccordedFilingDate": "1706702410000",
    "poPreliminaryRespFilingDate": "1706702410000",
    "userRole": "Pro se",
    "proceedingNo": "PGR2024-00025",
    "poApplicationNumber": "15370128",
    "poPatentNumber": "9874568",
    "poRealParty": "K change, change et al.",
    "petitionerRealParty": "Smith, John et al.",
    "status": "PO  preliminary response waiver filed",
    "userPartyGroupType": "PATENTOWNER",
    "prcdCreatedTs": "2024-01-31 00:00:00.0",
    "lastModifiedTimestamp": "2024-02-09 13:59:09.0",
    "judges": [],
    "poTechCenterId": "1600"
  },
  {
    "proceedingId": 1555027,
    "filingDate": "1706702410000",
    "userRole": "Pro se",
    "proceedingNo": "PGR2024-00027",
    "poApplicationNumber": "08183369",
    "poPatentNumber": "5555555",
    "poRealParty": "--",
    "petitionerRealParty": "K change, change",
    "status": "Petition filed",
    "userPartyGroupType": "PETITIONER",
    "prcdCreatedTs": "2024-01-31 00:00:00.0",
    "lastModifiedTimestamp": "2024-01-31 23:21:09.0",
    "judges": [],
    "poTechCenterId": "2600"
  },
  {
    "proceedingId": 1550138,
    "filingDate": "1660129210000",
    "noticeAccordedFilingDate": "1663239610000",
    "poPreliminaryRespFilingDate": "1671105610000",
    "instDecisionDate": "1678449610000",
    "userRole": "Back-up Counsel",
    "proceedingNo": "IPR2022-01395",
    "poApplicationNumber": "11180688",
    "poPatentNumber": "5555555",
    "poRealParty": "Caterpillar Inc.",
    "petitionerRealParty": "Wirtgen America, Inc. et al.",
    "status": "Trial Instituted",
    "userPartyGroupType": "PATENTOWNER",
    "prcdCreatedTs": "2022-08-10 00:00:00.0",
    "lastModifiedTimestamp": "2024-02-05 00:49:57.0",
    "judges": [],
    "poTechCenterId": "3600"
  },
  {
    "proceedingId": 1554906,
    "filingDate": "1705579210000",
    "noticeAccordedFilingDate": "1705579210000",
    "poPreliminaryRespFilingDate": "1706184010000",
    "instDecisionDate": "1706184010000",
    "terminationDecisionDate": "1706184010000",
    "userRole": "Lead Counsel",
    "proceedingNo": "IPR2024-00026",
    "poApplicationNumber": "15162055",
    "poPatentNumber": "9834534",
    "poRealParty": "Rockets & Sprockets, Inc.",
    "petitionerRealParty": "Monroe, James",
    "status": "Institution Denied",
    "userPartyGroupType": "PETITIONER",
    "prcdCreatedTs": "2024-01-18 00:00:00.0",
    "lastModifiedTimestamp": "2024-02-01 10:25:22.0",
    "judges": [],
    "poTechCenterId": "1600"
  },
  {
    "proceedingId": 1554925,
    "filingDate": "1706788810000",
    "instDecisionDate": "1706788810000",
    "userRole": "Lead Counsel",
    "proceedingNo": "IPR2024-00037",
    "poApplicationNumber": "15162995",
    "poPatentNumber": "9696956",
    "poRealParty": "--",
    "petitionerRealParty": "test, test et al.",
    "status": "Trial Instituted",
    "userPartyGroupType": "PETITIONER",
    "prcdCreatedTs": "2024-01-22 00:00:00.0",
    "lastModifiedTimestamp": "2024-02-05 10:28:00.0",
    "judges": ["Bisk, Jennifer", "Adams, Donald", "Anderson, Gregg"],
    "poTechCenterId": "2600"
  },
  {
    "proceedingId": 1555007,
    "filingDate": "1706702410000",
    "noticeAccordedFilingDate": "1706702410000",
    "poPreliminaryRespFilingDate": "1706702410000",
    "instDecisionDate": "1706702410000",
    "terminationDecisionDate": "1706702410000",
    "userRole": "Lead Counsel",
    "proceedingNo": "IPR2024-00095",
    "poApplicationNumber": "14838453",
    "poPatentNumber": "9738083",
    "poRealParty": "Big Tech co. et al.",
    "petitionerRealParty": "K, M et al.",
    "status": "Pending Director Review",
    "userPartyGroupType": "PETITIONER",
    "prcdCreatedTs": "2024-01-31 00:00:00.0",
    "lastModifiedTimestamp": "2024-01-31 12:57:46.0",
    "judges": ["Bisk, Jennifer", "Baumeister, B William", "Cherry, Kevin"],
    "poTechCenterId": "2800"
  },
  {
    "proceedingId": 1555037,
    "filingDate": "1706788810000",
    "userRole": "Lead Counsel",
    "proceedingNo": "IPR2024-00112",
    "poApplicationNumber": "15308515",
    "poPatentNumber": "9840094",
    "poRealParty": "--",
    "petitionerRealParty": "org",
    "status": "Petition filed",
    "userPartyGroupType": "PETITIONER",
    "prcdCreatedTs": "2024-02-01 00:00:00.0",
    "lastModifiedTimestamp": "2024-02-01 14:55:05.0",
    "judges": ["Bisk, Jennifer", "Astorino, Michael", "Boucher, Patrick"],
    "poTechCenterId": "2800"
  },
  {
    "proceedingId": 1555045,
    "filingDate": "1706875210000",
    "noticeAccordedFilingDate": "1706875210000",
    "poPreliminaryRespFilingDate": "1706875210000",
    "instDecisionDate": "1706875210000",
    "terminationDecisionDate": "1706875210000",
    "userRole": "Pro se",
    "proceedingNo": "IPR2024-00117",
    "poApplicationNumber": "14160734",
    "poPatentNumber": "9855488",
    "poRealParty": "K change, change",
    "petitionerRealParty": "Smith, John",
    "status": "Final Written Decision",
    "userPartyGroupType": "PATENTOWNER",
    "prcdCreatedTs": "2024-02-02 00:00:00.0",
    "lastModifiedTimestamp": "2024-02-02 11:31:11.0",
    "judges": [],
    "poTechCenterId": "3700"
  },
  {
    "proceedingId": 1544262,
    "filingDate": "1607515210000",
    "noticeAccordedFilingDate": "1608033610000",
    "poPreliminaryRespFilingDate": "1615806010000",
    "instDecisionDate": "1621422010000",
    "userRole": "Lead Counsel",
    "proceedingNo": "PGR2021-00014",
    "poApplicationNumber": "16445642",
    "poPatentNumber": "5555555",
    "poRealParty": "Gree, Inc.",
    "petitionerRealParty": "Supercell Oy",
    "status": "Final Written Decision",
    "userPartyGroupType": "PATENTOWNER",
    "prcdCreatedTs": "2020-12-06 00:00:00.0",
    "lastModifiedTimestamp": "2024-02-05 00:37:03.0",
    "judges": ["Browne, Lynne", "Jung, Hyun", "Marschall, Richard"],
    "poTechCenterId": "3700"
  },
  {
    "proceedingId": 1549114,
    "filingDate": "1643889610000",
    "noticeAccordedFilingDate": "1645012810000",
    "poPreliminaryRespFilingDate": "1652698810000",
    "instDecisionDate": "1658746810000",
    "terminationDecisionDate": "1691665210000",
    "userRole": "Back-up Counsel",
    "proceedingNo": "PGR2022-00023",
    "poApplicationNumber": "16827650",
    "poPatentNumber": "5555555",
    "poRealParty": "Genentech, Inc. et al.",
    "petitionerRealParty": "Dr. Reddy's Laboratories, Inc. et al.",
    "status": "Trial Instituted",
    "userPartyGroupType": "PETITIONER",
    "prcdCreatedTs": "2022-02-03 00:00:00.0",
    "lastModifiedTimestamp": "2024-02-05 00:46:29.0",
    "judges": ["Fredman, Jeffrey", "Pollock, Robert", "Yang, Zhenyu"],
    "poTechCenterId": "1600"
  },
  {
    "proceedingId": 1554929,
    "filingDate": "1706270410000",
    "userRole": "Lead Counsel",
    "proceedingNo": "PGR2024-00013",
    "poApplicationNumber": "15273042",
    "poPatentNumber": "9695964",
    "poRealParty": "--",
    "petitionerRealParty": "RPTest, RPTest et al.",
    "status": "Petition filed",
    "userPartyGroupType": "PETITIONER",
    "prcdCreatedTs": "2024-01-22 00:00:00.0",
    "lastModifiedTimestamp": "2024-01-29 11:32:18.0",
    "judges": [],
    "poTechCenterId": "3600"
  },
  {
    "proceedingId": 1550108,
    "filingDate": "1660561210000",
    "noticeAccordedFilingDate": "1661857210000",
    "poPreliminaryRespFilingDate": "1669809610000",
    "instDecisionDate": "1677240010000",
    "userRole": "Back-up Counsel",
    "proceedingNo": "IPR2022-01374",
    "poApplicationNumber": "11801781",
    "poPatentNumber": "5555555",
    "poRealParty": "Lone Star SCM Systems, Ltd.",
    "petitionerRealParty": "Zebra Technologies Corporation",
    "status": "Trial Instituted",
    "userPartyGroupType": "PATENTOWNER",
    "prcdCreatedTs": "2022-08-05 00:00:00.0",
    "lastModifiedTimestamp": "2024-02-05 00:55:02.0",
    "judges": ["Moore, Aaron", "Barrett, Ken", "Margolies, Stacy"],
    "poTechCenterId": "2600"
  },
  {
    "proceedingId": 1550748,
    "filingDate": "1671192010000",
    "noticeAccordedFilingDate": "1674561610000",
    "poPreliminaryRespFilingDate": "1681988410000",
    "instDecisionDate": "1687950010000",
    "userRole": "Back-up Counsel",
    "proceedingNo": "IPR2023-00341",
    "poApplicationNumber": "14830710",
    "poPatentNumber": "9483448",
    "poRealParty": "Samesurf, Inc",
    "petitionerRealParty": "Intuit Inc.",
    "status": "Trial Instituted",
    "userPartyGroupType": "PETITIONER",
    "prcdCreatedTs": "2022-12-12 00:00:00.0",
    "lastModifiedTimestamp": "2023-10-03 00:28:57.0",
    "judges": ["Benoit, Barbara", "Easthom, Karl", "Bennett, Phillip"],
    "poTechCenterId": "2400"
  },
  {
    "proceedingId": 1554821,
    "filingDate": "1702641610000",
    "noticeAccordedFilingDate": "1705665610000",
    "poPreliminaryRespFilingDate": "1706011210000",
    "instDecisionDate": "1706529610000",
    "userRole": "Lead Counsel",
    "proceedingNo": "IPR2024-00017",
    "poApplicationNumber": "08183369",
    "poPatentNumber": "5555555",
    "poRealParty": "Monroe, James et al.",
    "petitionerRealParty": "MK Org",
    "status": "Trial Instituted",
    "userPartyGroupType": "PATENTOWNER",
    "prcdCreatedTs": "2023-12-14 00:00:00.0",
    "lastModifiedTimestamp": "2024-01-29 14:58:20.0",
    "judges": [
      "Bisk, Jennifer",
      "Ankenbrand, Michelle",
      "Begley, Kerry",
      "Busch, Justin"
    ],
    "poTechCenterId": "2600"
  },
  {
    "proceedingId": 1554861,
    "filingDate": "1704369610000",
    "noticeAccordedFilingDate": "1704369610000",
    "instDecisionDate": "1704369610000",
    "userRole": "Pro se",
    "proceedingNo": "IPR2024-00022",
    "poApplicationNumber": "14990986",
    "poPatentNumber": "8941331",
    "poRealParty": "--",
    "petitionerRealParty": "Baker, Robert",
    "status": "Trial Instituted",
    "userPartyGroupType": "PETITIONER",
    "prcdCreatedTs": "2024-01-04 00:00:00.0",
    "lastModifiedTimestamp": "2024-01-26 15:32:55.0",
    "judges": ["Plenzler, Jeremy", "Arbes, Justin", "Beamer, Norman"],
    "poTechCenterId": "3600"
  },
  {
    "proceedingId": 1554937,
    "filingDate": "1705924810000",
    "noticeAccordedFilingDate": "1706011210000",
    "userRole": "Lead Counsel",
    "proceedingNo": "IPR2024-00042",
    "poApplicationNumber": "08183369",
    "poPatentNumber": "5555555",
    "poRealParty": "Last, First et al.",
    "petitionerRealParty": "K, M",
    "status": "Notice of Filing Date Accorded",
    "userPartyGroupType": "PETITIONER",
    "prcdCreatedTs": "2024-01-22 00:00:00.0",
    "lastModifiedTimestamp": "2024-01-23 16:48:09.0",
    "judges": [],
    "poTechCenterId": "2600"
  },
  {
    "proceedingId": 1554951,
    "filingDate": "1706097610000",
    "noticeAccordedFilingDate": "1706097610000",
    "poPreliminaryRespFilingDate": "1706097610000",
    "instDecisionDate": "1706097610000",
    "terminationDecisionDate": "1706097610000",
    "userRole": "Lead Counsel",
    "proceedingNo": "IPR2024-00048",
    "poApplicationNumber": "15498806",
    "poPatentNumber": "9843454",
    "poRealParty": "ORG",
    "petitionerRealParty": "Smith, John et al.",
    "status": "Institution Denied",
    "userPartyGroupType": "PETITIONER",
    "prcdCreatedTs": "2024-01-24 00:00:00.0",
    "lastModifiedTimestamp": "2024-02-05 11:00:36.0",
    "judges": ["Bisk, Jennifer", "Boudreau, Charles", "Capp, William"],
    "poTechCenterId": "2600"
  },
  {
    "proceedingId": 1554956,
    "filingDate": "1706184010000",
    "userRole": "Lead Counsel",
    "proceedingNo": "IPR2024-00051",
    "poApplicationNumber": "08183369",
    "poPatentNumber": "5555555",
    "poRealParty": "--",
    "petitionerRealParty": "ORG",
    "status": "Petition filed",
    "userPartyGroupType": "PETITIONER",
    "prcdCreatedTs": "2024-01-25 00:00:00.0",
    "lastModifiedTimestamp": "2024-01-30 08:36:54.0",
    "judges": [
      "Baumeister, B William",
      "Bennett, Phillip",
      "Boudreau, Charles"
    ],
    "poTechCenterId": "2600"
  },
  {
    "proceedingId": 1554973,
    "filingDate": "1706529610000",
    "userRole": "Lead Counsel",
    "proceedingNo": "IPR2024-00066",
    "poApplicationNumber": "08183369",
    "poPatentNumber": "5555555",
    "poRealParty": "--",
    "petitionerRealParty": "ORG",
    "status": "Petition filed",
    "userPartyGroupType": "PETITIONER",
    "prcdCreatedTs": "2024-01-29 00:00:00.0",
    "lastModifiedTimestamp": "2024-01-30 09:54:14.0",
    "judges": [],
    "poTechCenterId": "2600"
  },
  {
    "proceedingId": 1549916,
    "filingDate": "1656327610000",
    "noticeAccordedFilingDate": "1658833210000",
    "instDecisionDate": "1674561610000",
    "userRole": "Back-up Counsel",
    "proceedingNo": "PGR2022-00050",
    "poApplicationNumber": "17087652",
    "poPatentNumber": "5555555",
    "poRealParty": "SHENZHEN SVAKOM TECHNOLOGY CO., LTD.",
    "petitionerRealParty": "Danxiao Information Technology Ltd.",
    "status": "Final Written Decision",
    "userPartyGroupType": "PATENTOWNER",
    "prcdCreatedTs": "2022-06-27 00:00:00.0",
    "lastModifiedTimestamp": "2024-02-05 00:42:59.0",
    "judges": ["Melvin, Jason", "Ahmed, Iftikhar", "Fenick, Sharon"],
    "poTechCenterId": "2600"
  },
  {
    "proceedingId": 1554905,
    "filingDate": "1705579210000",
    "noticeAccordedFilingDate": "1705579210000",
    "poPreliminaryRespFilingDate": "1706097610000",
    "instDecisionDate": "1706875210000",
    "terminationDecisionDate": "1706875210000",
    "userRole": "Lead Counsel",
    "proceedingNo": "PGR2024-00009",
    "poApplicationNumber": "14427131",
    "poPatentNumber": "9856756",
    "poRealParty": "Rockets & Sprockets Co.",
    "petitionerRealParty": "Barron, Steve",
    "status": "Terminated",
    "userPartyGroupType": "PETITIONER",
    "prcdCreatedTs": "2024-01-18 00:00:00.0",
    "lastModifiedTimestamp": "2024-02-02 13:37:48.0",
    "judges": [],
    "poTechCenterId": "3700"
  },
  {
    "proceedingId": 1549565,
    "filingDate": "1651834810000",
    "noticeAccordedFilingDate": "1653390010000",
    "poPreliminaryRespFilingDate": "1661425210000",
    "instDecisionDate": "1668686410000",
    "terminationDecisionDate": "1668686410000",
    "userRole": "Lead Counsel",
    "proceedingNo": "IPR2022-00935",
    "poApplicationNumber": "15660785",
    "poPatentNumber": "5555555",
    "poRealParty": "University of Washington et al.",
    "petitionerRealParty": "Guardant Health, Inc.",
    "status": "Pending Director Review",
    "userPartyGroupType": "PATENTOWNER",
    "prcdCreatedTs": "2022-04-27 00:00:00.0",
    "lastModifiedTimestamp": "2024-02-05 00:38:22.0",
    "judges": ["New, John", "Yang, Zhenyu", "Hulse, Tina"],
    "poTechCenterId": "1600"
  },
  {
    "proceedingId": 1550092,
    "filingDate": "1659697210000",
    "noticeAccordedFilingDate": "1662634810000",
    "poPreliminaryRespFilingDate": "1670500810000",
    "instDecisionDate": "1677844810000",
    "userRole": "Back-up Counsel",
    "proceedingNo": "IPR2022-01359",
    "poApplicationNumber": "13568216",
    "poPatentNumber": "5555555",
    "poRealParty": "Consumeron, LLC",
    "petitionerRealParty": "Maplebear Inc. d/b/a Instacart",
    "status": "Trial Instituted",
    "userPartyGroupType": "PETITIONER",
    "prcdCreatedTs": "2022-08-03 00:00:00.0",
    "lastModifiedTimestamp": "2024-02-05 00:45:46.0",
    "judges": [],
    "poTechCenterId": "3600"
  },
  {
    "proceedingId": 1554591,
    "filingDate": "1694084410000",
    "noticeAccordedFilingDate": "1695034810000",
    "instDecisionDate": "1695898810000",
    "terminationDecisionDate": "1695898810000",
    "userRole": "Back-up Counsel",
    "proceedingNo": "IPR2023-01390",
    "poApplicationNumber": "11408146",
    "poPatentNumber": "8201243",
    "poRealParty": "--",
    "petitionerRealParty": "Trend Micro, Inc et al.",
    "status": "Institution Denied",
    "userPartyGroupType": "PETITIONER",
    "prcdCreatedTs": "2023-09-07 00:00:00.0",
    "lastModifiedTimestamp": "2023-09-28 14:37:06.0",
    "judges": ["Bisk, Jennifer", "Astorino, Michael", "Anderson, Gregg"],
    "poTechCenterId": "2400"
  },
  {
    "proceedingId": 1554935,
    "filingDate": "1705924810000",
    "noticeAccordedFilingDate": "1706184010000",
    "userRole": "Lead Counsel",
    "proceedingNo": "IPR2024-00040",
    "poApplicationNumber": "08183369",
    "poPatentNumber": "5555555",
    "poRealParty": "--",
    "petitionerRealParty": "Last, First",
    "status": "Notice of Filing Date Accorded",
    "userPartyGroupType": "PETITIONER",
    "prcdCreatedTs": "2024-01-22 00:00:00.0",
    "lastModifiedTimestamp": "2024-01-31 11:20:38.0",
    "judges": ["Barrett, Ken", "Cass, Russell", "Fenick, Sharon"],
    "poTechCenterId": "2600"
  },
  {
    "proceedingId": 1555081,
    "filingDate": "1707393610000",
    "userRole": "Lead Counsel",
    "proceedingNo": "IPR2024-00138",
    "poApplicationNumber": "14809477",
    "poPatentNumber": "9695965",
    "poRealParty": "--",
    "petitionerRealParty": "RealLast, RealFirst et al.",
    "status": "Petition filed",
    "userPartyGroupType": "PETITIONER",
    "prcdCreatedTs": "2024-02-08 00:00:00.0",
    "lastModifiedTimestamp": "2024-02-08 16:24:15.0",
    "judges": [],
    "poTechCenterId": "3700"
  },
  {
    "proceedingId": 1550812,
    "filingDate": "1671710410000",
    "noticeAccordedFilingDate": "1673438410000",
    "poPreliminaryRespFilingDate": "1681124410000",
    "instDecisionDate": "1688382010000",
    "userRole": "Back-up Counsel",
    "proceedingNo": "PGR2023-00014",
    "poApplicationNumber": "16608116",
    "poPatentNumber": "5555555",
    "poRealParty": "University of Massachusetts et al.",
    "petitionerRealParty": "Forte Biosciences, Inc.",
    "status": "Trial Instituted",
    "userPartyGroupType": "PETITIONER",
    "prcdCreatedTs": "2022-12-19 00:00:00.0",
    "lastModifiedTimestamp": "2024-01-17 12:36:22.0",
    "judges": ["Braden, Georgianna", "Pollock, Robert", "Valek, Michael"],
    "poTechCenterId": "1600"
  },
  {
    "proceedingId": 1555072,
    "filingDate": "1707307210000",
    "noticeAccordedFilingDate": "1707393610000",
    "userRole": "Lead Counsel",
    "proceedingNo": "DER2024-00014",
    "petitionerPatentNumber": "9856454",
    "petitionerApplicationNumber": "14191675",
    "poApplicationNumber": "15064468",
    "poPatentNumber": "9856465",
    "poRealParty": "--",
    "petitionerRealParty": "K, M",
    "status": "Notice of Filing Date Accorded",
    "userPartyGroupType": "PETITIONER",
    "prcdCreatedTs": "2024-02-07 00:00:00.0",
    "lastModifiedTimestamp": "2024-02-08 10:27:48.0",
    "judges": ["Bisk, Jennifer", "Barrett, Ken", "Lee, Jameson"],
    "petiTechCenterId": "1600",
    "poTechCenterId": "1600"
  },
  {
    "proceedingId": 1550040,
    "filingDate": "1659610810000",
    "noticeAccordedFilingDate": "1660042810000",
    "poPreliminaryRespFilingDate": "1667995210000",
    "instDecisionDate": "1675771210000",
    "userRole": "Lead Counsel",
    "proceedingNo": "IPR2022-01310",
    "poApplicationNumber": "12226342",
    "poPatentNumber": "5555555",
    "poRealParty": "Wirtgen America, Inc. et al.",
    "petitionerRealParty": "Caterpillar Inc. et al.",
    "status": "Trial Instituted",
    "userPartyGroupType": "PETITIONER",
    "prcdCreatedTs": "2022-07-25 00:00:00.0",
    "lastModifiedTimestamp": "2024-02-05 00:34:46.0",
    "judges": ["Marschall, Richard", "Grossman, Barry", "Mayberry, James"],
    "poTechCenterId": "3600"
  },
  {
    "proceedingId": 1554556,
    "filingDate": "1694516410000",
    "noticeAccordedFilingDate": "1696244410000",
    "instDecisionDate": "1705060810000",
    "terminationDecisionDate": "1705060810000",
    "userRole": "Back-up Counsel",
    "proceedingNo": "IPR2023-01372",
    "poApplicationNumber": "14204205",
    "poPatentNumber": "9657882",
    "poRealParty": "ABC Inc",
    "petitionerRealParty": "Omega Liner Company, Inc.",
    "status": "Institution Denied",
    "userPartyGroupType": "PATENTOWNER",
    "prcdCreatedTs": "2023-08-30 00:00:00.0",
    "lastModifiedTimestamp": "2024-01-12 14:42:14.0",
    "judges": [
      "Arbes, Justin",
      "Bayat, Bradley",
      "Bennett, Phillip",
      "Bisk, Jennifer"
    ],
    "poTechCenterId": "1700"
  },
  {
    "proceedingId": 1554592,
    "filingDate": "1694084410000",
    "noticeAccordedFilingDate": "1695034810000",
    "instDecisionDate": "1695898810000",
    "terminationDecisionDate": "1695898810000",
    "userRole": "Back-up Counsel",
    "proceedingNo": "IPR2023-01391",
    "poApplicationNumber": "13490294",
    "poPatentNumber": "8719932",
    "poRealParty": "--",
    "petitionerRealParty": "Trend Micro, Inc et al.",
    "status": "Institution Denied",
    "userPartyGroupType": "PETITIONER",
    "prcdCreatedTs": "2023-09-07 00:00:00.0",
    "lastModifiedTimestamp": "2023-09-28 12:59:29.0",
    "judges": [],
    "poTechCenterId": "2400"
  },
  {
    "proceedingId": 1554653,
    "filingDate": "1696244410000",
    "noticeAccordedFilingDate": "1701172810000",
    "instDecisionDate": "1705060810000",
    "terminationDecisionDate": "1705060810000",
    "userRole": "Back-up Counsel",
    "proceedingNo": "IPR2024-00001",
    "poApplicationNumber": "15103699",
    "poPatentNumber": "9834535",
    "poRealParty": "--",
    "petitionerRealParty": "Mittleman, Jan",
    "status": "Final Written Decision",
    "userPartyGroupType": "PETITIONER",
    "prcdCreatedTs": "2023-10-02 00:00:00.0",
    "lastModifiedTimestamp": "2024-01-12 12:15:35.0",
    "judges": [
      "Bisk, Jennifer",
      "Ankenbrand, Michelle",
      "Beamer, Norman",
      "Mayberry, James"
    ],
    "poTechCenterId": "1600"
  },
  {
    "proceedingId": 1554662,
    "filingDate": "1696935610000",
    "noticeAccordedFilingDate": "1696935610000",
    "instDecisionDate": "1705492810000",
    "userRole": "Back-up Counsel",
    "proceedingNo": "IPR2024-00004",
    "poApplicationNumber": "14229119",
    "poPatentNumber": "5555555",
    "poRealParty": "n, r",
    "petitionerRealParty": "Bender, Kyle",
    "status": "Trial Instituted",
    "userPartyGroupType": "PETITIONER",
    "prcdCreatedTs": "2023-10-05 00:00:00.0",
    "lastModifiedTimestamp": "2024-01-31 08:06:48.0",
    "judges": [
      "Bisk, Jennifer",
      "Mitchell, Susan",
      "Ankenbrand, Michelle",
      "Beamer, Norman"
    ],
    "poTechCenterId": "2100"
  },
  {
    "proceedingId": 1555016,
    "filingDate": "1706702410000",
    "noticeAccordedFilingDate": "1706702410000",
    "poPreliminaryRespFilingDate": "1706702410000",
    "instDecisionDate": "1706702410000",
    "terminationDecisionDate": "1706702410000",
    "userRole": "Lead Counsel",
    "proceedingNo": "IPR2024-00100",
    "poApplicationNumber": "14659189",
    "poPatentNumber": "9857785",
    "poRealParty": "Smith, John et al.",
    "petitionerRealParty": "Party, Real et al.",
    "status": "Institution Denied",
    "userPartyGroupType": "PETITIONER",
    "prcdCreatedTs": "2024-01-31 00:00:00.0",
    "lastModifiedTimestamp": "2024-02-01 15:53:25.0",
    "judges": ["Bisk, Jennifer", "Busch, Justin", "Kinder, Robert"],
    "poTechCenterId": "2100"
  },
  {
    "proceedingId": 1555082,
    "filingDate": "1707480010000",
    "userRole": "Lead Counsel",
    "proceedingNo": "IPR2024-00139",
    "poApplicationNumber": "08183369",
    "poPatentNumber": "5555555",
    "poRealParty": "--",
    "petitionerRealParty": "K, M",
    "status": "Petition filed",
    "userPartyGroupType": "PETITIONER",
    "prcdCreatedTs": "2024-02-09 00:00:00.0",
    "lastModifiedTimestamp": "2024-02-09 13:28:52.0",
    "judges": [],
    "poTechCenterId": "2600"
  },
  {
    "proceedingId": 1548487,
    "filingDate": "1633431610000",
    "noticeAccordedFilingDate": "1634209210000",
    "poPreliminaryRespFilingDate": "1642075210000",
    "instDecisionDate": "1649070010000",
    "terminationDecisionDate": "1649070010000",
    "userRole": "Lead Counsel",
    "proceedingNo": "PGR2022-00002",
    "poApplicationNumber": "16423116",
    "poPatentNumber": "5555555",
    "poRealParty": "TS Conductor Corp.",
    "petitionerRealParty": "CTC Global Corporation",
    "status": "Institution Denied",
    "userPartyGroupType": "PATENTOWNER",
    "prcdCreatedTs": "2021-10-05 00:00:00.0",
    "lastModifiedTimestamp": "2024-02-05 00:41:53.0",
    "judges": ["Barrett, Ken", "Finamore, Alyssa", "Jeschke, Eric"],
    "poTechCenterId": "3700"
  },
  {
    "proceedingId": 1555038,
    "filingDate": "1706788810000",
    "noticeAccordedFilingDate": "1706788810000",
    "instDecisionDate": "1706788810000",
    "userRole": "Lead Counsel",
    "proceedingNo": "PGR2024-00029",
    "poApplicationNumber": "12866925",
    "poPatentNumber": "9695946",
    "poRealParty": "--",
    "petitionerRealParty": "test, test",
    "status": "Trial Instituted",
    "userPartyGroupType": "PETITIONER",
    "prcdCreatedTs": "2024-02-01 00:00:00.0",
    "lastModifiedTimestamp": "2024-02-09 13:50:05.0",
    "judges": ["Bisk, Jennifer", "Barrett, Ken", "Cotta, David"],
    "poTechCenterId": "3700"
  }
]
