[
  {
    "rehearingId": 319117,
    "rehearingTypeId": 2,
    "rehearingTypeNm": "final written decision",
    "rehearingStatusId": 5,
    "rehearingStatusName": "initiated",
    "rehearingStatusDisplayName": "initiated",
    "requestorTypeId": 1,
    "requestorTypeName": "Petitioner",
    "filedDate": "2024-02-01 09:07:12.0",
    "proceedingId": 1554906,
    "proceedingNumber": "IPR2024-00026",
    "userPartyGroupType": "petitioner",
    "rehearingDocuments": [
      {
        "name": "test",
        "category": "PAPER",
        "fileName": "Test.pdf",
        "filingParty": "petitioner",
        "availability": "Public",
        "documentTypeIdentifier": 225,
        "documentTypeCode": "RH:FWD",
        "documentTypeDescription": "Rehearing request:  FWD",
        "pageCount": 1,
        "contentManagementId": "PTAB/712275b6-cd56-454d-a516-341dd6f9d174",
        "artifactIdentifer": "DMKjsv-Qmdha4IkJ3VlTBp7Hs7yS4sGYBLFgS1CsdNmrTF7KCw8vOMQ",
        "artifactSubmissionIdentifier": 85881666,
        "filingDate": 1706796282,
        "filingDateString": "02/01/2024",
        "fileSize": 0,
        "documentStatus": "INITIATED",
        "directionCode": "INCOMING",
        "documentTypeCustomAttributes": {
          "motionTypeIds": [],
          "rehearingIds": [],
          "attributes": [
            {
              "id": 28,
              "label": "Rehearing Request Date",
              "dataType": "date",
              "uielementId": "ID_RHRREQDT",
              "value": "1",
              "mandatory": false,
              "visibility": false,
              "rolesForEdit": ["Supervisor"]
            }
          ]
        },
        "warningMessageList": [],
        "availablitySummary": {
          "code": "PUBLIC",
          "descriptionText": "Available for everyone.",
          "displayNameText": "Public"
        },
        "roleSummary": {
          "code": "PETITIONER",
          "descriptionText": "Indicates artifact was submitted on behalf of Petitioner.",
          "displayNameText": "Petitioner"
        },
        "artifactSummary": {
          "code": "PAPER",
          "descriptionText": "Paper"
        }
      },
      {
        "name": "ex 1005",
        "category": "EXHIBIT",
        "fileName": "Test.pdf",
        "filingParty": "petitioner",
        "availability": "Parties and Board",
        "exhibitNumber": 1005,
        "pageCount": 1,
        "contentManagementId": "PTAB/1a0ce590-9186-4e77-9d7e-04ba953d8cd8",
        "artifactIdentifer": "PnU1_LFUO0a2r0OYlHrukVhWj0LHBXrYhwqFbSNCGKDhpILrBM4222o",
        "artifactSubmissionIdentifier": 85881667,
        "filingDate": 1706796292,
        "filingDateString": "02/01/2024",
        "fileSize": 0,
        "documentStatus": "INITIATED",
        "directionCode": "INCOMING",
        "warningMessageList": [],
        "availablitySummary": {
          "code": "PRIVATE",
          "descriptionText": "Available to parties and board.",
          "displayNameText": "Parties and Board"
        },
        "roleSummary": {
          "code": "PETITIONER",
          "descriptionText": "Indicates artifact was submitted on behalf of Petitioner.",
          "displayNameText": "Petitioner"
        },
        "artifactSummary": {
          "code": "EXHIBIT",
          "descriptionText": "Exhibit"
        }
      }
    ]
  }
]
