[
  {
    "rehearingId": 319047,
    "rehearingTypeId": 2,
    "rehearingTypeNm": "final written decision",
    "rehearingStatusId": 1,
    "rehearingStatusName": "pending review",
    "rehearingStatusDisplayName": "pending review",
    "requestorTypeId": 2,
    "requestorTypeName": "Patent Owner",
    "filedDate": "2024-01-23 12:27:25.0",
    "proceedingId": 1554940,
    "proceedingNumber": "IPR2024-00045",
    "userPartyGroupType": "petitioner",
    "rehearingDocuments": [
      {
        "documentNumber": 16,
        "name": "test",
        "category": "PAPER",
        "fileName": "Lorem Ipsum.pdf",
        "filingParty": "patent owner",
        "availability": "Parties and Board",
        "documentTypeIdentifier": 225,
        "documentTypeCode": "RH:FWD",
        "documentTypeDescription": "Rehearing request:  FWD",
        "pageCount": 2,
        "contentManagementId": "PTAB/bf7e8112-1f2d-45ab-9d73-1ea44634ff62",
        "artifactIdentifer": "HKHF3_YdpIDIATTknlDnU8AUnlau5zd_uDW9GnpVdyni0RWO4KZxDB4",
        "artifactSubmissionIdentifier": 85880823,
        "filingDate": 1706030845,
        "filingDateString": "01/23/2024",
        "fileSize": 0,
        "documentStatus": "PENDING",
        "directionCode": "INCOMING",
        "documentTypeCustomAttributes": {
          "motionTypeIds": [],
          "rehearingIds": [],
          "attributes": [
            {
              "id": 28,
              "label": "Rehearing Request Date",
              "dataType": "date",
              "uielementId": "ID_RHRREQDT",
              "value": "1",
              "mandatory": false,
              "visibility": false,
              "rolesForEdit": ["Supervisor"]
            }
          ]
        },
        "warningMessageList": [],
        "availablitySummary": {
          "code": "PRIVATE",
          "descriptionText": "Available to parties and board.",
          "displayNameText": "Parties and Board"
        },
        "roleSummary": {
          "code": "PATENT OWNER",
          "descriptionText": "Indicates artifact was submitted on behalf of Patent Owner.",
          "displayNameText": "Patent owner"
        },
        "artifactSummary": {
          "code": "PAPER",
          "descriptionText": "Paper"
        }
      }
    ]
  },
  {
    "rehearingId": 319025,
    "rehearingTypeId": 1,
    "rehearingTypeNm": "institution decision",
    "rehearingStatusId": 1,
    "rehearingStatusName": "pending review",
    "rehearingStatusDisplayName": "pending review",
    "requestorTypeId": 2,
    "requestorTypeName": "Patent Owner",
    "filedDate": "2024-01-16 22:49:21.0",
    "proceedingId": 1550869,
    "proceedingNumber": "IPR2023-00426",
    "userPartyGroupType": "patent owner",
    "rehearingDocuments": [
      {
        "documentNumber": 13,
        "name": "test",
        "category": "PAPER",
        "fileName": "Test.pdf",
        "filingParty": "patent owner",
        "availability": "Parties and Board",
        "documentTypeIdentifier": 224,
        "documentTypeCode": "RH:INST",
        "documentTypeDescription": "Rehearing request: Institution",
        "pageCount": 1,
        "contentManagementId": "PTAB/82b1c3e8-2bd6-457a-8a93-9c662cdfc4c7",
        "artifactIdentifer": "ZWo51HgNsKio5b7hu_4pWWo7Xlca8ZKWbHqjXmpV03kOaf1gRyvqbL4",
        "artifactSubmissionIdentifier": 85880535,
        "filingDate": 1705463361,
        "filingDateString": "01/16/2024",
        "fileSize": 0,
        "documentStatus": "PENDING",
        "directionCode": "INCOMING",
        "documentTypeCustomAttributes": {
          "motionTypeIds": [],
          "rehearingIds": [],
          "attributes": [
            {
              "id": 28,
              "label": "Rehearing Request Date",
              "dataType": "date",
              "uielementId": "ID_RHRREQDT",
              "value": "1",
              "mandatory": false,
              "visibility": false,
              "rolesForEdit": ["Supervisor"]
            }
          ]
        },
        "warningMessageList": [],
        "availablitySummary": {
          "code": "PRIVATE",
          "descriptionText": "Available to parties and board.",
          "displayNameText": "Parties and Board"
        },
        "roleSummary": {
          "code": "PATENT OWNER",
          "descriptionText": "Indicates artifact was submitted on behalf of Patent Owner.",
          "displayNameText": "Patent owner"
        },
        "artifactSummary": {
          "code": "PAPER",
          "descriptionText": "Paper"
        }
      }
    ]
  },
  {
    "rehearingId": 319152,
    "rehearingTypeId": 2,
    "rehearingTypeNm": "final written decision",
    "rehearingStatusId": 1,
    "rehearingStatusName": "pending review",
    "rehearingStatusDisplayName": "pending review",
    "requestorTypeId": 1,
    "requestorTypeName": "Petitioner",
    "filedDate": "2024-02-02 11:31:10.0",
    "proceedingId": 1555045,
    "proceedingNumber": "IPR2024-00117",
    "userPartyGroupType": "patent owner",
    "rehearingDocuments": [
      {
        "documentNumber": 9,
        "name": "Rehearing request: FWD",
        "category": "PAPER",
        "fileName": "Sample_1.pdf",
        "filingParty": "petitioner",
        "availability": "Parties and Board",
        "documentTypeIdentifier": 225,
        "documentTypeCode": "RH:FWD",
        "documentTypeDescription": "Rehearing request:  FWD",
        "pageCount": 1,
        "contentManagementId": "PTAB/a19e28ef-020f-4257-b87a-de473db57a51",
        "artifactIdentifer": "RSw7dDbU1fyDktsDB2_PLX0HhPoRPRgLtoI2dKX2uLY_9LhY1tI1i50",
        "artifactSubmissionIdentifier": 85882009,
        "filingDate": 1706891470,
        "filingDateString": "02/02/2024",
        "fileSize": 0,
        "documentStatus": "PENDING",
        "directionCode": "INCOMING",
        "documentTypeCustomAttributes": {
          "motionTypeIds": [],
          "rehearingIds": [],
          "attributes": [
            {
              "id": 28,
              "label": "Rehearing Request Date",
              "dataType": "date",
              "uielementId": "ID_RHRREQDT",
              "value": "1",
              "mandatory": false,
              "visibility": false,
              "rolesForEdit": ["Supervisor"]
            }
          ]
        },
        "warningMessageList": [],
        "availablitySummary": {
          "code": "PRIVATE",
          "descriptionText": "Available to parties and board.",
          "displayNameText": "Parties and Board"
        },
        "roleSummary": {
          "code": "PETITIONER",
          "descriptionText": "Indicates artifact was submitted on behalf of Petitioner.",
          "displayNameText": "Petitioner"
        },
        "artifactSummary": {
          "code": "PAPER",
          "descriptionText": "Paper"
        }
      },
      {
        "name": "Exhibit 1001",
        "category": "EXHIBIT",
        "fileName": "Sample.pdf",
        "filingParty": "petitioner",
        "availability": "Parties and Board",
        "exhibitNumber": 1001,
        "pageCount": 1,
        "contentManagementId": "PTAB/3d05f1fd-2ef3-44ff-acfd-7c71c1b4c819",
        "artifactIdentifer": "tuJ_rXYUKlQLLiq7WYmFmyeHT5oP7_pPNBrkQaEW7csXpFB2UOL47i4",
        "artifactSubmissionIdentifier": 85882010,
        "filingDate": 1706891470,
        "filingDateString": "02/02/2024",
        "fileSize": 0,
        "documentStatus": "PENDING",
        "directionCode": "INCOMING",
        "warningMessageList": [],
        "availablitySummary": {
          "code": "PRIVATE",
          "descriptionText": "Available to parties and board.",
          "displayNameText": "Parties and Board"
        },
        "roleSummary": {
          "code": "PETITIONER",
          "descriptionText": "Indicates artifact was submitted on behalf of Petitioner.",
          "displayNameText": "Petitioner"
        },
        "artifactSummary": {
          "code": "EXHIBIT",
          "descriptionText": "Exhibit"
        }
      }
    ]
  },
  {
    "rehearingId": 319083,
    "rehearingTypeId": 1,
    "rehearingTypeNm": "institution decision",
    "rehearingStatusId": 1,
    "rehearingStatusName": "pending review",
    "rehearingStatusDisplayName": "pending review",
    "requestorTypeId": 1,
    "requestorTypeName": "Petitioner",
    "filedDate": "2024-01-31 12:22:18.0",
    "proceedingId": 1555007,
    "proceedingNumber": "IPR2024-00095",
    "userPartyGroupType": "petitioner",
    "rehearingDocuments": [
      {
        "documentNumber": 15,
        "name": "test",
        "category": "PAPER",
        "fileName": "Test.pdf",
        "filingParty": "petitioner",
        "availability": "Public",
        "documentTypeIdentifier": 224,
        "documentTypeCode": "RH:INST",
        "documentTypeDescription": "Rehearing request: Institution",
        "pageCount": 1,
        "contentManagementId": "PTAB/42273faf-935f-4ecb-8e1d-83a463611eaf",
        "artifactIdentifer": "4c2JvLjG_Z96BFw465yw7cdzgZNXbKwtUrK0FbW4QdgoiBcOG31kMdU",
        "artifactSubmissionIdentifier": 85881422,
        "filingDate": 1706721738,
        "filingDateString": "01/31/2024",
        "fileSize": 0,
        "documentStatus": "PENDING",
        "directionCode": "INCOMING",
        "documentTypeCustomAttributes": {
          "motionTypeIds": [],
          "rehearingIds": [],
          "attributes": [
            {
              "id": 28,
              "label": "Rehearing Request Date",
              "dataType": "date",
              "uielementId": "ID_RHRREQDT",
              "value": "1",
              "mandatory": false,
              "visibility": false,
              "rolesForEdit": ["Supervisor"]
            }
          ]
        },
        "warningMessageList": [],
        "availablitySummary": {
          "code": "PUBLIC",
          "descriptionText": "Available for everyone.",
          "displayNameText": "Public"
        },
        "roleSummary": {
          "code": "PETITIONER",
          "descriptionText": "Indicates artifact was submitted on behalf of Petitioner.",
          "displayNameText": "Petitioner"
        },
        "artifactSummary": {
          "code": "PAPER",
          "descriptionText": "Paper"
        }
      },
      {
        "name": "ex 1016",
        "category": "EXHIBIT",
        "fileName": "Test.pdf",
        "filingParty": "petitioner",
        "availability": "Parties and Board",
        "exhibitNumber": 1016,
        "pageCount": 1,
        "contentManagementId": "PTAB/a97cf3fc-08e2-41fe-85c6-36001057075c",
        "artifactIdentifer": "M3-yaQBc6E1gsdMMKwIU0_M2SV1pjM9zlvT-NCKn5J66_HIKEcZLIak",
        "artifactSubmissionIdentifier": 85881423,
        "filingDate": 1706721739,
        "filingDateString": "01/31/2024",
        "fileSize": 0,
        "documentStatus": "PENDING",
        "directionCode": "INCOMING",
        "warningMessageList": [],
        "availablitySummary": {
          "code": "PRIVATE",
          "descriptionText": "Available to parties and board.",
          "displayNameText": "Parties and Board"
        },
        "roleSummary": {
          "code": "PETITIONER",
          "descriptionText": "Indicates artifact was submitted on behalf of Petitioner.",
          "displayNameText": "Petitioner"
        },
        "artifactSummary": {
          "code": "EXHIBIT",
          "descriptionText": "Exhibit"
        }
      },
      {
        "name": "test",
        "category": "EXHIBIT",
        "fileName": "Test.pdf",
        "filingParty": "petitioner",
        "availability": "Parties and Board",
        "exhibitNumber": 1017,
        "pageCount": 1,
        "contentManagementId": "PTAB/3e7ef291-effb-49e5-a7b5-5282577c1753",
        "artifactIdentifer": "4h2KqQn-EOEGMgiwY7AT8gouzCmhX5KK74ohNkNl5-McXbzSX6Woals",
        "artifactSubmissionIdentifier": 85881424,
        "filingDate": 1706721739,
        "filingDateString": "01/31/2024",
        "fileSize": 0,
        "documentStatus": "PENDING",
        "directionCode": "INCOMING",
        "warningMessageList": [],
        "availablitySummary": {
          "code": "PRIVATE",
          "descriptionText": "Available to parties and board.",
          "displayNameText": "Parties and Board"
        },
        "roleSummary": {
          "code": "PETITIONER",
          "descriptionText": "Indicates artifact was submitted on behalf of Petitioner.",
          "displayNameText": "Petitioner"
        },
        "artifactSummary": {
          "code": "EXHIBIT",
          "descriptionText": "Exhibit"
        }
      }
    ]
  },
  {
    "rehearingId": 319094,
    "rehearingTypeId": 1,
    "rehearingTypeNm": "institution decision",
    "rehearingStatusId": 1,
    "rehearingStatusName": "pending review",
    "rehearingStatusDisplayName": "pending review",
    "requestorTypeId": 2,
    "requestorTypeName": "Patent Owner",
    "filedDate": "2024-01-31 17:28:57.0",
    "proceedingId": 1554954,
    "proceedingNumber": "IPR2024-00050",
    "userPartyGroupType": "patent owner",
    "rehearingDocuments": [
      {
        "documentNumber": 13,
        "name": "test rehearing",
        "category": "PAPER",
        "fileName": "TestformotionshyperlinkCopy.pdf",
        "filingParty": "patent owner",
        "availability": "Filing Party and Board",
        "documentTypeIdentifier": 224,
        "documentTypeCode": "RH:INST",
        "documentTypeDescription": "Rehearing request: Institution",
        "pageCount": 1,
        "contentManagementId": "PTAB/cc17768d-5c12-4bab-aa5c-6327fff643eb",
        "artifactIdentifer": "JhhbqgM4YILGGEr7gu1ridG4gTO2zGBHUhFpfDoTlBmdpIP1XOMFRT4",
        "artifactSubmissionIdentifier": 85881618,
        "filingDate": 1706740150,
        "filingDateString": "01/31/2024",
        "fileSize": 0,
        "documentStatus": "PENDING",
        "directionCode": "INCOMING",
        "documentTypeCustomAttributes": {
          "motionTypeIds": [],
          "rehearingIds": [],
          "attributes": [
            {
              "id": 28,
              "label": "Rehearing Request Date",
              "dataType": "date",
              "uielementId": "ID_RHRREQDT",
              "value": "1",
              "mandatory": false,
              "visibility": false,
              "rolesForEdit": ["Supervisor"]
            }
          ]
        },
        "warningMessageList": [],
        "availablitySummary": {
          "code": "CONFIDENTIAL",
          "descriptionText": "Available to filing party and board.",
          "displayNameText": "Filing Party and Board"
        },
        "roleSummary": {
          "code": "PATENT OWNER",
          "descriptionText": "Indicates artifact was submitted on behalf of Patent Owner.",
          "displayNameText": "Patent owner"
        },
        "artifactSummary": {
          "code": "PAPER",
          "descriptionText": "Paper"
        }
      },
      {
        "name": "exhibit 2006",
        "category": "EXHIBIT",
        "fileName": "Test for motions hyperlink.pdf",
        "filingParty": "patent owner",
        "availability": "Filing Party and Board",
        "exhibitNumber": 2006,
        "pageCount": 1,
        "contentManagementId": "PTAB/902ac24a-9496-492f-a5ae-604e6439a8ce",
        "artifactIdentifer": "sIiePYmcFfMjIKgsbIKIZCM_mUPchfYGCZIBjB-alUZ3vGziEkIjx_w",
        "artifactSubmissionIdentifier": 85881619,
        "filingDate": 1706740150,
        "filingDateString": "01/31/2024",
        "fileSize": 0,
        "documentStatus": "PENDING",
        "directionCode": "INCOMING",
        "warningMessageList": [],
        "availablitySummary": {
          "code": "CONFIDENTIAL",
          "descriptionText": "Available to filing party and board.",
          "displayNameText": "Filing Party and Board"
        },
        "roleSummary": {
          "code": "PATENT OWNER",
          "descriptionText": "Indicates artifact was submitted on behalf of Patent Owner.",
          "displayNameText": "Patent owner"
        },
        "artifactSummary": {
          "code": "EXHIBIT",
          "descriptionText": "Exhibit"
        }
      }
    ]
  },
  {
    "rehearingId": 319024,
    "rehearingTypeId": 1,
    "rehearingTypeNm": "institution decision",
    "rehearingStatusId": 1,
    "rehearingStatusName": "pending review",
    "rehearingStatusDisplayName": "pending review",
    "requestorTypeId": 2,
    "requestorTypeName": "Patent Owner",
    "filedDate": "2024-01-16 22:00:27.0",
    "proceedingId": 1554436,
    "proceedingNumber": "IPR2023-01259",
    "userPartyGroupType": "patent owner",
    "rehearingDocuments": [
      {
        "documentNumber": 8,
        "name": "test",
        "category": "PAPER",
        "fileName": "Test.pdf",
        "filingParty": "patent owner",
        "availability": "Parties and Board",
        "documentTypeIdentifier": 224,
        "documentTypeCode": "RH:INST",
        "documentTypeDescription": "Rehearing request: Institution",
        "pageCount": 1,
        "contentManagementId": "PTAB/6de5e27f-3eb0-4df0-a686-2711fcf9d8e2",
        "artifactIdentifer": "mlzjCYnaj4UtjR1OXC-_pCCHxLvUsdPQwbVZDxHWmSXH8WFv8iqcC58",
        "artifactSubmissionIdentifier": 85880510,
        "filingDate": 1705460427,
        "filingDateString": "01/16/2024",
        "fileSize": 0,
        "documentStatus": "PENDING",
        "directionCode": "INCOMING",
        "documentTypeCustomAttributes": {
          "motionTypeIds": [],
          "rehearingIds": [],
          "attributes": [
            {
              "id": 28,
              "label": "Rehearing Request Date",
              "dataType": "date",
              "uielementId": "ID_RHRREQDT",
              "value": "1",
              "mandatory": false,
              "visibility": false,
              "rolesForEdit": ["Supervisor"]
            }
          ]
        },
        "warningMessageList": [],
        "availablitySummary": {
          "code": "PRIVATE",
          "descriptionText": "Available to parties and board.",
          "displayNameText": "Parties and Board"
        },
        "roleSummary": {
          "code": "PATENT OWNER",
          "descriptionText": "Indicates artifact was submitted on behalf of Patent Owner.",
          "displayNameText": "Patent owner"
        },
        "artifactSummary": {
          "code": "PAPER",
          "descriptionText": "Paper"
        }
      }
    ]
  },
  {
    "rehearingId": 319093,
    "rehearingTypeId": 2,
    "rehearingTypeNm": "final written decision",
    "rehearingStatusId": 1,
    "rehearingStatusName": "pending review",
    "rehearingStatusDisplayName": "pending review",
    "requestorTypeId": 2,
    "requestorTypeName": "Patent Owner",
    "filedDate": "2024-01-31 17:27:52.0",
    "proceedingId": 1554954,
    "proceedingNumber": "IPR2024-00050",
    "userPartyGroupType": "patent owner",
    "rehearingDocuments": [
      {
        "documentNumber": 12,
        "name": "test FWD",
        "category": "PAPER",
        "fileName": "Test.pdf",
        "filingParty": "patent owner",
        "availability": "Filing Party and Board",
        "documentTypeIdentifier": 225,
        "documentTypeCode": "RH:FWD",
        "documentTypeDescription": "Rehearing request:  FWD",
        "pageCount": 1,
        "contentManagementId": "PTAB/f8a11767-f03a-487f-91b5-a9be7a0c67d2",
        "artifactIdentifer": "FSW_-3MFAZ90QW1PPJzOwiWrx6x3lBtzd1ixG5Q_lllwnGm4jvEuxfQ",
        "artifactSubmissionIdentifier": 85881616,
        "filingDate": 1706740097,
        "filingDateString": "01/31/2024",
        "fileSize": 0,
        "documentStatus": "PENDING",
        "directionCode": "INCOMING",
        "documentTypeCustomAttributes": {
          "motionTypeIds": [],
          "rehearingIds": [],
          "attributes": [
            {
              "id": 28,
              "label": "Rehearing Request Date",
              "dataType": "date",
              "uielementId": "ID_RHRREQDT",
              "value": "1",
              "mandatory": false,
              "visibility": false,
              "rolesForEdit": ["Supervisor"]
            }
          ]
        },
        "warningMessageList": [],
        "availablitySummary": {
          "code": "CONFIDENTIAL",
          "descriptionText": "Available to filing party and board.",
          "displayNameText": "Filing Party and Board"
        },
        "roleSummary": {
          "code": "PATENT OWNER",
          "descriptionText": "Indicates artifact was submitted on behalf of Patent Owner.",
          "displayNameText": "Patent owner"
        },
        "artifactSummary": {
          "code": "PAPER",
          "descriptionText": "Paper"
        }
      },
      {
        "name": "ex 2005",
        "category": "EXHIBIT",
        "fileName": "Test.pdf",
        "filingParty": "patent owner",
        "availability": "Parties and Board",
        "exhibitNumber": 2005,
        "pageCount": 1,
        "contentManagementId": "PTAB/ae7057b0-1eb1-4463-a193-91c1d29a5123",
        "artifactIdentifer": "LdW9k9WaYbAe3hcyxf-RsxIvXKD55Vj7_jLoP6hbNjx2dzM5uf4nc-8",
        "artifactSubmissionIdentifier": 85881617,
        "filingDate": 1706740097,
        "filingDateString": "01/31/2024",
        "fileSize": 0,
        "documentStatus": "PENDING",
        "directionCode": "INCOMING",
        "warningMessageList": [],
        "availablitySummary": {
          "code": "PRIVATE",
          "descriptionText": "Available to parties and board.",
          "displayNameText": "Parties and Board"
        },
        "roleSummary": {
          "code": "PATENT OWNER",
          "descriptionText": "Indicates artifact was submitted on behalf of Patent Owner.",
          "displayNameText": "Patent owner"
        },
        "artifactSummary": {
          "code": "EXHIBIT",
          "descriptionText": "Exhibit"
        }
      }
    ]
  },
  {
    "rehearingId": 319034,
    "rehearingTypeId": 2,
    "rehearingTypeNm": "final written decision",
    "rehearingStatusId": 1,
    "rehearingStatusName": "pending review",
    "rehearingStatusDisplayName": "pending review",
    "requestorTypeId": 1,
    "requestorTypeName": "Petitioner",
    "filedDate": "2024-01-22 11:34:27.0",
    "proceedingId": 1554662,
    "proceedingNumber": "IPR2024-00004",
    "userPartyGroupType": "petitioner",
    "rehearingDocuments": [
      {
        "documentNumber": 17,
        "name": "test update",
        "category": "PAPER",
        "fileName": "Test.pdf",
        "filingParty": "petitioner",
        "availability": "Filing Party and Board",
        "documentTypeIdentifier": 225,
        "documentTypeCode": "RH:FWD",
        "documentTypeDescription": "Rehearing request:  FWD",
        "pageCount": 1,
        "contentManagementId": "PTAB/87feb203-1ad3-4777-a0c0-e2278fa7acb7",
        "artifactIdentifer": "5GtkwkbFyPqrzG7Tn6fOkU2AZBxvrlqoVGgSRRLm3kQyXUPuTY-gHko",
        "artifactSubmissionIdentifier": 85880684,
        "filingDate": 1705941397,
        "filingDateString": "01/22/2024",
        "fileSize": 0,
        "documentStatus": "PENDING",
        "directionCode": "INCOMING",
        "documentTypeCustomAttributes": {
          "motionTypeIds": [],
          "rehearingIds": [],
          "attributes": [
            {
              "id": 28,
              "label": "Rehearing Request Date",
              "dataType": "date",
              "uielementId": "ID_RHRREQDT",
              "value": "1",
              "mandatory": false,
              "visibility": false,
              "rolesForEdit": ["Supervisor"]
            }
          ]
        },
        "warningMessageList": [],
        "availablitySummary": {
          "code": "CONFIDENTIAL",
          "descriptionText": "Available to filing party and board.",
          "displayNameText": "Filing Party and Board"
        },
        "roleSummary": {
          "code": "PETITIONER",
          "descriptionText": "Indicates artifact was submitted on behalf of Petitioner.",
          "displayNameText": "Petitioner"
        },
        "artifactSummary": {
          "code": "PAPER",
          "descriptionText": "Paper"
        }
      },
      {
        "documentNumber": 18,
        "name": "paper 2 update 2",
        "category": "PAPER",
        "fileName": "Test.pdf",
        "filingParty": "petitioner",
        "availability": "Public",
        "documentTypeIdentifier": 225,
        "documentTypeCode": "RH:FWD",
        "documentTypeDescription": "Rehearing request:  FWD",
        "pageCount": 1,
        "contentManagementId": "PTAB/0a0ae854-b64e-49f9-9cb7-c991c863b911",
        "artifactIdentifer": "im51h4MpitVhr5psRL24dl6SsdZkeY8EfuwV5FGgpiM3YI06AcPRL0c",
        "artifactSubmissionIdentifier": 85880686,
        "filingDate": 1705941397,
        "filingDateString": "01/22/2024",
        "fileSize": 0,
        "documentStatus": "PENDING",
        "directionCode": "INCOMING",
        "documentTypeCustomAttributes": {
          "motionTypeIds": [],
          "rehearingIds": [],
          "attributes": [
            {
              "id": 28,
              "label": "Rehearing Request Date",
              "dataType": "date",
              "uielementId": "ID_RHRREQDT",
              "value": "1",
              "mandatory": false,
              "visibility": false,
              "rolesForEdit": ["Supervisor"]
            }
          ]
        },
        "warningMessageList": [],
        "availablitySummary": {
          "code": "PUBLIC",
          "descriptionText": "Available for everyone.",
          "displayNameText": "Public"
        },
        "roleSummary": {
          "code": "PETITIONER",
          "descriptionText": "Indicates artifact was submitted on behalf of Petitioner.",
          "displayNameText": "Petitioner"
        },
        "artifactSummary": {
          "code": "PAPER",
          "descriptionText": "Paper"
        }
      },
      {
        "name": "exhibit 1003",
        "category": "EXHIBIT",
        "fileName": "Test.pdf",
        "filingParty": "petitioner",
        "availability": "Parties and Board",
        "exhibitNumber": 1003,
        "pageCount": 1,
        "contentManagementId": "PTAB/d93d5904-a954-4c3e-a239-a97c03804483",
        "artifactIdentifer": "l9rfBpYlbT6nlPwC-cfY_F3EeZeHi1uK6nNc4bznrSxeqpx1Iqg0b7g",
        "artifactSubmissionIdentifier": 85880688,
        "filingDate": 1705941397,
        "filingDateString": "01/22/2024",
        "fileSize": 0,
        "documentStatus": "PENDING",
        "directionCode": "INCOMING",
        "warningMessageList": [],
        "availablitySummary": {
          "code": "PRIVATE",
          "descriptionText": "Available to parties and board.",
          "displayNameText": "Parties and Board"
        },
        "roleSummary": {
          "code": "PETITIONER",
          "descriptionText": "Indicates artifact was submitted on behalf of Petitioner.",
          "displayNameText": "Petitioner"
        },
        "artifactSummary": {
          "code": "EXHIBIT",
          "descriptionText": "Exhibit"
        }
      }
    ]
  },
  {
    "rehearingId": 318998,
    "rehearingTypeId": 1,
    "rehearingTypeNm": "institution decision",
    "rehearingStatusId": 1,
    "rehearingStatusName": "pending review",
    "rehearingStatusDisplayName": "pending review",
    "requestorTypeId": 2,
    "requestorTypeName": "Patent Owner",
    "filedDate": "2024-01-12 14:42:12.0",
    "proceedingId": 1554556,
    "proceedingNumber": "IPR2023-01372",
    "userPartyGroupType": "patent owner",
    "rehearingDocuments": [
      {
        "documentNumber": 10,
        "name": "RR: DI",
        "category": "PAPER",
        "fileName": "5922695.pdf",
        "filingParty": "patent owner",
        "availability": "Public",
        "documentTypeIdentifier": 224,
        "documentTypeCode": "RH:INST",
        "documentTypeDescription": "Rehearing request: Institution",
        "pageCount": 50,
        "contentManagementId": "PTAB/371d5949-f8da-4f9d-a9a9-00954bcd6210",
        "artifactIdentifer": "Z5dw_Sk4bOzks0pQCKqKPF-qWc1gkWB1biuIqxhTSHCB0IFR0Nr8sA8",
        "artifactSubmissionIdentifier": 85880468,
        "filingDate": 1705088532,
        "filingDateString": "01/12/2024",
        "fileSize": 0,
        "documentStatus": "PENDING",
        "directionCode": "INCOMING",
        "documentTypeCustomAttributes": {
          "motionTypeIds": [],
          "rehearingIds": [],
          "attributes": [
            {
              "id": 28,
              "label": "Rehearing Request Date",
              "dataType": "date",
              "uielementId": "ID_RHRREQDT",
              "value": "1",
              "mandatory": false,
              "visibility": false,
              "rolesForEdit": ["Supervisor"]
            }
          ]
        },
        "warningMessageList": [],
        "availablitySummary": {
          "code": "PUBLIC",
          "descriptionText": "Available for everyone.",
          "displayNameText": "Public"
        },
        "roleSummary": {
          "code": "PATENT OWNER",
          "descriptionText": "Indicates artifact was submitted on behalf of Patent Owner.",
          "displayNameText": "Patent owner"
        },
        "artifactSummary": {
          "code": "PAPER",
          "descriptionText": "Paper"
        }
      }
    ]
  },
  {
    "rehearingId": 319129,
    "rehearingTypeId": 1,
    "rehearingTypeNm": "institution decision",
    "rehearingStatusId": 1,
    "rehearingStatusName": "pending review",
    "rehearingStatusDisplayName": "pending review",
    "requestorTypeId": 1,
    "requestorTypeName": "Petitioner",
    "filedDate": "2024-02-01 10:25:21.0",
    "proceedingId": 1554906,
    "proceedingNumber": "IPR2024-00026",
    "userPartyGroupType": "petitioner",
    "rehearingDocuments": [
      {
        "documentNumber": 28,
        "name": "test",
        "category": "PAPER",
        "fileName": "10MB file.pdf",
        "filingParty": "petitioner",
        "availability": "Parties and Board",
        "documentTypeIdentifier": 224,
        "documentTypeCode": "RH:INST",
        "documentTypeDescription": "Rehearing request: Institution",
        "pageCount": 180,
        "contentManagementId": "PTAB/ac94e6d4-5cd0-42e8-8179-02f3bd0ac65d",
        "artifactIdentifer": "PGceupnOjitTq6cnSLhq9sqprW970Sj4eyV5s-c4kfGBp9mmAMxBDbo",
        "artifactSubmissionIdentifier": 85881685,
        "filingDate": 1706801121,
        "filingDateString": "02/01/2024",
        "fileSize": 0,
        "documentStatus": "PENDING",
        "directionCode": "INCOMING",
        "documentTypeCustomAttributes": {
          "motionTypeIds": [],
          "rehearingIds": [],
          "attributes": [
            {
              "id": 28,
              "label": "Rehearing Request Date",
              "dataType": "date",
              "uielementId": "ID_RHRREQDT",
              "value": "1",
              "mandatory": false,
              "visibility": false,
              "rolesForEdit": ["Supervisor"]
            }
          ]
        },
        "warningMessageList": [],
        "availablitySummary": {
          "code": "PRIVATE",
          "descriptionText": "Available to parties and board.",
          "displayNameText": "Parties and Board"
        },
        "roleSummary": {
          "code": "PETITIONER",
          "descriptionText": "Indicates artifact was submitted on behalf of Petitioner.",
          "displayNameText": "Petitioner"
        },
        "artifactSummary": {
          "code": "PAPER",
          "descriptionText": "Paper"
        }
      },
      {
        "name": "ex 1007",
        "category": "EXHIBIT",
        "fileName": "Test.pdf",
        "filingParty": "petitioner",
        "availability": "Public",
        "exhibitNumber": 1007,
        "pageCount": 1,
        "contentManagementId": "PTAB/7772b89d-3136-4eec-b512-332f353b9c83",
        "artifactIdentifer": "VOUGzSSZ4VdSth_TX2GKWTFoRQ9Mb8pYNOCyf9_CnFHHiGH9hpV0cVI",
        "artifactSubmissionIdentifier": 85881686,
        "filingDate": 1706801121,
        "filingDateString": "02/01/2024",
        "fileSize": 0,
        "documentStatus": "PENDING",
        "directionCode": "INCOMING",
        "warningMessageList": [],
        "availablitySummary": {
          "code": "PUBLIC",
          "descriptionText": "Available for everyone.",
          "displayNameText": "Public"
        },
        "roleSummary": {
          "code": "PETITIONER",
          "descriptionText": "Indicates artifact was submitted on behalf of Petitioner.",
          "displayNameText": "Petitioner"
        },
        "artifactSummary": {
          "code": "EXHIBIT",
          "descriptionText": "Exhibit"
        }
      }
    ]
  },
  {
    "rehearingId": 319072,
    "rehearingTypeId": 2,
    "rehearingTypeNm": "final written decision",
    "rehearingStatusId": 1,
    "rehearingStatusName": "pending review",
    "rehearingStatusDisplayName": "pending review",
    "requestorTypeId": 1,
    "requestorTypeName": "Petitioner",
    "filedDate": "2024-01-29 11:05:44.0",
    "proceedingId": 1554929,
    "proceedingNumber": "PGR2024-00013",
    "userPartyGroupType": "petitioner",
    "rehearingDocuments": [
      {
        "documentNumber": 5,
        "name": "test",
        "category": "PAPER",
        "fileName": "TestDoc.pdf",
        "filingParty": "petitioner",
        "availability": "Public",
        "documentTypeIdentifier": 225,
        "documentTypeCode": "RH:FWD",
        "documentTypeDescription": "Rehearing request:  FWD",
        "pageCount": 2,
        "contentManagementId": "PTAB/429a3c9f-c723-4404-a740-05408ff1a11c",
        "artifactIdentifer": "XOYuI3AXWuopejcW0Hfgj1mG-dh1rSEa3sjMR4kFH3Tom1k6A5ytUhs",
        "artifactSubmissionIdentifier": 85881050,
        "filingDate": 1706544344,
        "filingDateString": "01/29/2024",
        "fileSize": 0,
        "documentStatus": "PENDING",
        "directionCode": "INCOMING",
        "documentTypeCustomAttributes": {
          "motionTypeIds": [],
          "rehearingIds": [],
          "attributes": [
            {
              "id": 28,
              "label": "Rehearing Request Date",
              "dataType": "date",
              "uielementId": "ID_RHRREQDT",
              "value": "1",
              "mandatory": false,
              "visibility": false,
              "rolesForEdit": ["Supervisor"]
            }
          ]
        },
        "warningMessageList": [],
        "availablitySummary": {
          "code": "PUBLIC",
          "descriptionText": "Available for everyone.",
          "displayNameText": "Public"
        },
        "roleSummary": {
          "code": "PETITIONER",
          "descriptionText": "Indicates artifact was submitted on behalf of Petitioner.",
          "displayNameText": "Petitioner"
        },
        "artifactSummary": {
          "code": "PAPER",
          "descriptionText": "Paper"
        }
      }
    ]
  },
  {
    "rehearingId": 318958,
    "rehearingTypeId": 1,
    "rehearingTypeNm": "institution decision",
    "rehearingStatusId": 1,
    "rehearingStatusName": "pending review",
    "rehearingStatusDisplayName": "pending review",
    "requestorTypeId": 1,
    "requestorTypeName": "Petitioner",
    "filedDate": "2023-12-06 14:46:37.0",
    "proceedingId": 1554663,
    "proceedingNumber": "IPR2024-00005",
    "userPartyGroupType": "petitioner",
    "rehearingDocuments": [
      {
        "documentNumber": 6,
        "name": "test",
        "category": "PAPER",
        "fileName": "Test.pdf",
        "filingParty": "petitioner",
        "availability": "Parties and Board",
        "documentTypeIdentifier": 224,
        "documentTypeCode": "RH:INST",
        "documentTypeDescription": "Rehearing request: Institution",
        "pageCount": 1,
        "contentManagementId": "PTAB/08d84029-baa1-499e-bc83-d7628867410b",
        "artifactIdentifer": "BWqKcCOIr5IORpZdteLGAsqZpYab08QrmxzSsmERkx2oBQYdNoTOcHE",
        "artifactSubmissionIdentifier": 85880285,
        "filingDate": 1701891997,
        "filingDateString": "12/06/2023",
        "fileSize": 0,
        "documentStatus": "PENDING",
        "directionCode": "INCOMING",
        "documentTypeCustomAttributes": {
          "motionTypeIds": [],
          "rehearingIds": [],
          "attributes": [
            {
              "id": 28,
              "label": "Rehearing Request Date",
              "dataType": "date",
              "uielementId": "ID_RHRREQDT",
              "value": "1",
              "mandatory": false,
              "visibility": false,
              "rolesForEdit": ["Supervisor"]
            }
          ]
        },
        "warningMessageList": [],
        "availablitySummary": {
          "code": "PRIVATE",
          "descriptionText": "Available to parties and board.",
          "displayNameText": "Parties and Board"
        },
        "roleSummary": {
          "code": "PETITIONER",
          "descriptionText": "Indicates artifact was submitted on behalf of Petitioner.",
          "displayNameText": "Petitioner"
        },
        "artifactSummary": {
          "code": "PAPER",
          "descriptionText": "Paper"
        }
      }
    ]
  },
  {
    "rehearingId": 319046,
    "rehearingTypeId": 2,
    "rehearingTypeNm": "final written decision",
    "rehearingStatusId": 1,
    "rehearingStatusName": "pending review",
    "rehearingStatusDisplayName": "pending review",
    "requestorTypeId": 1,
    "requestorTypeName": "Petitioner",
    "filedDate": "2024-01-23 12:21:51.0",
    "proceedingId": 1554940,
    "proceedingNumber": "IPR2024-00045",
    "userPartyGroupType": "patent owner",
    "rehearingDocuments": [
      {
        "documentNumber": 15,
        "name": "Rehearing: FWD",
        "category": "PAPER",
        "fileName": "Sample.pdf",
        "filingParty": "petitioner",
        "availability": "Parties and Board",
        "documentTypeIdentifier": 225,
        "documentTypeCode": "RH:FWD",
        "documentTypeDescription": "Rehearing request:  FWD",
        "pageCount": 1,
        "contentManagementId": "PTAB/9af107cc-d08a-4f76-a3b2-1546aa903210",
        "artifactIdentifer": "l4zeNyqLMQIf5AFuxp4KkLDajJho5FSWkf_HmZPIUYaYuXgAbM2iXTk",
        "artifactSubmissionIdentifier": 85880820,
        "filingDate": 1706030704,
        "filingDateString": "01/23/2024",
        "fileSize": 0,
        "documentStatus": "PENDING",
        "directionCode": "INCOMING",
        "documentTypeCustomAttributes": {
          "motionTypeIds": [],
          "rehearingIds": [],
          "attributes": [
            {
              "id": 28,
              "label": "Rehearing Request Date",
              "dataType": "date",
              "uielementId": "ID_RHRREQDT",
              "value": "1",
              "mandatory": false,
              "visibility": false,
              "rolesForEdit": ["Supervisor"]
            }
          ]
        },
        "warningMessageList": [],
        "availablitySummary": {
          "code": "PRIVATE",
          "descriptionText": "Available to parties and board.",
          "displayNameText": "Parties and Board"
        },
        "roleSummary": {
          "code": "PETITIONER",
          "descriptionText": "Indicates artifact was submitted on behalf of Petitioner.",
          "displayNameText": "Petitioner"
        },
        "artifactSummary": {
          "code": "PAPER",
          "descriptionText": "Paper"
        }
      },
      {
        "name": "Exhibit 1004",
        "category": "EXHIBIT",
        "fileName": "Sample.pdf",
        "filingParty": "petitioner",
        "availability": "Public",
        "exhibitNumber": 1004,
        "pageCount": 1,
        "contentManagementId": "PTAB/027dd813-b9ca-4148-b451-730c459899bf",
        "artifactIdentifer": "swtnIORG0ZAob05GduaTPIiczPIZKWtimqemMZTBa2MPvdoAP6BCXHU",
        "artifactSubmissionIdentifier": 85880821,
        "filingDate": 1706030704,
        "filingDateString": "01/23/2024",
        "fileSize": 0,
        "documentStatus": "PENDING",
        "directionCode": "INCOMING",
        "warningMessageList": [],
        "availablitySummary": {
          "code": "PUBLIC",
          "descriptionText": "Available for everyone.",
          "displayNameText": "Public"
        },
        "roleSummary": {
          "code": "PETITIONER",
          "descriptionText": "Indicates artifact was submitted on behalf of Petitioner.",
          "displayNameText": "Petitioner"
        },
        "artifactSummary": {
          "code": "EXHIBIT",
          "descriptionText": "Exhibit"
        }
      }
    ]
  },
  {
    "rehearingId": 319090,
    "rehearingTypeId": 2,
    "rehearingTypeNm": "final written decision",
    "rehearingStatusId": 1,
    "rehearingStatusName": "pending review",
    "rehearingStatusDisplayName": "pending review",
    "requestorTypeId": 2,
    "requestorTypeName": "Patent Owner",
    "filedDate": "2024-01-31 15:52:54.0",
    "proceedingId": 1555016,
    "proceedingNumber": "IPR2024-00100",
    "userPartyGroupType": "petitioner",
    "rehearingDocuments": [
      {
        "documentNumber": 14,
        "name": "Rehearing: FWD",
        "category": "PAPER",
        "fileName": "Sample.pdf",
        "filingParty": "patent owner",
        "availability": "Public",
        "documentTypeIdentifier": 225,
        "documentTypeCode": "RH:FWD",
        "documentTypeDescription": "Rehearing request:  FWD",
        "pageCount": 1,
        "contentManagementId": "PTAB/36182f91-4bea-4432-ba81-f3ebfe942018",
        "artifactIdentifer": "soQ_7RnTe1057HdEfUb591Rzzq-1tMb9Cg3GXli_EdMrYFmFDKCPgas",
        "artifactSubmissionIdentifier": 85881551,
        "filingDate": 1706734374,
        "filingDateString": "01/31/2024",
        "fileSize": 0,
        "documentStatus": "PENDING",
        "directionCode": "INCOMING",
        "documentTypeCustomAttributes": {
          "motionTypeIds": [],
          "rehearingIds": [],
          "attributes": [
            {
              "id": 28,
              "label": "Rehearing Request Date",
              "dataType": "date",
              "uielementId": "ID_RHRREQDT",
              "value": "1",
              "mandatory": false,
              "visibility": false,
              "rolesForEdit": ["Supervisor"]
            }
          ]
        },
        "warningMessageList": [],
        "availablitySummary": {
          "code": "PUBLIC",
          "descriptionText": "Available for everyone.",
          "displayNameText": "Public"
        },
        "roleSummary": {
          "code": "PATENT OWNER",
          "descriptionText": "Indicates artifact was submitted on behalf of Patent Owner.",
          "displayNameText": "Patent owner"
        },
        "artifactSummary": {
          "code": "PAPER",
          "descriptionText": "Paper"
        }
      },
      {
        "name": "Exhibit 2015",
        "category": "EXHIBIT",
        "fileName": "Sample_1.pdf",
        "filingParty": "patent owner",
        "availability": "Parties and Board",
        "exhibitNumber": 2015,
        "pageCount": 1,
        "contentManagementId": "PTAB/37f9abfa-c8de-4c6b-b3c8-945899eb8228",
        "artifactIdentifer": "eLWeNV4tBt0ixpHlRZk5ZSdZ8PREydOyqupHbIy1BlAYLjsaxwyzIyo",
        "artifactSubmissionIdentifier": 85881552,
        "filingDate": 1706734374,
        "filingDateString": "01/31/2024",
        "fileSize": 0,
        "documentStatus": "PENDING",
        "directionCode": "INCOMING",
        "warningMessageList": [],
        "availablitySummary": {
          "code": "PRIVATE",
          "descriptionText": "Available to parties and board.",
          "displayNameText": "Parties and Board"
        },
        "roleSummary": {
          "code": "PATENT OWNER",
          "descriptionText": "Indicates artifact was submitted on behalf of Patent Owner.",
          "displayNameText": "Patent owner"
        },
        "artifactSummary": {
          "code": "EXHIBIT",
          "descriptionText": "Exhibit"
        }
      },
      {
        "name": "Exhibit 2016",
        "category": "EXHIBIT",
        "fileName": "Sample_1.pdf",
        "filingParty": "patent owner",
        "availability": "Filing Party and Board",
        "exhibitNumber": 2016,
        "pageCount": 1,
        "artifactSubmissionIdentifier": 85881554,
        "filingDate": 1706734374,
        "filingDateString": "01/31/2024",
        "fileSize": 0,
        "documentStatus": "PENDING",
        "directionCode": "INCOMING",
        "warningMessageList": [],
        "availablitySummary": {
          "code": "CONFIDENTIAL",
          "descriptionText": "Available to filing party and board.",
          "displayNameText": "Filing Party and Board"
        },
        "roleSummary": {
          "code": "PATENT OWNER",
          "descriptionText": "Indicates artifact was submitted on behalf of Patent Owner.",
          "displayNameText": "Patent owner"
        },
        "artifactSummary": {
          "code": "EXHIBIT",
          "descriptionText": "Exhibit"
        }
      },
      {
        "name": "Exhibit 2017",
        "category": "EXHIBIT",
        "fileName": "Sample_1.pdf",
        "filingParty": "patent owner",
        "availability": "Board ",
        "exhibitNumber": 2017,
        "pageCount": 1,
        "artifactSubmissionIdentifier": 85881556,
        "filingDate": 1706734374,
        "filingDateString": "01/31/2024",
        "fileSize": 0,
        "documentStatus": "PENDING",
        "directionCode": "INCOMING",
        "warningMessageList": [],
        "availablitySummary": {
          "code": "BOARD",
          "descriptionText": "Available only to board.",
          "displayNameText": "Board "
        },
        "roleSummary": {
          "code": "PATENT OWNER",
          "descriptionText": "Indicates artifact was submitted on behalf of Patent Owner.",
          "displayNameText": "Patent owner"
        },
        "artifactSummary": {
          "code": "EXHIBIT",
          "descriptionText": "Exhibit"
        }
      }
    ]
  },
  {
    "rehearingId": 319136,
    "rehearingTypeId": 5,
    "rehearingTypeNm": "others",
    "rehearingStatusId": 1,
    "rehearingStatusName": "pending review",
    "rehearingStatusDisplayName": "pending review",
    "requestorTypeId": 1,
    "requestorTypeName": "Petitioner",
    "filedDate": "2024-02-01 14:38:55.0",
    "proceedingId": 1555037,
    "proceedingNumber": "IPR2024-00112",
    "userPartyGroupType": "petitioner",
    "rehearingDocuments": [
      {
        "documentNumber": 9,
        "name": "rehearing test",
        "category": "PAPER",
        "fileName": "Test.pdf",
        "filingParty": "petitioner",
        "availability": "Parties and Board",
        "documentTypeIdentifier": 226,
        "documentTypeCode": "RH:OTH",
        "documentTypeDescription": "Rehearing request:  Other ",
        "pageCount": 1,
        "contentManagementId": "PTAB/16b99134-5427-4eaa-af42-41d54ea78cb9",
        "artifactIdentifer": "YiclV7Vh-Li3JQdAxkTnsL_ptif3XesA9jtxnCTdRYYjJLianXJPeMM",
        "artifactSubmissionIdentifier": 85881846,
        "filingDate": 1706816336,
        "filingDateString": "02/01/2024",
        "fileSize": 0,
        "documentStatus": "PENDING",
        "directionCode": "INCOMING",
        "documentTypeCustomAttributes": {
          "motionTypeIds": [],
          "rehearingIds": [],
          "attributes": [
            {
              "id": 28,
              "label": "Rehearing Request Date",
              "dataType": "date",
              "uielementId": "ID_RHRREQDT",
              "value": "1",
              "mandatory": false,
              "visibility": false,
              "rolesForEdit": ["Supervisor"]
            }
          ]
        },
        "warningMessageList": [],
        "availablitySummary": {
          "code": "PRIVATE",
          "descriptionText": "Available to parties and board.",
          "displayNameText": "Parties and Board"
        },
        "roleSummary": {
          "code": "PETITIONER",
          "descriptionText": "Indicates artifact was submitted on behalf of Petitioner.",
          "displayNameText": "Petitioner"
        },
        "artifactSummary": {
          "code": "PAPER",
          "descriptionText": "Paper"
        }
      }
    ]
  },
  {
    "rehearingId": 319035,
    "rehearingTypeId": 1,
    "rehearingTypeNm": "institution decision",
    "rehearingStatusId": 1,
    "rehearingStatusName": "pending review",
    "rehearingStatusDisplayName": "pending review",
    "requestorTypeId": 2,
    "requestorTypeName": "Patent Owner",
    "filedDate": "2024-01-22 11:34:27.0",
    "proceedingId": 1554662,
    "proceedingNumber": "IPR2024-00004",
    "userPartyGroupType": "patent owner",
    "rehearingDocuments": [
      {
        "documentNumber": 16,
        "name": "Rehearing",
        "category": "PAPER",
        "fileName": "Sample.pdf",
        "filingParty": "patent owner",
        "availability": "Parties and Board",
        "documentTypeIdentifier": 224,
        "documentTypeCode": "RH:INST",
        "documentTypeDescription": "Rehearing request: Institution",
        "pageCount": 1,
        "contentManagementId": "PTAB/362615f4-bfe7-4238-9a0f-cd03a02d25ed",
        "artifactIdentifer": "F_b5P-M50Kuun7iURk7pbOYztsEBn0aAww6iyzUuHpumNpz0T1XBGLg",
        "artifactSubmissionIdentifier": 85880687,
        "filingDate": 1705941267,
        "filingDateString": "01/22/2024",
        "fileSize": 0,
        "documentStatus": "PENDING",
        "directionCode": "INCOMING",
        "documentTypeCustomAttributes": {
          "motionTypeIds": [],
          "rehearingIds": [],
          "attributes": [
            {
              "id": 28,
              "label": "Rehearing Request Date",
              "dataType": "date",
              "uielementId": "ID_RHRREQDT",
              "value": "1",
              "mandatory": false,
              "visibility": false,
              "rolesForEdit": ["Supervisor"]
            }
          ]
        },
        "warningMessageList": [],
        "availablitySummary": {
          "code": "PRIVATE",
          "descriptionText": "Available to parties and board.",
          "displayNameText": "Parties and Board"
        },
        "roleSummary": {
          "code": "PATENT OWNER",
          "descriptionText": "Indicates artifact was submitted on behalf of Patent Owner.",
          "displayNameText": "Patent owner"
        },
        "artifactSummary": {
          "code": "PAPER",
          "descriptionText": "Paper"
        }
      },
      {
        "name": "Exhibit 2004",
        "category": "EXHIBIT",
        "fileName": "Sample.pdf",
        "filingParty": "patent owner",
        "availability": "Filing Party and Board",
        "exhibitNumber": 2004,
        "pageCount": 1,
        "contentManagementId": "PTAB/cb63fe34-56f9-40e7-901c-dd7d120ffad2",
        "artifactIdentifer": "J6lSoFSSaIpcvq5_I1p_OuymcRRgXLIio-j6mIcWGYkVlHeCxskYQz0",
        "artifactSubmissionIdentifier": 85880689,
        "filingDate": 1705941267,
        "filingDateString": "01/22/2024",
        "fileSize": 0,
        "documentStatus": "PENDING",
        "directionCode": "INCOMING",
        "warningMessageList": [],
        "availablitySummary": {
          "code": "CONFIDENTIAL",
          "descriptionText": "Available to filing party and board.",
          "displayNameText": "Filing Party and Board"
        },
        "roleSummary": {
          "code": "PATENT OWNER",
          "descriptionText": "Indicates artifact was submitted on behalf of Patent Owner.",
          "displayNameText": "Patent owner"
        },
        "artifactSummary": {
          "code": "EXHIBIT",
          "descriptionText": "Exhibit"
        }
      }
    ]
  },
  {
    "rehearingId": 319046,
    "rehearingTypeId": 2,
    "rehearingTypeNm": "final written decision",
    "rehearingStatusId": 1,
    "rehearingStatusName": "pending review",
    "rehearingStatusDisplayName": "pending review",
    "requestorTypeId": 1,
    "requestorTypeName": "Petitioner",
    "filedDate": "2024-01-23 12:21:51.0",
    "proceedingId": 1554940,
    "proceedingNumber": "IPR2024-00045",
    "userPartyGroupType": "petitioner",
    "rehearingDocuments": [
      {
        "documentNumber": 15,
        "name": "Rehearing: FWD",
        "category": "PAPER",
        "fileName": "Sample.pdf",
        "filingParty": "petitioner",
        "availability": "Parties and Board",
        "documentTypeIdentifier": 225,
        "documentTypeCode": "RH:FWD",
        "documentTypeDescription": "Rehearing request:  FWD",
        "pageCount": 1,
        "contentManagementId": "PTAB/9af107cc-d08a-4f76-a3b2-1546aa903210",
        "artifactIdentifer": "3GovtjkVfUQ8dhX-3u6wBg7c9iUa2wOr9ceQAxohM3ointfeoSs7_sI",
        "artifactSubmissionIdentifier": 85880820,
        "filingDate": 1706030704,
        "filingDateString": "01/23/2024",
        "fileSize": 0,
        "documentStatus": "PENDING",
        "directionCode": "INCOMING",
        "documentTypeCustomAttributes": {
          "motionTypeIds": [],
          "rehearingIds": [],
          "attributes": [
            {
              "id": 28,
              "label": "Rehearing Request Date",
              "dataType": "date",
              "uielementId": "ID_RHRREQDT",
              "value": "1",
              "mandatory": false,
              "visibility": false,
              "rolesForEdit": ["Supervisor"]
            }
          ]
        },
        "warningMessageList": [],
        "availablitySummary": {
          "code": "PRIVATE",
          "descriptionText": "Available to parties and board.",
          "displayNameText": "Parties and Board"
        },
        "roleSummary": {
          "code": "PETITIONER",
          "descriptionText": "Indicates artifact was submitted on behalf of Petitioner.",
          "displayNameText": "Petitioner"
        },
        "artifactSummary": {
          "code": "PAPER",
          "descriptionText": "Paper"
        }
      },
      {
        "name": "Exhibit 1004",
        "category": "EXHIBIT",
        "fileName": "Sample.pdf",
        "filingParty": "petitioner",
        "availability": "Public",
        "exhibitNumber": 1004,
        "pageCount": 1,
        "contentManagementId": "PTAB/027dd813-b9ca-4148-b451-730c459899bf",
        "artifactIdentifer": "N3xlb-duxK3NrpWrIhAbAQKs29jXRbNyrbyTPEYyE3qlKYSG1bJ7G8Y",
        "artifactSubmissionIdentifier": 85880821,
        "filingDate": 1706030704,
        "filingDateString": "01/23/2024",
        "fileSize": 0,
        "documentStatus": "PENDING",
        "directionCode": "INCOMING",
        "warningMessageList": [],
        "availablitySummary": {
          "code": "PUBLIC",
          "descriptionText": "Available for everyone.",
          "displayNameText": "Public"
        },
        "roleSummary": {
          "code": "PETITIONER",
          "descriptionText": "Indicates artifact was submitted on behalf of Petitioner.",
          "displayNameText": "Petitioner"
        },
        "artifactSummary": {
          "code": "EXHIBIT",
          "descriptionText": "Exhibit"
        }
      }
    ]
  },
  {
    "rehearingId": 319111,
    "rehearingTypeId": 2,
    "rehearingTypeNm": "final written decision",
    "rehearingStatusId": 1,
    "rehearingStatusName": "pending review",
    "rehearingStatusDisplayName": "pending review",
    "requestorTypeId": 1,
    "requestorTypeName": "Petitioner",
    "filedDate": "2024-02-01 08:36:19.0",
    "proceedingId": 1554906,
    "proceedingNumber": "IPR2024-00026",
    "userPartyGroupType": "petitioner",
    "rehearingDocuments": [
      {
        "documentNumber": 24,
        "name": "rehearing ",
        "category": "PAPER",
        "fileName": "Test.pdf",
        "filingParty": "petitioner",
        "availability": "Parties and Board",
        "documentTypeIdentifier": 225,
        "documentTypeCode": "RH:FWD",
        "documentTypeDescription": "Rehearing request:  FWD",
        "pageCount": 1,
        "contentManagementId": "PTAB/ec0072cd-8bf0-4287-9d23-9c13e9f03ed9",
        "artifactIdentifer": "dj9rx5Pzzh5d6sxAFmHq3wKYcLHyXF4gbCDXESU2yrtIKXk-FUbCcPI",
        "artifactSubmissionIdentifier": 85881649,
        "filingDate": 1706796043,
        "filingDateString": "02/01/2024",
        "fileSize": 0,
        "documentStatus": "PENDING",
        "directionCode": "INCOMING",
        "documentTypeCustomAttributes": {
          "motionTypeIds": [],
          "rehearingIds": [],
          "attributes": [
            {
              "id": 28,
              "label": "Rehearing Request Date",
              "dataType": "date",
              "uielementId": "ID_RHRREQDT",
              "value": "1",
              "mandatory": false,
              "visibility": false,
              "rolesForEdit": ["Supervisor"]
            }
          ]
        },
        "warningMessageList": [],
        "availablitySummary": {
          "code": "PRIVATE",
          "descriptionText": "Available to parties and board.",
          "displayNameText": "Parties and Board"
        },
        "roleSummary": {
          "code": "PETITIONER",
          "descriptionText": "Indicates artifact was submitted on behalf of Petitioner.",
          "displayNameText": "Petitioner"
        },
        "artifactSummary": {
          "code": "PAPER",
          "descriptionText": "Paper"
        }
      },
      {
        "name": "rehearing ex 1004",
        "category": "EXHIBIT",
        "fileName": "TestformotionshyperlinkCopy.pdf",
        "filingParty": "petitioner",
        "availability": "Filing Party and Board",
        "exhibitNumber": 1004,
        "pageCount": 1,
        "contentManagementId": "PTAB/eb7c7cfc-68c3-445d-8e3f-94995bcc406a",
        "artifactIdentifer": "HhhwZU6lKNKyYzlcf7oDiLAbbEMv6f1DFXHAc1O9tS-K4ptAn7nMZi8",
        "artifactSubmissionIdentifier": 85881651,
        "filingDate": 1706796044,
        "filingDateString": "02/01/2024",
        "fileSize": 0,
        "documentStatus": "PENDING",
        "directionCode": "INCOMING",
        "warningMessageList": [],
        "availablitySummary": {
          "code": "CONFIDENTIAL",
          "descriptionText": "Available to filing party and board.",
          "displayNameText": "Filing Party and Board"
        },
        "roleSummary": {
          "code": "PETITIONER",
          "descriptionText": "Indicates artifact was submitted on behalf of Petitioner.",
          "displayNameText": "Petitioner"
        },
        "artifactSummary": {
          "code": "EXHIBIT",
          "descriptionText": "Exhibit"
        }
      }
    ]
  },
  {
    "rehearingId": 319028,
    "rehearingTypeId": 1,
    "rehearingTypeNm": "institution decision",
    "rehearingStatusId": 1,
    "rehearingStatusName": "pending review",
    "rehearingStatusDisplayName": "pending review",
    "requestorTypeId": 1,
    "requestorTypeName": "Petitioner",
    "filedDate": "2024-01-16 23:11:05.0",
    "proceedingId": 1553844,
    "proceedingNumber": "IPR2023-00779",
    "userPartyGroupType": "petitioner",
    "rehearingDocuments": [
      {
        "documentNumber": 12,
        "name": "test",
        "category": "PAPER",
        "fileName": "Test.pdf",
        "filingParty": "petitioner",
        "availability": "Filing Party and Board",
        "documentTypeIdentifier": 224,
        "documentTypeCode": "RH:INST",
        "documentTypeDescription": "Rehearing request: Institution",
        "pageCount": 1,
        "contentManagementId": "PTAB/2a955d77-15c5-409f-ba17-191e5770741f",
        "artifactIdentifer": "QF_qoM44YPyBQZfHPCSm8lN4NV4snpFgVlF0W4orb1wFxOoMF80Fbhw",
        "artifactSubmissionIdentifier": 85880543,
        "filingDate": 1705464665,
        "filingDateString": "01/16/2024",
        "fileSize": 0,
        "documentStatus": "PENDING",
        "directionCode": "INCOMING",
        "documentTypeCustomAttributes": {
          "motionTypeIds": [],
          "rehearingIds": [],
          "attributes": [
            {
              "id": 28,
              "label": "Rehearing Request Date",
              "dataType": "date",
              "uielementId": "ID_RHRREQDT",
              "value": "1",
              "mandatory": false,
              "visibility": false,
              "rolesForEdit": ["Supervisor"]
            }
          ]
        },
        "warningMessageList": [],
        "availablitySummary": {
          "code": "CONFIDENTIAL",
          "descriptionText": "Available to filing party and board.",
          "displayNameText": "Filing Party and Board"
        },
        "roleSummary": {
          "code": "PETITIONER",
          "descriptionText": "Indicates artifact was submitted on behalf of Petitioner.",
          "displayNameText": "Petitioner"
        },
        "artifactSummary": {
          "code": "PAPER",
          "descriptionText": "Paper"
        }
      }
    ]
  },
  {
    "rehearingId": 319054,
    "rehearingTypeId": 1,
    "rehearingTypeNm": "institution decision",
    "rehearingStatusId": 1,
    "rehearingStatusName": "pending review",
    "rehearingStatusDisplayName": "pending review",
    "requestorTypeId": 1,
    "requestorTypeName": "Petitioner",
    "filedDate": "2024-01-25 15:51:27.0",
    "proceedingId": 1554906,
    "proceedingNumber": "IPR2024-00026",
    "userPartyGroupType": "petitioner",
    "rehearingDocuments": [
      {
        "documentNumber": 22,
        "name": "Rehearing",
        "category": "PAPER",
        "fileName": "Sample.pdf",
        "filingParty": "petitioner",
        "availability": "Parties and Board",
        "documentTypeIdentifier": 224,
        "documentTypeCode": "RH:INST",
        "documentTypeDescription": "Rehearing request: Institution",
        "pageCount": 1,
        "contentManagementId": "PTAB/b281cb68-3796-4f81-860d-20185d8d8470",
        "artifactIdentifer": "2XVVP7P1R2NkW2Ac5ezSFORBVBa3aO1FSPxMTBiS60XIVxGTZxX6XJs",
        "artifactSubmissionIdentifier": 85880999,
        "filingDate": 1706215887,
        "filingDateString": "01/25/2024",
        "fileSize": 0,
        "documentStatus": "PENDING",
        "directionCode": "INCOMING",
        "documentTypeCustomAttributes": {
          "motionTypeIds": [],
          "rehearingIds": [],
          "attributes": [
            {
              "id": 28,
              "label": "Rehearing Request Date",
              "dataType": "date",
              "uielementId": "ID_RHRREQDT",
              "value": "1",
              "mandatory": false,
              "visibility": false,
              "rolesForEdit": ["Supervisor"]
            }
          ]
        },
        "warningMessageList": [],
        "availablitySummary": {
          "code": "PRIVATE",
          "descriptionText": "Available to parties and board.",
          "displayNameText": "Parties and Board"
        },
        "roleSummary": {
          "code": "PETITIONER",
          "descriptionText": "Indicates artifact was submitted on behalf of Petitioner.",
          "displayNameText": "Petitioner"
        },
        "artifactSummary": {
          "code": "PAPER",
          "descriptionText": "Paper"
        }
      },
      {
        "name": "Exhibit 1002",
        "category": "EXHIBIT",
        "fileName": "Sample.pdf",
        "filingParty": "petitioner",
        "availability": "Parties and Board",
        "exhibitNumber": 1002,
        "pageCount": 1,
        "contentManagementId": "PTAB/6a18c746-4038-42d7-b528-e0c9deebf782",
        "artifactIdentifer": "oWxO3NG6dQlkL6fWwndyU_YJBNj7DEPuNmsO9f5vZnyNOFI-jQoWcoE",
        "artifactSubmissionIdentifier": 85881000,
        "filingDate": 1706215887,
        "filingDateString": "01/25/2024",
        "fileSize": 0,
        "documentStatus": "PENDING",
        "directionCode": "INCOMING",
        "warningMessageList": [],
        "availablitySummary": {
          "code": "PRIVATE",
          "descriptionText": "Available to parties and board.",
          "displayNameText": "Parties and Board"
        },
        "roleSummary": {
          "code": "PETITIONER",
          "descriptionText": "Indicates artifact was submitted on behalf of Petitioner.",
          "displayNameText": "Petitioner"
        },
        "artifactSummary": {
          "code": "EXHIBIT",
          "descriptionText": "Exhibit"
        }
      }
    ]
  },
  {
    "rehearingId": 319047,
    "rehearingTypeId": 2,
    "rehearingTypeNm": "final written decision",
    "rehearingStatusId": 1,
    "rehearingStatusName": "pending review",
    "rehearingStatusDisplayName": "pending review",
    "requestorTypeId": 2,
    "requestorTypeName": "Patent Owner",
    "filedDate": "2024-01-23 12:27:25.0",
    "proceedingId": 1554940,
    "proceedingNumber": "IPR2024-00045",
    "userPartyGroupType": "patent owner",
    "rehearingDocuments": [
      {
        "documentNumber": 16,
        "name": "test",
        "category": "PAPER",
        "fileName": "Lorem Ipsum.pdf",
        "filingParty": "patent owner",
        "availability": "Parties and Board",
        "documentTypeIdentifier": 225,
        "documentTypeCode": "RH:FWD",
        "documentTypeDescription": "Rehearing request:  FWD",
        "pageCount": 2,
        "contentManagementId": "PTAB/bf7e8112-1f2d-45ab-9d73-1ea44634ff62",
        "artifactIdentifer": "gaoQQFUGFOWFi4185HtgurR2QiYO8JIUvt6zn6UdyV63oYR0q_9KSeE",
        "artifactSubmissionIdentifier": 85880823,
        "filingDate": 1706030845,
        "filingDateString": "01/23/2024",
        "fileSize": 0,
        "documentStatus": "PENDING",
        "directionCode": "INCOMING",
        "documentTypeCustomAttributes": {
          "motionTypeIds": [],
          "rehearingIds": [],
          "attributes": [
            {
              "id": 28,
              "label": "Rehearing Request Date",
              "dataType": "date",
              "uielementId": "ID_RHRREQDT",
              "value": "1",
              "mandatory": false,
              "visibility": false,
              "rolesForEdit": ["Supervisor"]
            }
          ]
        },
        "warningMessageList": [],
        "availablitySummary": {
          "code": "PRIVATE",
          "descriptionText": "Available to parties and board.",
          "displayNameText": "Parties and Board"
        },
        "roleSummary": {
          "code": "PATENT OWNER",
          "descriptionText": "Indicates artifact was submitted on behalf of Patent Owner.",
          "displayNameText": "Patent owner"
        },
        "artifactSummary": {
          "code": "PAPER",
          "descriptionText": "Paper"
        }
      }
    ]
  },
  {
    "rehearingId": 319034,
    "rehearingTypeId": 2,
    "rehearingTypeNm": "final written decision",
    "rehearingStatusId": 1,
    "rehearingStatusName": "pending review",
    "rehearingStatusDisplayName": "pending review",
    "requestorTypeId": 1,
    "requestorTypeName": "Petitioner",
    "filedDate": "2024-01-22 11:34:27.0",
    "proceedingId": 1554662,
    "proceedingNumber": "IPR2024-00004",
    "userPartyGroupType": "patent owner",
    "rehearingDocuments": [
      {
        "documentNumber": 17,
        "name": "test update",
        "category": "PAPER",
        "fileName": "Test.pdf",
        "filingParty": "petitioner",
        "availability": "Filing Party and Board",
        "documentTypeIdentifier": 225,
        "documentTypeCode": "RH:FWD",
        "documentTypeDescription": "Rehearing request:  FWD",
        "pageCount": 1,
        "artifactSubmissionIdentifier": 85880684,
        "filingDate": 1705941397,
        "filingDateString": "01/22/2024",
        "fileSize": 0,
        "documentStatus": "PENDING",
        "directionCode": "INCOMING",
        "documentTypeCustomAttributes": {
          "motionTypeIds": [],
          "rehearingIds": [],
          "attributes": [
            {
              "id": 28,
              "label": "Rehearing Request Date",
              "dataType": "date",
              "uielementId": "ID_RHRREQDT",
              "value": "1",
              "mandatory": false,
              "visibility": false,
              "rolesForEdit": ["Supervisor"]
            }
          ]
        },
        "warningMessageList": [],
        "availablitySummary": {
          "code": "CONFIDENTIAL",
          "descriptionText": "Available to filing party and board.",
          "displayNameText": "Filing Party and Board"
        },
        "roleSummary": {
          "code": "PETITIONER",
          "descriptionText": "Indicates artifact was submitted on behalf of Petitioner.",
          "displayNameText": "Petitioner"
        },
        "artifactSummary": {
          "code": "PAPER",
          "descriptionText": "Paper"
        }
      },
      {
        "documentNumber": 18,
        "name": "paper 2 update 2",
        "category": "PAPER",
        "fileName": "Test.pdf",
        "filingParty": "petitioner",
        "availability": "Public",
        "documentTypeIdentifier": 225,
        "documentTypeCode": "RH:FWD",
        "documentTypeDescription": "Rehearing request:  FWD",
        "pageCount": 1,
        "contentManagementId": "PTAB/0a0ae854-b64e-49f9-9cb7-c991c863b911",
        "artifactIdentifer": "XbbF6E-OMVfYMKURxxIwZ31GNaA3NC5r-GvTzNrOY04IaBASrt8KImQ",
        "artifactSubmissionIdentifier": 85880686,
        "filingDate": 1705941397,
        "filingDateString": "01/22/2024",
        "fileSize": 0,
        "documentStatus": "PENDING",
        "directionCode": "INCOMING",
        "documentTypeCustomAttributes": {
          "motionTypeIds": [],
          "rehearingIds": [],
          "attributes": [
            {
              "id": 28,
              "label": "Rehearing Request Date",
              "dataType": "date",
              "uielementId": "ID_RHRREQDT",
              "value": "1",
              "mandatory": false,
              "visibility": false,
              "rolesForEdit": ["Supervisor"]
            }
          ]
        },
        "warningMessageList": [],
        "availablitySummary": {
          "code": "PUBLIC",
          "descriptionText": "Available for everyone.",
          "displayNameText": "Public"
        },
        "roleSummary": {
          "code": "PETITIONER",
          "descriptionText": "Indicates artifact was submitted on behalf of Petitioner.",
          "displayNameText": "Petitioner"
        },
        "artifactSummary": {
          "code": "PAPER",
          "descriptionText": "Paper"
        }
      },
      {
        "name": "exhibit 1003",
        "category": "EXHIBIT",
        "fileName": "Test.pdf",
        "filingParty": "petitioner",
        "availability": "Parties and Board",
        "exhibitNumber": 1003,
        "pageCount": 1,
        "contentManagementId": "PTAB/d93d5904-a954-4c3e-a239-a97c03804483",
        "artifactIdentifer": "BfnfRvsLW8flL-NVvicVvXziRkvKtVqwYvRTCZNdzo0wFCtLH7-plDE",
        "artifactSubmissionIdentifier": 85880688,
        "filingDate": 1705941397,
        "filingDateString": "01/22/2024",
        "fileSize": 0,
        "documentStatus": "PENDING",
        "directionCode": "INCOMING",
        "warningMessageList": [],
        "availablitySummary": {
          "code": "PRIVATE",
          "descriptionText": "Available to parties and board.",
          "displayNameText": "Parties and Board"
        },
        "roleSummary": {
          "code": "PETITIONER",
          "descriptionText": "Indicates artifact was submitted on behalf of Petitioner.",
          "displayNameText": "Petitioner"
        },
        "artifactSummary": {
          "code": "EXHIBIT",
          "descriptionText": "Exhibit"
        }
      }
    ]
  },
  {
    "rehearingId": 318912,
    "rehearingTypeId": 1,
    "rehearingTypeNm": "institution decision",
    "rehearingStatusId": 1,
    "rehearingStatusName": "pending review",
    "rehearingStatusDisplayName": "pending review",
    "requestorTypeId": 1,
    "requestorTypeName": "Petitioner",
    "filedDate": "2023-10-03 00:28:56.0",
    "proceedingId": 1550748,
    "proceedingNumber": "IPR2023-00341",
    "userPartyGroupType": "petitioner",
    "rehearingDocuments": [
      {
        "documentNumber": 25,
        "name": "9:29 PM OCT 2 Pacific time",
        "category": "PAPER",
        "fileName": "Test.pdf",
        "filingParty": "petitioner",
        "availability": "Filing Party and Board",
        "documentTypeIdentifier": 224,
        "documentTypeCode": "RH:INST",
        "documentTypeDescription": "Rehearing request: Institution",
        "pageCount": 1,
        "contentManagementId": "PTAB/d1b2ea15-942e-405f-b934-769231316e91",
        "artifactIdentifer": "0_Gwkdcz_L1FbMV9A6cVDfczFLF3aWfwotzp97__U-iaiXW--bpIs4s",
        "artifactSubmissionIdentifier": 85880103,
        "filingDate": 1696307336,
        "filingDateString": "10/03/2023",
        "fileSize": 0,
        "documentStatus": "PENDING",
        "directionCode": "INCOMING",
        "documentTypeCustomAttributes": {
          "motionTypeIds": [],
          "rehearingIds": [],
          "attributes": [
            {
              "id": 28,
              "label": "Rehearing Request Date",
              "dataType": "date",
              "uielementId": "ID_RHRREQDT",
              "value": "1",
              "mandatory": false,
              "visibility": false,
              "rolesForEdit": ["Supervisor"]
            }
          ]
        },
        "warningMessageList": [],
        "availablitySummary": {
          "code": "CONFIDENTIAL",
          "descriptionText": "Available to filing party and board.",
          "displayNameText": "Filing Party and Board"
        },
        "roleSummary": {
          "code": "PETITIONER",
          "descriptionText": "Indicates artifact was submitted on behalf of Petitioner.",
          "displayNameText": "Petitioner"
        },
        "artifactSummary": {
          "code": "PAPER",
          "descriptionText": "Paper"
        }
      },
      {
        "name": "EX 1032- 9:28PM OCT 2 Pacific time",
        "category": "EXHIBIT",
        "fileName": "Lorem Ipsum.pdf",
        "filingParty": "petitioner",
        "availability": "Board ",
        "exhibitNumber": 1032,
        "pageCount": 2,
        "artifactSubmissionIdentifier": 85880104,
        "filingDate": 1696307336,
        "filingDateString": "10/03/2023",
        "fileSize": 0,
        "documentStatus": "PENDING",
        "directionCode": "INCOMING",
        "warningMessageList": [],
        "availablitySummary": {
          "code": "BOARD",
          "descriptionText": "Available only to board.",
          "displayNameText": "Board "
        },
        "roleSummary": {
          "code": "PETITIONER",
          "descriptionText": "Indicates artifact was submitted on behalf of Petitioner.",
          "displayNameText": "Petitioner"
        },
        "artifactSummary": {
          "code": "EXHIBIT",
          "descriptionText": "Exhibit"
        }
      }
    ]
  },
  {
    "rehearingId": 319026,
    "rehearingTypeId": 1,
    "rehearingTypeNm": "institution decision",
    "rehearingStatusId": 1,
    "rehearingStatusName": "pending review",
    "rehearingStatusDisplayName": "pending review",
    "requestorTypeId": 2,
    "requestorTypeName": "Patent Owner",
    "filedDate": "2024-01-16 22:52:57.0",
    "proceedingId": 1553879,
    "proceedingNumber": "IPR2023-00813",
    "userPartyGroupType": "patent owner",
    "rehearingDocuments": [
      {
        "documentNumber": 12,
        "name": "test",
        "category": "PAPER",
        "fileName": "Test.pdf",
        "filingParty": "patent owner",
        "availability": "Parties and Board",
        "documentTypeIdentifier": 224,
        "documentTypeCode": "RH:INST",
        "documentTypeDescription": "Rehearing request: Institution",
        "pageCount": 1,
        "contentManagementId": "PTAB/9b06d86b-e3a2-4e31-8eba-6d862ec8da6a",
        "artifactIdentifer": "nRqqwIWmdCftJrHHng0Zf9i7KFDanMR2fau87gFYQqTI_XCKK1KwW3w",
        "artifactSubmissionIdentifier": 85880537,
        "filingDate": 1705463578,
        "filingDateString": "01/16/2024",
        "fileSize": 0,
        "documentStatus": "PENDING",
        "directionCode": "INCOMING",
        "documentTypeCustomAttributes": {
          "motionTypeIds": [],
          "rehearingIds": [],
          "attributes": [
            {
              "id": 28,
              "label": "Rehearing Request Date",
              "dataType": "date",
              "uielementId": "ID_RHRREQDT",
              "value": "1",
              "mandatory": false,
              "visibility": false,
              "rolesForEdit": ["Supervisor"]
            }
          ]
        },
        "warningMessageList": [],
        "availablitySummary": {
          "code": "PRIVATE",
          "descriptionText": "Available to parties and board.",
          "displayNameText": "Parties and Board"
        },
        "roleSummary": {
          "code": "PATENT OWNER",
          "descriptionText": "Indicates artifact was submitted on behalf of Patent Owner.",
          "displayNameText": "Patent owner"
        },
        "artifactSummary": {
          "code": "PAPER",
          "descriptionText": "Paper"
        }
      }
    ]
  },
  {
    "rehearingId": 319131,
    "rehearingTypeId": 5,
    "rehearingTypeNm": "others",
    "rehearingStatusId": 1,
    "rehearingStatusName": "pending review",
    "rehearingStatusDisplayName": "pending review",
    "requestorTypeId": 1,
    "requestorTypeName": "Petitioner",
    "filedDate": "2024-02-01 12:53:47.0",
    "proceedingId": 1555036,
    "proceedingNumber": "IPR2024-00111",
    "userPartyGroupType": "petitioner",
    "rehearingDocuments": [
      {
        "documentNumber": 6,
        "name": "rehearing other",
        "category": "PAPER",
        "fileName": "TestformotionshyperlinkCopy.pdf",
        "filingParty": "petitioner",
        "availability": "Filing Party and Board",
        "documentTypeIdentifier": 226,
        "documentTypeCode": "RH:OTH",
        "documentTypeDescription": "Rehearing request:  Other ",
        "pageCount": 1,
        "contentManagementId": "PTAB/c1c3ca7a-24a8-4667-8ccb-c9f3172edc47",
        "artifactIdentifer": "mU3xU6xKsvOX-4Bb-jO_EQJpfRwcd8hcey0e9SOyR1dDXgfN63MjRyk",
        "artifactSubmissionIdentifier": 85881773,
        "filingDate": 1706810027,
        "filingDateString": "02/01/2024",
        "fileSize": 0,
        "documentStatus": "PENDING",
        "directionCode": "INCOMING",
        "documentTypeCustomAttributes": {
          "motionTypeIds": [],
          "rehearingIds": [],
          "attributes": [
            {
              "id": 28,
              "label": "Rehearing Request Date",
              "dataType": "date",
              "uielementId": "ID_RHRREQDT",
              "value": "1",
              "mandatory": false,
              "visibility": false,
              "rolesForEdit": ["Supervisor"]
            }
          ]
        },
        "warningMessageList": [],
        "availablitySummary": {
          "code": "CONFIDENTIAL",
          "descriptionText": "Available to filing party and board.",
          "displayNameText": "Filing Party and Board"
        },
        "roleSummary": {
          "code": "PETITIONER",
          "descriptionText": "Indicates artifact was submitted on behalf of Petitioner.",
          "displayNameText": "Petitioner"
        },
        "artifactSummary": {
          "code": "PAPER",
          "descriptionText": "Paper"
        }
      }
    ]
  },
  {
    "rehearingId": 319035,
    "rehearingTypeId": 1,
    "rehearingTypeNm": "institution decision",
    "rehearingStatusId": 1,
    "rehearingStatusName": "pending review",
    "rehearingStatusDisplayName": "pending review",
    "requestorTypeId": 2,
    "requestorTypeName": "Patent Owner",
    "filedDate": "2024-01-22 11:34:27.0",
    "proceedingId": 1554662,
    "proceedingNumber": "IPR2024-00004",
    "userPartyGroupType": "petitioner",
    "rehearingDocuments": [
      {
        "documentNumber": 16,
        "name": "Rehearing",
        "category": "PAPER",
        "fileName": "Sample.pdf",
        "filingParty": "patent owner",
        "availability": "Parties and Board",
        "documentTypeIdentifier": 224,
        "documentTypeCode": "RH:INST",
        "documentTypeDescription": "Rehearing request: Institution",
        "pageCount": 1,
        "contentManagementId": "PTAB/362615f4-bfe7-4238-9a0f-cd03a02d25ed",
        "artifactIdentifer": "9SxMt-RpvipLubRD4Z27say7vCgWO6FwMc_R-V_mcwJrlaVEx1jRxCk",
        "artifactSubmissionIdentifier": 85880687,
        "filingDate": 1705941267,
        "filingDateString": "01/22/2024",
        "fileSize": 0,
        "documentStatus": "PENDING",
        "directionCode": "INCOMING",
        "documentTypeCustomAttributes": {
          "motionTypeIds": [],
          "rehearingIds": [],
          "attributes": [
            {
              "id": 28,
              "label": "Rehearing Request Date",
              "dataType": "date",
              "uielementId": "ID_RHRREQDT",
              "value": "1",
              "mandatory": false,
              "visibility": false,
              "rolesForEdit": ["Supervisor"]
            }
          ]
        },
        "warningMessageList": [],
        "availablitySummary": {
          "code": "PRIVATE",
          "descriptionText": "Available to parties and board.",
          "displayNameText": "Parties and Board"
        },
        "roleSummary": {
          "code": "PATENT OWNER",
          "descriptionText": "Indicates artifact was submitted on behalf of Patent Owner.",
          "displayNameText": "Patent owner"
        },
        "artifactSummary": {
          "code": "PAPER",
          "descriptionText": "Paper"
        }
      },
      {
        "name": "Exhibit 2004",
        "category": "EXHIBIT",
        "fileName": "Sample.pdf",
        "filingParty": "patent owner",
        "availability": "Filing Party and Board",
        "exhibitNumber": 2004,
        "pageCount": 1,
        "artifactSubmissionIdentifier": 85880689,
        "filingDate": 1705941267,
        "filingDateString": "01/22/2024",
        "fileSize": 0,
        "documentStatus": "PENDING",
        "directionCode": "INCOMING",
        "warningMessageList": [],
        "availablitySummary": {
          "code": "CONFIDENTIAL",
          "descriptionText": "Available to filing party and board.",
          "displayNameText": "Filing Party and Board"
        },
        "roleSummary": {
          "code": "PATENT OWNER",
          "descriptionText": "Indicates artifact was submitted on behalf of Patent Owner.",
          "displayNameText": "Patent owner"
        },
        "artifactSummary": {
          "code": "EXHIBIT",
          "descriptionText": "Exhibit"
        }
      }
    ]
  },
  {
    "rehearingId": 319038,
    "rehearingTypeId": 2,
    "rehearingTypeNm": "final written decision",
    "rehearingStatusId": 1,
    "rehearingStatusName": "pending review",
    "rehearingStatusDisplayName": "pending review",
    "requestorTypeId": 1,
    "requestorTypeName": "Petitioner",
    "filedDate": "2024-01-23 00:00:00.0",
    "proceedingId": 1554923,
    "proceedingNumber": "IPR2024-00036",
    "userPartyGroupType": "petitioner",
    "rehearingDocuments": [
      {
        "documentNumber": 14,
        "name": "Rehearing: FWD",
        "category": "PAPER",
        "fileName": "Sample.pdf",
        "filingParty": "petitioner",
        "availability": "Parties and Board",
        "documentTypeIdentifier": 225,
        "documentTypeCode": "RH:FWD",
        "documentTypeDescription": "Rehearing request:  FWD",
        "pageCount": 1,
        "contentManagementId": "PTAB/f6fe5281-d4f3-4ead-98bf-713aa922d16e",
        "artifactIdentifer": "s8oiJPel7N3utZyNO24CxMAuU5P2yFVa-FSLiy3ObKUO-rTEq6_VufI",
        "artifactSubmissionIdentifier": 85880706,
        "filingDate": 1705943228,
        "filingDateString": "01/22/2024",
        "fileSize": 0,
        "documentStatus": "PENDING",
        "directionCode": "INCOMING",
        "documentTypeCustomAttributes": {
          "motionTypeIds": [],
          "rehearingIds": [],
          "attributes": [
            {
              "id": 28,
              "label": "Rehearing Request Date",
              "dataType": "date",
              "uielementId": "ID_RHRREQDT",
              "value": "1",
              "mandatory": false,
              "visibility": false,
              "rolesForEdit": ["Supervisor"]
            }
          ]
        },
        "warningMessageList": [],
        "availablitySummary": {
          "code": "PRIVATE",
          "descriptionText": "Available to parties and board.",
          "displayNameText": "Parties and Board"
        },
        "roleSummary": {
          "code": "PETITIONER",
          "descriptionText": "Indicates artifact was submitted on behalf of Petitioner.",
          "displayNameText": "Petitioner"
        },
        "artifactSummary": {
          "code": "PAPER",
          "descriptionText": "Paper"
        }
      },
      {
        "name": "Exhibit 1004",
        "category": "EXHIBIT",
        "fileName": "Sample.pdf",
        "filingParty": "petitioner",
        "availability": "Filing Party and Board",
        "exhibitNumber": 1004,
        "pageCount": 1,
        "contentManagementId": "PTAB/2547af9b-f6c2-49eb-abef-6e29b884aa6e",
        "artifactIdentifer": "N2NqTGrcobiQH_6SFil6NRI6QOjAXB00X73y7IvedignDrk2i7iF8TQ",
        "artifactSubmissionIdentifier": 85880707,
        "filingDate": 1705943228,
        "filingDateString": "01/22/2024",
        "fileSize": 0,
        "documentStatus": "PENDING",
        "directionCode": "INCOMING",
        "warningMessageList": [],
        "availablitySummary": {
          "code": "CONFIDENTIAL",
          "descriptionText": "Available to filing party and board.",
          "displayNameText": "Filing Party and Board"
        },
        "roleSummary": {
          "code": "PETITIONER",
          "descriptionText": "Indicates artifact was submitted on behalf of Petitioner.",
          "displayNameText": "Petitioner"
        },
        "artifactSummary": {
          "code": "EXHIBIT",
          "descriptionText": "Exhibit"
        }
      }
    ]
  },
  {
    "rehearingId": 319038,
    "rehearingTypeId": 2,
    "rehearingTypeNm": "final written decision",
    "rehearingStatusId": 1,
    "rehearingStatusName": "pending review",
    "rehearingStatusDisplayName": "pending review",
    "requestorTypeId": 1,
    "requestorTypeName": "Petitioner",
    "filedDate": "2024-01-23 00:00:00.0",
    "proceedingId": 1554923,
    "proceedingNumber": "IPR2024-00036",
    "userPartyGroupType": "patent owner",
    "rehearingDocuments": [
      {
        "documentNumber": 14,
        "name": "Rehearing: FWD",
        "category": "PAPER",
        "fileName": "Sample.pdf",
        "filingParty": "petitioner",
        "availability": "Parties and Board",
        "documentTypeIdentifier": 225,
        "documentTypeCode": "RH:FWD",
        "documentTypeDescription": "Rehearing request:  FWD",
        "pageCount": 1,
        "contentManagementId": "PTAB/f6fe5281-d4f3-4ead-98bf-713aa922d16e",
        "artifactIdentifer": "kAxxc9y8fTbGCO6LbQSBxFuMatXeGNF_mqjyD2RBT-1-Xm2Jr4Px4nI",
        "artifactSubmissionIdentifier": 85880706,
        "filingDate": 1705943228,
        "filingDateString": "01/22/2024",
        "fileSize": 0,
        "documentStatus": "PENDING",
        "directionCode": "INCOMING",
        "documentTypeCustomAttributes": {
          "motionTypeIds": [],
          "rehearingIds": [],
          "attributes": [
            {
              "id": 28,
              "label": "Rehearing Request Date",
              "dataType": "date",
              "uielementId": "ID_RHRREQDT",
              "value": "1",
              "mandatory": false,
              "visibility": false,
              "rolesForEdit": ["Supervisor"]
            }
          ]
        },
        "warningMessageList": [],
        "availablitySummary": {
          "code": "PRIVATE",
          "descriptionText": "Available to parties and board.",
          "displayNameText": "Parties and Board"
        },
        "roleSummary": {
          "code": "PETITIONER",
          "descriptionText": "Indicates artifact was submitted on behalf of Petitioner.",
          "displayNameText": "Petitioner"
        },
        "artifactSummary": {
          "code": "PAPER",
          "descriptionText": "Paper"
        }
      },
      {
        "name": "Exhibit 1004",
        "category": "EXHIBIT",
        "fileName": "Sample.pdf",
        "filingParty": "petitioner",
        "availability": "Filing Party and Board",
        "exhibitNumber": 1004,
        "pageCount": 1,
        "artifactSubmissionIdentifier": 85880707,
        "filingDate": 1705943228,
        "filingDateString": "01/22/2024",
        "fileSize": 0,
        "documentStatus": "PENDING",
        "directionCode": "INCOMING",
        "warningMessageList": [],
        "availablitySummary": {
          "code": "CONFIDENTIAL",
          "descriptionText": "Available to filing party and board.",
          "displayNameText": "Filing Party and Board"
        },
        "roleSummary": {
          "code": "PETITIONER",
          "descriptionText": "Indicates artifact was submitted on behalf of Petitioner.",
          "displayNameText": "Petitioner"
        },
        "artifactSummary": {
          "code": "EXHIBIT",
          "descriptionText": "Exhibit"
        }
      }
    ]
  },
  {
    "rehearingId": 319043,
    "rehearingTypeId": 1,
    "rehearingTypeNm": "institution decision",
    "rehearingStatusId": 1,
    "rehearingStatusName": "pending review",
    "rehearingStatusDisplayName": "pending review",
    "requestorTypeId": 2,
    "requestorTypeName": "Patent Owner",
    "filedDate": "2024-01-22 15:45:36.0",
    "proceedingId": 1554928,
    "proceedingNumber": "IPR2024-00038",
    "userPartyGroupType": "petitioner",
    "rehearingDocuments": [
      {
        "documentNumber": 9,
        "name": "Rehearing",
        "category": "PAPER",
        "fileName": "Sample.pdf",
        "filingParty": "patent owner",
        "availability": "Parties and Board",
        "documentTypeIdentifier": 224,
        "documentTypeCode": "RH:INST",
        "documentTypeDescription": "Rehearing request: Institution",
        "pageCount": 1,
        "contentManagementId": "PTAB/e0c50920-f487-42f1-8b68-600316296407",
        "artifactIdentifer": "UGt7zVCq93kAwGCbp8xpvTOyoxVCi1qo4WGyWBTm9qpe4h8xgzu0VZI",
        "artifactSubmissionIdentifier": 85880758,
        "filingDate": 1705956423,
        "filingDateString": "01/22/2024",
        "fileSize": 0,
        "documentStatus": "PENDING",
        "directionCode": "INCOMING",
        "documentTypeCustomAttributes": {
          "motionTypeIds": [],
          "rehearingIds": [],
          "attributes": [
            {
              "id": 28,
              "label": "Rehearing Request Date",
              "dataType": "date",
              "uielementId": "ID_RHRREQDT",
              "value": "1",
              "mandatory": false,
              "visibility": false,
              "rolesForEdit": ["Supervisor"]
            }
          ]
        },
        "warningMessageList": [],
        "availablitySummary": {
          "code": "PRIVATE",
          "descriptionText": "Available to parties and board.",
          "displayNameText": "Parties and Board"
        },
        "roleSummary": {
          "code": "PATENT OWNER",
          "descriptionText": "Indicates artifact was submitted on behalf of Patent Owner.",
          "displayNameText": "Patent owner"
        },
        "artifactSummary": {
          "code": "PAPER",
          "descriptionText": "Paper"
        }
      },
      {
        "name": "Exhibit 2005 updated to 2060",
        "category": "EXHIBIT",
        "fileName": "Sample.pdf",
        "filingParty": "patent owner",
        "availability": "Parties and Board",
        "exhibitNumber": 2060,
        "pageCount": 1,
        "contentManagementId": "PTAB/2456c482-9ad7-42c1-9745-b7d821dd71b2",
        "artifactIdentifer": "Sj5ED-EUVEeeiFoLphHZ9BbsO3OXnJNWAHrgGU5i8Afb2hyySbmTQ7I",
        "artifactSubmissionIdentifier": 85880759,
        "filingDate": 1705956333,
        "filingDateString": "01/22/2024",
        "fileSize": 0,
        "documentStatus": "PENDING",
        "directionCode": "INCOMING",
        "warningMessageList": [],
        "availablitySummary": {
          "code": "PRIVATE",
          "descriptionText": "Available to parties and board.",
          "displayNameText": "Parties and Board"
        },
        "roleSummary": {
          "code": "PATENT OWNER",
          "descriptionText": "Indicates artifact was submitted on behalf of Patent Owner.",
          "displayNameText": "Patent owner"
        },
        "artifactSummary": {
          "code": "EXHIBIT",
          "descriptionText": "Exhibit"
        }
      }
    ]
  }
]
