[
  {
    "proceedingId": 1554911,
    "userRole": "Pro se",
    "proceedingNo": "IPR2024-00027",
    "poApplicationNumber": "08183369",
    "poPatentNumber": "5555555",
    "poRealParty": "--",
    "petitionerRealParty": "K change, change",
    "status": "Initiated",
    "userPartyGroupType": "PETITIONER",
    "prcdCreatedTs": "2024-01-19 00:00:00.0",
    "lastModifiedTimestamp": "2024-01-19 14:51:49.0",
    "judges": [],
    "poTechCenterId": "2600"
  },
  {
    "proceedingId": 1555040,
    "proceedingNo": "IPR2024-00113",
    "poApplicationNumber": "08183369",
    "poPatentNumber": "5555555",
    "poRealParty": "--",
    "petitionerRealParty": "K, M et al.",
    "status": "Initiated",
    "userPartyGroupType": "PETITIONER",
    "prcdCreatedTs": "2024-02-01 00:00:00.0",
    "lastModifiedTimestamp": "2024-02-01 17:32:28.0",
    "judges": [],
    "poTechCenterId": "2600"
  },
  {
    "proceedingId": 1555034,
    "userRole": "Lead Counsel",
    "proceedingNo": "IPR2024-00109",
    "poApplicationNumber": "14295751",
    "poPatentNumber": "9695945",
    "poRealParty": "--",
    "petitionerRealParty": "K, M",
    "status": "Initiated",
    "userPartyGroupType": "PETITIONER",
    "prcdCreatedTs": "2024-02-01 00:00:00.0",
    "lastModifiedTimestamp": "2024-02-06 16:13:48.0",
    "judges": [],
    "poTechCenterId": "3700"
  },
  {
    "proceedingId": 1554822,
    "proceedingNo": "PGR2024-00005",
    "poApplicationNumber": "08183369",
    "poPatentNumber": "5555555",
    "poRealParty": "--",
    "petitionerRealParty": "--",
    "status": "Initiated",
    "userPartyGroupType": "PETITIONER",
    "prcdCreatedTs": "2023-12-14 00:00:00.0",
    "lastModifiedTimestamp": "2023-12-14 16:20:45.0",
    "judges": [],
    "poTechCenterId": "2600"
  },
  {
    "proceedingId": 1554824,
    "proceedingNo": "PGR2024-00006",
    "poApplicationNumber": "08183369",
    "poPatentNumber": "5555555",
    "poRealParty": "--",
    "petitionerRealParty": "--",
    "status": "Initiated",
    "userPartyGroupType": "PETITIONER",
    "prcdCreatedTs": "2023-12-14 00:00:00.0",
    "lastModifiedTimestamp": "2023-12-14 16:26:01.0",
    "judges": [],
    "poTechCenterId": "2600"
  },
  {
    "proceedingId": 1555003,
    "proceedingNo": "IPR2024-00091",
    "poApplicationNumber": "08183369",
    "poPatentNumber": "5555555",
    "poRealParty": "--",
    "petitionerRealParty": "--",
    "status": "Initiated",
    "userPartyGroupType": "PETITIONER",
    "prcdCreatedTs": "2024-01-31 00:00:00.0",
    "lastModifiedTimestamp": "2024-01-31 15:21:44.0",
    "judges": [],
    "poTechCenterId": "2600"
  },
  {
    "proceedingId": 1555004,
    "proceedingNo": "IPR2024-00092",
    "poApplicationNumber": "08183369",
    "poPatentNumber": "5555555",
    "poRealParty": "--",
    "petitionerRealParty": "--",
    "status": "Initiated",
    "userPartyGroupType": "PETITIONER",
    "prcdCreatedTs": "2024-01-31 00:00:00.0",
    "lastModifiedTimestamp": "2024-01-31 08:28:21.0",
    "judges": [],
    "poTechCenterId": "2600"
  },
  {
    "proceedingId": 1554914,
    "userRole": "Lead Counsel",
    "proceedingNo": "PGR2024-00010",
    "poApplicationNumber": "08183369",
    "poPatentNumber": "5555555",
    "poRealParty": "--",
    "petitionerRealParty": "org et al.",
    "status": "Initiated",
    "userPartyGroupType": "PETITIONER",
    "prcdCreatedTs": "2024-01-19 00:00:00.0",
    "lastModifiedTimestamp": "2024-01-19 13:48:53.0",
    "judges": [],
    "poTechCenterId": "2600"
  },
  {
    "proceedingId": 1554924,
    "userRole": "Pro se",
    "proceedingNo": "PGR2024-00011",
    "poApplicationNumber": "08183369",
    "poPatentNumber": "5555555",
    "poRealParty": "--",
    "petitionerRealParty": "K change, change",
    "status": "Initiated",
    "userPartyGroupType": "PETITIONER",
    "prcdCreatedTs": "2024-01-22 00:00:00.0",
    "lastModifiedTimestamp": "2024-01-22 11:41:18.0",
    "judges": [],
    "poTechCenterId": "2600"
  },
  {
    "proceedingId": 1554921,
    "userRole": "Lead Counsel",
    "proceedingNo": "DER2024-00003",
    "petitionerPatentNumber": "5555555",
    "petitionerApplicationNumber": "08183369",
    "poApplicationNumber": "15601645",
    "poPatentNumber": "9892287",
    "poRealParty": "--",
    "petitionerRealParty": "last, first et al.",
    "status": "Initiated",
    "userPartyGroupType": "PETITIONER",
    "prcdCreatedTs": "2024-01-19 00:00:00.0",
    "lastModifiedTimestamp": "2024-01-19 15:44:50.0",
    "judges": [],
    "petiTechCenterId": "2600",
    "poTechCenterId": "2400"
  },
  {
    "proceedingId": 1555002,
    "proceedingNo": "IPR2024-00090",
    "poApplicationNumber": "08183369",
    "poPatentNumber": "5555555",
    "poRealParty": "--",
    "petitionerRealParty": "--",
    "status": "Initiated",
    "userPartyGroupType": "PETITIONER",
    "prcdCreatedTs": "2024-01-31 00:00:00.0",
    "lastModifiedTimestamp": "2024-01-31 08:24:43.0",
    "judges": [],
    "poTechCenterId": "2600"
  },
  {
    "proceedingId": 1554930,
    "userRole": "Lead Counsel",
    "proceedingNo": "DER2024-00005",
    "petitionerPatentNumber": "9695956",
    "petitionerApplicationNumber": "13952748",
    "poRealParty": "--",
    "petitionerRealParty": "test@org.gov et al.",
    "status": "Initiated",
    "userPartyGroupType": "PETITIONER",
    "prcdCreatedTs": "2024-01-22 00:00:00.0",
    "lastModifiedTimestamp": "2024-02-04 23:04:14.0",
    "judges": [],
    "petiTechCenterId": "2100"
  },
  {
    "proceedingId": 1554936,
    "proceedingNo": "IPR2024-00041",
    "poApplicationNumber": "08183369",
    "poPatentNumber": "5555555",
    "poRealParty": "--",
    "petitionerRealParty": "--",
    "status": "Initiated",
    "userPartyGroupType": "PETITIONER",
    "prcdCreatedTs": "2024-01-22 00:00:00.0",
    "lastModifiedTimestamp": "2024-01-22 15:58:27.0",
    "judges": [],
    "poTechCenterId": "2600"
  },
  {
    "proceedingId": 1555005,
    "proceedingNo": "IPR2024-00093",
    "poApplicationNumber": "08183369",
    "poPatentNumber": "5555555",
    "poRealParty": "--",
    "petitionerRealParty": "--",
    "status": "Initiated",
    "userPartyGroupType": "PETITIONER",
    "prcdCreatedTs": "2024-01-31 00:00:00.0",
    "lastModifiedTimestamp": "2024-01-31 08:43:06.0",
    "judges": [],
    "poTechCenterId": "2600"
  },
  {
    "proceedingId": 1554931,
    "proceedingNo": "DER2024-00006",
    "petitionerPatentNumber": "9695956",
    "petitionerApplicationNumber": "13952748",
    "poRealParty": "--",
    "petitionerRealParty": "--",
    "status": "Initiated",
    "userPartyGroupType": "PETITIONER",
    "prcdCreatedTs": "2024-01-22 00:00:00.0",
    "lastModifiedTimestamp": "2024-01-22 14:32:07.0",
    "judges": [],
    "petiTechCenterId": "2100"
  },
  {
    "proceedingId": 1554961,
    "userRole": "Lead Counsel",
    "proceedingNo": "IPR2024-00055",
    "poApplicationNumber": "08183369",
    "poPatentNumber": "5555555",
    "poRealParty": "--",
    "petitionerRealParty": "org",
    "status": "Initiated",
    "userPartyGroupType": "PETITIONER",
    "prcdCreatedTs": "2024-01-26 00:00:00.0",
    "lastModifiedTimestamp": "2024-01-30 12:27:02.0",
    "judges": [],
    "poTechCenterId": "2600"
  },
  {
    "proceedingId": 1554919,
    "userRole": "Lead Counsel",
    "proceedingNo": "IPR2024-00033",
    "poApplicationNumber": "08183369",
    "poPatentNumber": "5555555",
    "poRealParty": "--",
    "petitionerRealParty": "K, M",
    "status": "Initiated",
    "userPartyGroupType": "PETITIONER",
    "prcdCreatedTs": "2024-01-19 00:00:00.0",
    "lastModifiedTimestamp": "2024-02-06 16:15:38.0",
    "judges": [],
    "poTechCenterId": "2600"
  },
  {
    "proceedingId": 1554881,
    "userRole": "Pro se",
    "proceedingNo": "IPR2024-00023",
    "poApplicationNumber": "08183369",
    "poPatentNumber": "5555555",
    "poRealParty": "--",
    "petitionerRealParty": "K change, change",
    "status": "Initiated",
    "userPartyGroupType": "PETITIONER",
    "prcdCreatedTs": "2024-01-10 00:00:00.0",
    "lastModifiedTimestamp": "2024-01-19 14:53:55.0",
    "judges": [],
    "poTechCenterId": "2600"
  },
  {
    "proceedingId": 1555001,
    "proceedingNo": "IPR2024-00089",
    "poApplicationNumber": "08183369",
    "poPatentNumber": "5555555",
    "poRealParty": "--",
    "petitionerRealParty": "K, M et al.",
    "status": "Initiated",
    "userPartyGroupType": "PETITIONER",
    "prcdCreatedTs": "2024-01-31 00:00:00.0",
    "lastModifiedTimestamp": "2024-02-02 11:08:38.0",
    "judges": [],
    "poTechCenterId": "2600"
  },
  {
    "proceedingId": 1554998,
    "userRole": "Lead Counsel",
    "proceedingNo": "IPR2024-00086",
    "poApplicationNumber": "08183369",
    "poPatentNumber": "5555555",
    "poRealParty": "--",
    "petitionerRealParty": "K, M et al.",
    "status": "Initiated",
    "userPartyGroupType": "PETITIONER",
    "prcdCreatedTs": "2024-01-30 00:00:00.0",
    "lastModifiedTimestamp": "2024-01-30 20:05:10.0",
    "judges": [],
    "poTechCenterId": "2600"
  },
  {
    "proceedingId": 1555085,
    "userRole": "Pro se",
    "proceedingNo": "IPR2024-00141",
    "poApplicationNumber": "08183369",
    "poPatentNumber": "5555555",
    "poRealParty": "--",
    "petitionerRealParty": "K change, change",
    "status": "Initiated",
    "userPartyGroupType": "PETITIONER",
    "prcdCreatedTs": "2024-02-09 00:00:00.0",
    "lastModifiedTimestamp": "2024-02-09 13:35:52.0",
    "judges": [],
    "poTechCenterId": "2600"
  },
  {
    "proceedingId": 1554938,
    "proceedingNo": "IPR2024-00043",
    "poApplicationNumber": "08183369",
    "poPatentNumber": "5555555",
    "poRealParty": "--",
    "petitionerRealParty": "--",
    "status": "Initiated",
    "userPartyGroupType": "PETITIONER",
    "prcdCreatedTs": "2024-01-22 00:00:00.0",
    "lastModifiedTimestamp": "2024-01-22 16:45:59.0",
    "judges": [],
    "poTechCenterId": "2600"
  },
  {
    "proceedingId": 1555050,
    "proceedingNo": "IPR2024-00120",
    "poApplicationNumber": "08183369",
    "poPatentNumber": "5555555",
    "poRealParty": "--",
    "petitionerRealParty": "--",
    "status": "Initiated",
    "userPartyGroupType": "PETITIONER",
    "prcdCreatedTs": "2024-02-04 00:00:00.0",
    "lastModifiedTimestamp": "2024-02-04 19:46:10.0",
    "judges": [],
    "poTechCenterId": "2600"
  }
]
