{
    "externalCalls": [
      {
        "service": "Adobe",
        "endpoints": ["GenerateNotice"]
      },
      {
        "service": "CDS MarkLogic",
        "endpoints": [
          "/v1/resources/personData",
          "/v1/resources/applicationData",
          "/v1/resources/policyData",
          "/v1/resources/mcrExtractService",
          "/v1/resources/mcrIssuerExtractService",
          "/v1/resources/ffmDmiStatus",
          "/v1/resources/ffmRetrieveSVIInformation",
          "/v1/invoke",
          "/v1/eval",
          "/v1/search",
          "/v1/transactions"
        ]
      },
      {
        "service": "MarkLogic",
        "endpoints": [
          "/v1/invoke",
          "/v1/eval",
          "/v1/search",
          "/v1/transactions"
        ]
      },
      {
        "service": "Gov Delivery",
        "endpoints": ["/messages/email"]
      },
      {
      "service": "Dynamo DB",
      "endpoints": ["dynamodb"]
      }
    ]
  }