[
    {
        "auditTrailId": 1647257,
        "changeObjectGroupId": 1698846,
        "changeOperationCt": "INSERT",
        "changeObjectNm": "Artifact Submission",
        "changeObjectId": "85502487",
        "changeColumnNm": "N/A",
        "changeColumnOldValueTx": "N/A",
        "changeColumnNewValueTx": "N/A",
        "changeDescriptionTx": "Document added",
        "changeParentObjectNm": "AIA review",
        "changeParentObjectId": 1548480,
        "createUserId": 73085,
        "createEmailAddressTx": "test1_mjones@rfem.com.123",
        "createTs": 1633132231315
    },
    {
        "auditTrailId": 1647275,
        "changeObjectGroupId": 1698864,
        "changeOperationCt": "INSERT",
        "changeObjectNm": "Proceeding Party",
        "changeObjectId": "15908024",
        "changeColumnNm": "N/A",
        "changeColumnOldValueTx": "N/A",
        "changeColumnNewValueTx": "N/A",
        "changeDescriptionTx": "Petitioner REAL PARTY added",
        "changeParentObjectNm": "AIA review",
        "changeParentObjectId": 1548480,
        "createUserId": 73085,
        "createEmailAddressTx": "test1_mjones@rfem.com.123",
        "createTs": 1633132743357
    },
    {
        "auditTrailId": 1647277,
        "changeObjectGroupId": 1698866,
        "changeOperationCt": "INSERT",
        "changeObjectNm": "Proceeding Party",
        "changeObjectId": "15908026",
        "changeColumnNm": "N/A",
        "changeColumnOldValueTx": "N/A",
        "changeColumnNewValueTx": "N/A",
        "changeDescriptionTx": "Petitioner COUNSEL added",
        "changeParentObjectNm": "AIA review",
        "changeParentObjectId": 1548480,
        "createUserId": 73085,
        "createEmailAddressTx": "test1_mjones@rfem.com.123",
        "createTs": 1633132967343
    },
    {
        "auditTrailId": 1647274,
        "changeObjectGroupId": 1698863,
        "changeOperationCt": "INSERT",
        "changeObjectNm": "Artifact Submission",
        "changeObjectId": "85502499",
        "changeColumnNm": "N/A",
        "changeColumnOldValueTx": "N/A",
        "changeColumnNewValueTx": "N/A",
        "changeDescriptionTx": "Document added",
        "changeParentObjectNm": "AIA review",
        "changeParentObjectId": 1548480,
        "createUserId": 73085,
        "createEmailAddressTx": "test1_mjones@rfem.com.123",
        "createTs": 1633132563262
    },
    {
        "auditTrailId": 1658898,
        "changeObjectGroupId": 1605489,
        "changeOperationCt": "UPDATE",
        "changeObjectNm": "N/A",
        "changeObjectId": "1547473",
        "changeColumnNm": "N/A",
        "changeColumnOldValueTx": "N/A",
        "changeColumnNewValueTx": "N/A",
        "changeDescriptionTx": "Reconcile Petition is assigned to tgreen4",
        "changeParentObjectNm": "AIA review",
        "changeParentObjectId": 1548480,
        "createUserId": 5041,
        "createEmailAddressTx": "TEST@TEST.USPTO.GOV",
        "createTs": 1634818154000
    },
    {
        "auditTrailId": 1662872,
        "changeObjectGroupId": 1712068,
        "changeOperationCt": "INSERT",
        "changeObjectNm": "Proceeding Party",
        "changeObjectId": "15909257",
        "changeColumnNm": "N/A",
        "changeColumnOldValueTx": "N/A",
        "changeColumnNewValueTx": "N/A",
        "changeDescriptionTx": "Patent Owner REAL PARTY added",
        "changeParentObjectNm": "AIA review",
        "changeParentObjectId": 1548480,
        "createUserId": 12480,
        "createEmailAddressTx": "test1_hni@nilawfirm.com.123",
        "createTs": 1635351209024
    },
    {
        "auditTrailId": 1647254,
        "changeObjectGroupId": 1698843,
        "changeOperationCt": "INSERT",
        "changeObjectNm": "Artifact Submission",
        "changeObjectId": "85502484",
        "changeColumnNm": "N/A",
        "changeColumnOldValueTx": "N/A",
        "changeColumnNewValueTx": "N/A",
        "changeDescriptionTx": "Document added",
        "changeParentObjectNm": "AIA review",
        "changeParentObjectId": 1548480,
        "createUserId": 73085,
        "createEmailAddressTx": "test1_mjones@rfem.com.123",
        "createTs": 1633132121109
    },
    {
        "auditTrailId": 1662500,
        "changeObjectGroupId": 1711753,
        "changeOperationCt": "INSERT",
        "changeObjectNm": "Proceeding Party Group",
        "changeObjectId": "3537347",
        "changeColumnNm": "N/A",
        "changeColumnOldValueTx": "N/A",
        "changeColumnNewValueTx": "N/A",
        "changeDescriptionTx": "Patent Owner Proceeding Party Group added",
        "changeParentObjectNm": "AIA review",
        "changeParentObjectId": 1548480,
        "createUserId": 12480,
        "createEmailAddressTx": "test1_hni@nilawfirm.com.123",
        "createTs": 1635280764352
    },
    {
        "auditTrailId": 1680615,
        "changeObjectGroupId": 1727638,
        "changeOperationCt": "INSERT",
        "changeObjectNm": "TASK",
        "changeObjectId": "1449297",
        "changeColumnNm": "N/A",
        "changeColumnOldValueTx": "N/A",
        "changeColumnNewValueTx": "N/A",
        "changeDescriptionTx": "New Task Added to AIA Review. TA 1449297",
        "changeParentObjectNm": "AIA review",
        "changeParentObjectId": 1548480,
        "createUserId": 73085,
        "createEmailAddressTx": "test1_mjones@rfem.com.123",
        "createTs": 1637708170643
    },
    {
        "auditTrailId": 1680616,
        "changeObjectGroupId": 1727639,
        "changeOperationCt": "INSERT",
        "changeObjectNm": "NOTIFICATION",
        "changeObjectId": "1548480",
        "changeColumnNm": "N/A",
        "changeColumnOldValueTx": "N/A",
        "changeColumnNewValueTx": "N/A",
        "changeDescriptionTx": "Motion Filed notification sent",
        "changeParentObjectNm": "AIA review",
        "changeParentObjectId": 1548480,
        "createUserId": 73085,
        "createEmailAddressTx": "test1_mjones@rfem.com.123",
        "createTs": 1637708173626
    },
    {
        "auditTrailId": 1662867,
        "changeObjectGroupId": 1712063,
        "changeOperationCt": "INSERT",
        "changeObjectNm": "Proceeding Party Group",
        "changeObjectId": "3537355",
        "changeColumnNm": "N/A",
        "changeColumnOldValueTx": "N/A",
        "changeColumnNewValueTx": "N/A",
        "changeDescriptionTx": "Patent Owner Proceeding Party Group added",
        "changeParentObjectNm": "AIA review",
        "changeParentObjectId": 1548480,
        "createUserId": 12480,
        "createEmailAddressTx": "test1_hni@nilawfirm.com.123",
        "createTs": 1635351073476
    },
    {
        "auditTrailId": 1647160,
        "changeObjectGroupId": 1698749,
        "changeOperationCt": "INSERT",
        "changeObjectNm": "Proceeding Party Group",
        "changeObjectId": "3537074",
        "changeColumnNm": "N/A",
        "changeColumnOldValueTx": "N/A",
        "changeColumnNewValueTx": "N/A",
        "changeDescriptionTx": "Petitioner Proceeding Party Group added",
        "changeParentObjectNm": "AIA review",
        "changeParentObjectId": 1548480,
        "createUserId": 73085,
        "createEmailAddressTx": "test1_mjones@rfem.com.123",
        "createTs": 1633125228241
    },
    {
        "auditTrailId": 1647161,
        "changeObjectGroupId": 1698750,
        "changeOperationCt": "INSERT",
        "changeObjectNm": "Proceeding FSM Instance",
        "changeObjectId": "1548476",
        "changeColumnNm": "N/A",
        "changeColumnOldValueTx": "N/A",
        "changeColumnNewValueTx": "N/A",
        "changeDescriptionTx": "Proceeding Status added to Initiated",
        "changeParentObjectNm": "AIA review",
        "changeParentObjectId": 1548480,
        "createUserId": 73085,
        "createEmailAddressTx": "test1_mjones@rfem.com.123",
        "createTs": 1633125229257
    },
    {
        "auditTrailId": 1647235,
        "changeObjectGroupId": 1698824,
        "changeOperationCt": "INSERT",
        "changeObjectNm": "Artifact Submission",
        "changeObjectId": "85502465",
        "changeColumnNm": "N/A",
        "changeColumnOldValueTx": "N/A",
        "changeColumnNewValueTx": "N/A",
        "changeDescriptionTx": "Document added",
        "changeParentObjectNm": "AIA review",
        "changeParentObjectId": 1548480,
        "createUserId": 73085,
        "createEmailAddressTx": "test1_mjones@rfem.com.123",
        "createTs": 1633131581757
    },
    {
        "auditTrailId": 1647243,
        "changeObjectGroupId": 1698832,
        "changeOperationCt": "INSERT",
        "changeObjectNm": "Artifact Submission",
        "changeObjectId": "85502473",
        "changeColumnNm": "N/A",
        "changeColumnOldValueTx": "N/A",
        "changeColumnNewValueTx": "N/A",
        "changeDescriptionTx": "Document added",
        "changeParentObjectNm": "AIA review",
        "changeParentObjectId": 1548480,
        "createUserId": 73085,
        "createEmailAddressTx": "test1_mjones@rfem.com.123",
        "createTs": 1633131792738
    },
    {
        "auditTrailId": 1647256,
        "changeObjectGroupId": 1698845,
        "changeOperationCt": "INSERT",
        "changeObjectNm": "Artifact Submission",
        "changeObjectId": "85502486",
        "changeColumnNm": "N/A",
        "changeColumnOldValueTx": "N/A",
        "changeColumnNewValueTx": "N/A",
        "changeDescriptionTx": "Document added",
        "changeParentObjectNm": "AIA review",
        "changeParentObjectId": 1548480,
        "createUserId": 73085,
        "createEmailAddressTx": "test1_mjones@rfem.com.123",
        "createTs": 1633132201591
    },
    {
        "auditTrailId": 1647267,
        "changeObjectGroupId": 1698856,
        "changeOperationCt": "INSERT",
        "changeObjectNm": "Artifact Submission",
        "changeObjectId": "85502493",
        "changeColumnNm": "N/A",
        "changeColumnOldValueTx": "N/A",
        "changeColumnNewValueTx": "N/A",
        "changeDescriptionTx": "Document added",
        "changeParentObjectNm": "AIA review",
        "changeParentObjectId": 1548480,
        "createUserId": 73085,
        "createEmailAddressTx": "test1_mjones@rfem.com.123",
        "createTs": 1633132368350
    },
    {
        "auditTrailId": 1647269,
        "changeObjectGroupId": 1698858,
        "changeOperationCt": "INSERT",
        "changeObjectNm": "Artifact Submission",
        "changeObjectId": "85502495",
        "changeColumnNm": "N/A",
        "changeColumnOldValueTx": "N/A",
        "changeColumnNewValueTx": "N/A",
        "changeDescriptionTx": "Document added",
        "changeParentObjectNm": "AIA review",
        "changeParentObjectId": 1548480,
        "createUserId": 73085,
        "createEmailAddressTx": "test1_mjones@rfem.com.123",
        "createTs": 1633132424156
    },
    {
        "auditTrailId": 1647285,
        "changeObjectGroupId": 1698874,
        "changeOperationCt": "INSERT",
        "changeObjectNm": "NOTIFICATION",
        "changeObjectId": "1548480",
        "changeColumnNm": "N/A",
        "changeColumnOldValueTx": "N/A",
        "changeColumnNewValueTx": "N/A",
        "changeDescriptionTx": "Petition Submission notification sent",
        "changeParentObjectNm": "AIA review",
        "changeParentObjectId": 1548480,
        "createUserId": 73085,
        "createEmailAddressTx": "test1_mjones@rfem.com.123",
        "createTs": 1633133271186
    },
    {
        "auditTrailId": 1647286,
        "changeObjectGroupId": 1698875,
        "changeOperationCt": "INSERT",
        "changeObjectNm": "NOTIFICATION",
        "changeObjectId": "1548480",
        "changeColumnNm": "N/A",
        "changeColumnOldValueTx": "N/A",
        "changeColumnNewValueTx": "N/A",
        "changeDescriptionTx": "Payment Receipt notification sent",
        "changeParentObjectNm": "AIA review",
        "changeParentObjectId": 1548480,
        "createUserId": 73085,
        "createEmailAddressTx": "test1_mjones@rfem.com.123",
        "createTs": 1633133271187
    },
    {
        "auditTrailId": 1662869,
        "changeObjectGroupId": 1712065,
        "changeOperationCt": "INSERT",
        "changeObjectNm": "Artifact Submission",
        "changeObjectId": "85510961",
        "changeColumnNm": "N/A",
        "changeColumnOldValueTx": "N/A",
        "changeColumnNewValueTx": "N/A",
        "changeDescriptionTx": "Document added",
        "changeParentObjectNm": "AIA review",
        "changeParentObjectId": 1548480,
        "createUserId": 12480,
        "createEmailAddressTx": "test1_hni@nilawfirm.com.123",
        "createTs": 1635351111544
    },
    {
        "auditTrailId": 1668864,
        "changeObjectGroupId": 1605489,
        "changeOperationCt": "INSERT",
        "changeObjectNm": "N/A",
        "changeObjectId": "1547473",
        "changeColumnNm": "N/A",
        "changeColumnOldValueTx": "N/A",
        "changeColumnNewValueTx": "N/A",
        "changeDescriptionTx": "NOTICE OF FILING DATE ACCORDED TO PETITION AND TIME FOR FILING PATENT OWNER PRELIMINARY RESPONSE is added",
        "changeParentObjectNm": "AIA review",
        "changeParentObjectId": 1548480,
        "createUserId": 48865,
        "createEmailAddressTx": "TEST@TEST.USPTO.GOV",
        "createTs": 1636124402000
    },
    {
        "auditTrailId": 1680598,
        "changeObjectGroupId": 1727621,
        "changeOperationCt": "INSERT",
        "changeObjectNm": "Artifact Submission",
        "changeObjectId": "85520859",
        "changeColumnNm": "N/A",
        "changeColumnOldValueTx": "N/A",
        "changeColumnNewValueTx": "N/A",
        "changeDescriptionTx": "Document added",
        "changeParentObjectNm": "AIA review",
        "changeParentObjectId": 1548480,
        "createUserId": 73085,
        "createEmailAddressTx": "test1_mjones@rfem.com.123",
        "createTs": 1637707775008
    },
    {
        "auditTrailId": 1680620,
        "changeObjectGroupId": 1727643,
        "changeOperationCt": "INSERT",
        "changeObjectNm": "Artifact Submission",
        "changeObjectId": "85520873",
        "changeColumnNm": "N/A",
        "changeColumnOldValueTx": "N/A",
        "changeColumnNewValueTx": "N/A",
        "changeDescriptionTx": "Document added",
        "changeParentObjectNm": "AIA review",
        "changeParentObjectId": 1548480,
        "createUserId": 73085,
        "createEmailAddressTx": "test1_mjones@rfem.com.123",
        "createTs": 1637708275072
    },
    {
        "auditTrailId": 1647246,
        "changeObjectGroupId": 1698835,
        "changeOperationCt": "INSERT",
        "changeObjectNm": "Artifact Submission",
        "changeObjectId": "85502476",
        "changeColumnNm": "N/A",
        "changeColumnOldValueTx": "N/A",
        "changeColumnNewValueTx": "N/A",
        "changeDescriptionTx": "Document added",
        "changeParentObjectNm": "AIA review",
        "changeParentObjectId": 1548480,
        "createUserId": 73085,
        "createEmailAddressTx": "test1_mjones@rfem.com.123",
        "createTs": 1633131894506
    },
    {
        "auditTrailId": 1647247,
        "changeObjectGroupId": 1698836,
        "changeOperationCt": "INSERT",
        "changeObjectNm": "Artifact Submission",
        "changeObjectId": "85502477",
        "changeColumnNm": "N/A",
        "changeColumnOldValueTx": "N/A",
        "changeColumnNewValueTx": "N/A",
        "changeDescriptionTx": "Document added",
        "changeParentObjectNm": "AIA review",
        "changeParentObjectId": 1548480,
        "createUserId": 73085,
        "createEmailAddressTx": "test1_mjones@rfem.com.123",
        "createTs": 1633131927407
    },
    {
        "auditTrailId": 1647248,
        "changeObjectGroupId": 1698837,
        "changeOperationCt": "INSERT",
        "changeObjectNm": "Artifact Submission",
        "changeObjectId": "85502478",
        "changeColumnNm": "N/A",
        "changeColumnOldValueTx": "N/A",
        "changeColumnNewValueTx": "N/A",
        "changeDescriptionTx": "Document added",
        "changeParentObjectNm": "AIA review",
        "changeParentObjectId": 1548480,
        "createUserId": 73085,
        "createEmailAddressTx": "test1_mjones@rfem.com.123",
        "createTs": 1633131964206
    },
    {
        "auditTrailId": 1647268,
        "changeObjectGroupId": 1698857,
        "changeOperationCt": "INSERT",
        "changeObjectNm": "Artifact Submission",
        "changeObjectId": "85502494",
        "changeColumnNm": "N/A",
        "changeColumnOldValueTx": "N/A",
        "changeColumnNewValueTx": "N/A",
        "changeDescriptionTx": "Document added",
        "changeParentObjectNm": "AIA review",
        "changeParentObjectId": 1548480,
        "createUserId": 73085,
        "createEmailAddressTx": "test1_mjones@rfem.com.123",
        "createTs": 1633132396415
    },
    {
        "auditTrailId": 1647272,
        "changeObjectGroupId": 1698861,
        "changeOperationCt": "INSERT",
        "changeObjectNm": "Artifact Submission",
        "changeObjectId": "85502497",
        "changeColumnNm": "N/A",
        "changeColumnOldValueTx": "N/A",
        "changeColumnNewValueTx": "N/A",
        "changeDescriptionTx": "Document added",
        "changeParentObjectNm": "AIA review",
        "changeParentObjectId": 1548480,
        "createUserId": 73085,
        "createEmailAddressTx": "test1_mjones@rfem.com.123",
        "createTs": 1633132505967
    },
    {
        "auditTrailId": 1647273,
        "changeObjectGroupId": 1698862,
        "changeOperationCt": "INSERT",
        "changeObjectNm": "Artifact Submission",
        "changeObjectId": "85502498",
        "changeColumnNm": "N/A",
        "changeColumnOldValueTx": "N/A",
        "changeColumnNewValueTx": "N/A",
        "changeDescriptionTx": "Document added",
        "changeParentObjectNm": "AIA review",
        "changeParentObjectId": 1548480,
        "createUserId": 73085,
        "createEmailAddressTx": "test1_mjones@rfem.com.123",
        "createTs": 1633132531916
    },
    {
        "auditTrailId": 1647236,
        "changeObjectGroupId": 1698825,
        "changeOperationCt": "INSERT",
        "changeObjectNm": "Artifact Submission",
        "changeObjectId": "85502466",
        "changeColumnNm": "N/A",
        "changeColumnOldValueTx": "N/A",
        "changeColumnNewValueTx": "N/A",
        "changeDescriptionTx": "Document added",
        "changeParentObjectNm": "AIA review",
        "changeParentObjectId": 1548480,
        "createUserId": 73085,
        "createEmailAddressTx": "test1_mjones@rfem.com.123",
        "createTs": 1633131620422
    },
    {
        "auditTrailId": 1647245,
        "changeObjectGroupId": 1698834,
        "changeOperationCt": "INSERT",
        "changeObjectNm": "Artifact Submission",
        "changeObjectId": "85502475",
        "changeColumnNm": "N/A",
        "changeColumnOldValueTx": "N/A",
        "changeColumnNewValueTx": "N/A",
        "changeDescriptionTx": "Document added",
        "changeParentObjectNm": "AIA review",
        "changeParentObjectId": 1548480,
        "createUserId": 73085,
        "createEmailAddressTx": "test1_mjones@rfem.com.123",
        "createTs": 1633131854639
    },
    {
        "auditTrailId": 1647264,
        "changeObjectGroupId": 1698853,
        "changeOperationCt": "INSERT",
        "changeObjectNm": "Artifact Submission",
        "changeObjectId": "85502491",
        "changeColumnNm": "N/A",
        "changeColumnOldValueTx": "N/A",
        "changeColumnNewValueTx": "N/A",
        "changeDescriptionTx": "Document added",
        "changeParentObjectNm": "AIA review",
        "changeParentObjectId": 1548480,
        "createUserId": 73085,
        "createEmailAddressTx": "test1_mjones@rfem.com.123",
        "createTs": 1633132316733
    },
    {
        "auditTrailId": 1647278,
        "changeObjectGroupId": 1698867,
        "changeOperationCt": "INSERT",
        "changeObjectNm": "Proceeding Party",
        "changeObjectId": "15908027",
        "changeColumnNm": "N/A",
        "changeColumnOldValueTx": "N/A",
        "changeColumnNewValueTx": "N/A",
        "changeDescriptionTx": "Petitioner COUNSEL added",
        "changeParentObjectNm": "AIA review",
        "changeParentObjectId": 1548480,
        "createUserId": 73085,
        "createEmailAddressTx": "test1_mjones@rfem.com.123",
        "createTs": 1633133049037
    },
    {
        "auditTrailId": 1647279,
        "changeObjectGroupId": 1698868,
        "changeOperationCt": "INSERT",
        "changeObjectNm": "Payment",
        "changeObjectId": "1452278",
        "changeColumnNm": "N/A",
        "changeColumnOldValueTx": "N/A",
        "changeColumnNewValueTx": "N/A",
        "changeDescriptionTx": "Payment INPROCESS",
        "changeParentObjectNm": "AIA review",
        "changeParentObjectId": 1548480,
        "createUserId": 73085,
        "createEmailAddressTx": "test1_mjones@rfem.com.123",
        "createTs": 1633133114046
    },
    {
        "auditTrailId": 1685866,
        "changeObjectGroupId": 1732297,
        "changeOperationCt": "INSERT",
        "changeObjectNm": "Artifact Submission",
        "changeObjectId": "85523600",
        "changeColumnNm": "N/A",
        "changeColumnOldValueTx": "N/A",
        "changeColumnNewValueTx": "N/A",
        "changeDescriptionTx": "Document added",
        "changeParentObjectNm": "AIA review",
        "changeParentObjectId": 1548480,
        "createUserId": 73085,
        "createEmailAddressTx": "test1_mjones@rfem.com.123",
        "createTs": 1638570975591
    },
    {
        "auditTrailId": 1647259,
        "changeObjectGroupId": 1698848,
        "changeOperationCt": "INSERT",
        "changeObjectNm": "Artifact Submission",
        "changeObjectId": "85502489",
        "changeColumnNm": "N/A",
        "changeColumnOldValueTx": "N/A",
        "changeColumnNewValueTx": "N/A",
        "changeDescriptionTx": "Document added",
        "changeParentObjectNm": "AIA review",
        "changeParentObjectId": 1548480,
        "createUserId": 73085,
        "createEmailAddressTx": "test1_mjones@rfem.com.123",
        "createTs": 1633132260552
    },
    {
        "auditTrailId": 1647276,
        "changeObjectGroupId": 1698865,
        "changeOperationCt": "INSERT",
        "changeObjectNm": "Proceeding Party",
        "changeObjectId": "15908025",
        "changeColumnNm": "N/A",
        "changeColumnOldValueTx": "N/A",
        "changeColumnNewValueTx": "N/A",
        "changeDescriptionTx": "Petitioner COUNSEL added",
        "changeParentObjectNm": "AIA review",
        "changeParentObjectId": 1548480,
        "createUserId": 73085,
        "createEmailAddressTx": "test1_mjones@rfem.com.123",
        "createTs": 1633132857122
    },
    {
        "auditTrailId": 1662873,
        "changeObjectGroupId": 1712069,
        "changeOperationCt": "INSERT",
        "changeObjectNm": "Proceeding Party",
        "changeObjectId": "15909258",
        "changeColumnNm": "N/A",
        "changeColumnOldValueTx": "N/A",
        "changeColumnNewValueTx": "N/A",
        "changeDescriptionTx": "Patent Owner COUNSEL added",
        "changeParentObjectNm": "AIA review",
        "changeParentObjectId": 1548480,
        "createUserId": 12480,
        "createEmailAddressTx": "test1_hni@nilawfirm.com.123",
        "createTs": 1635351237544
    },
    {
        "auditTrailId": 1867531,
        "changeObjectGroupId": 1605489,
        "changeOperationCt": "INSERT",
        "changeObjectNm": "N/A",
        "changeObjectId": "1547473",
        "changeColumnNm": "N/A",
        "changeColumnOldValueTx": "N/A",
        "changeColumnNewValueTx": "N/A",
        "changeDescriptionTx": "fetched milestone category information for proceeding number IPR2022-00002 by mcarlson1",
        "changeParentObjectNm": "AIA review",
        "changeParentObjectId": 1548480,
        "createUserId": 6470,
        "createEmailAddressTx": "TEST@TEST.USPTO.GOV",
        "createTs": 1662749582000
    },
    {
        "auditTrailId": 1866919,
        "changeObjectGroupId": 1605489,
        "changeOperationCt": "INSERT",
        "changeObjectNm": "N/A",
        "changeObjectId": "1547473",
        "changeColumnNm": "N/A",
        "changeColumnOldValueTx": "N/A",
        "changeColumnNewValueTx": "N/A",
        "changeDescriptionTx": "fetched milestone category information for proceeding number IPR2022-00002 by sekambarapu",
        "changeParentObjectNm": "AIA review",
        "changeParentObjectId": 1548480,
        "createUserId": 5189,
        "createEmailAddressTx": "TEST@TEST.USPTO.GOV",
        "createTs": 1662728137000
    },
    {
        "auditTrailId": 1869398,
        "changeObjectGroupId": 1882458,
        "changeOperationCt": "INSERT",
        "changeObjectNm": "Artifact Submission",
        "changeObjectId": "85617088",
        "changeColumnNm": "N/A",
        "changeColumnOldValueTx": "N/A",
        "changeColumnNewValueTx": "N/A",
        "changeDescriptionTx": "Document added",
        "changeParentObjectNm": "AIA review",
        "changeParentObjectId": 1548480,
        "createUserId": 73085,
        "createEmailAddressTx": "test1_mjones@rfem.com.123",
        "createTs": 1663013565567
    },
    {
        "auditTrailId": 1860275,
        "changeObjectGroupId": 1605489,
        "changeOperationCt": "INSERT",
        "changeObjectNm": "N/A",
        "changeObjectId": "1547473",
        "changeColumnNm": "N/A",
        "changeColumnOldValueTx": "N/A",
        "changeColumnNewValueTx": "N/A",
        "changeDescriptionTx": "fetched milestone category information for proceeding number IPR2022-00002 by mcarlson1",
        "changeParentObjectNm": "AIA review",
        "changeParentObjectId": 1548480,
        "createUserId": 6470,
        "createEmailAddressTx": "TEST@TEST.USPTO.GOV",
        "createTs": 1662064988000
    },
    {
        "auditTrailId": 1874136,
        "changeObjectGroupId": 1605489,
        "changeOperationCt": "INSERT",
        "changeObjectNm": "N/A",
        "changeObjectId": "1547473",
        "changeColumnNm": "N/A",
        "changeColumnOldValueTx": "N/A",
        "changeColumnNewValueTx": "N/A",
        "changeDescriptionTx": "fetched milestone category information for proceeding number IPR2022-00002 by mwoods",
        "changeParentObjectNm": "AIA review",
        "changeParentObjectId": 1548480,
        "createUserId": 530,
        "createEmailAddressTx": "TEST@TEST.USPTO.GOV",
        "createTs": 1663333272000
    },
    {
        "auditTrailId": 1868992,
        "changeObjectGroupId": 1605489,
        "changeOperationCt": "INSERT",
        "changeObjectNm": "N/A",
        "changeObjectId": "1547473",
        "changeColumnNm": "N/A",
        "changeColumnOldValueTx": "N/A",
        "changeColumnNewValueTx": "N/A",
        "changeDescriptionTx": "fetched milestone category information for proceeding number IPR2022-00002 by mcarlson1",
        "changeParentObjectNm": "AIA review",
        "changeParentObjectId": 1548480,
        "createUserId": 6470,
        "createEmailAddressTx": "TEST@TEST.USPTO.GOV",
        "createTs": 1663002525000
    },
    {
        "auditTrailId": 4692231,
        "changeObjectGroupId": 1605489,
        "changeOperationCt": "INSERT",
        "changeObjectNm": "N/A",
        "changeObjectId": "1547473",
        "changeColumnNm": "N/A",
        "changeColumnOldValueTx": "N/A",
        "changeColumnNewValueTx": "N/A",
        "changeDescriptionTx": "Submitted  EXHIBIT & PAPER  with  null & ORD:OTH with the Document Name: Order:  Rescheduling of Oral Argument & Exhibit 3001 by board",
        "changeParentObjectNm": "AIA review",
        "changeParentObjectId": 1548480,
        "createUserId": 150555,
        "createEmailAddressTx": "TEST@TEST.USPTO.GOV",
        "createTs": 1670877552000
    },
    {
        "auditTrailId": 1897422,
        "changeObjectGroupId": 1894216,
        "changeOperationCt": "INSERT",
        "changeObjectNm": "NOTIFICATION",
        "changeObjectId": "1548480",
        "changeColumnNm": "N/A",
        "changeColumnOldValueTx": "N/A",
        "changeColumnNewValueTx": "N/A",
        "changeDescriptionTx": "Document Upload notification sent",
        "changeParentObjectNm": "AIA review",
        "changeParentObjectId": 1548480,
        "createUserId": 73085,
        "createEmailAddressTx": "test1_mjones@rfem.com.123",
        "createTs": 1665000082553
    },
    {
        "auditTrailId": 10576594,
        "changeObjectGroupId": 1605489,
        "changeOperationCt": "INSERT",
        "changeObjectNm": "N/A",
        "changeObjectId": "1547473",
        "changeColumnNm": "N/A",
        "changeColumnOldValueTx": "N/A",
        "changeColumnNewValueTx": "N/A",
        "changeDescriptionTx": "Submitted  PAPER  with  FINAL:FW with the Document Name: Final Written Decision:  original by board",
        "changeParentObjectNm": "AIA review",
        "changeParentObjectId": 1548480,
        "createUserId": 117129,
        "createEmailAddressTx": "TEST@TEST.USPTO.GOV",
        "createTs": 1677771561000
    },
    {
        "auditTrailId": 4371536,
        "changeObjectGroupId": 1605489,
        "changeOperationCt": "INSERT",
        "changeObjectNm": "N/A",
        "changeObjectId": "1547473",
        "changeColumnNm": "N/A",
        "changeColumnOldValueTx": "N/A",
        "changeColumnNewValueTx": "N/A",
        "changeDescriptionTx": "Submitted  PAPER  with  ORD:OTH with the Document Name: Setting Oral Argument 37 C.F.R. Â§ 42.70 by board",
        "changeParentObjectNm": "AIA review",
        "changeParentObjectId": 1548480,
        "createUserId": 28,
        "createEmailAddressTx": "TEST@TEST.USPTO.GOV",
        "createTs": 1670596407000
    },
    {
        "auditTrailId": 1864102,
        "changeObjectGroupId": 1605489,
        "changeOperationCt": "INSERT",
        "changeObjectNm": "N/A",
        "changeObjectId": "1547473",
        "changeColumnNm": "N/A",
        "changeColumnOldValueTx": "N/A",
        "changeColumnNewValueTx": "N/A",
        "changeDescriptionTx": "fetched milestone category information for proceeding number IPR2022-00002 by bdougal",
        "changeParentObjectNm": "AIA review",
        "changeParentObjectId": 1548480,
        "createUserId": 80442,
        "createEmailAddressTx": "diveshreddy.korem@uspto.gov.123",
        "createTs": 1662557082000
    },
    {
        "auditTrailId": 1869399,
        "changeObjectGroupId": 1882459,
        "changeOperationCt": "INSERT",
        "changeObjectNm": "Artifact Submission",
        "changeObjectId": "85617089",
        "changeColumnNm": "N/A",
        "changeColumnOldValueTx": "N/A",
        "changeColumnNewValueTx": "N/A",
        "changeDescriptionTx": "Document added",
        "changeParentObjectNm": "AIA review",
        "changeParentObjectId": 1548480,
        "createUserId": 73085,
        "createEmailAddressTx": "test1_mjones@rfem.com.123",
        "createTs": 1663013635469
    },
    {
        "auditTrailId": 1897421,
        "changeObjectGroupId": 1894215,
        "changeOperationCt": "INSERT",
        "changeObjectNm": "Artifact Submission",
        "changeObjectId": "85623897",
        "changeColumnNm": "N/A",
        "changeColumnOldValueTx": "N/A",
        "changeColumnNewValueTx": "N/A",
        "changeDescriptionTx": "Document added",
        "changeParentObjectNm": "AIA review",
        "changeParentObjectId": 1548480,
        "createUserId": 73085,
        "createEmailAddressTx": "test1_mjones@rfem.com.123",
        "createTs": 1665000055341
    },
    {
        "auditTrailId": 1860359,
        "changeObjectGroupId": 1605489,
        "changeOperationCt": "INSERT",
        "changeObjectNm": "N/A",
        "changeObjectId": "1547473",
        "changeColumnNm": "N/A",
        "changeColumnOldValueTx": "N/A",
        "changeColumnNewValueTx": "N/A",
        "changeDescriptionTx": "fetched milestone category information for proceeding number IPR2022-00002 by bdougal",
        "changeParentObjectNm": "AIA review",
        "changeParentObjectId": 1548480,
        "createUserId": 80442,
        "createEmailAddressTx": "diveshreddy.korem@uspto.gov.123",
        "createTs": 1662067839000
    },
    {
        "auditTrailId": 1867608,
        "changeObjectGroupId": 1605489,
        "changeOperationCt": "INSERT",
        "changeObjectNm": "N/A",
        "changeObjectId": "1547473",
        "changeColumnNm": "N/A",
        "changeColumnOldValueTx": "N/A",
        "changeColumnNewValueTx": "N/A",
        "changeDescriptionTx": "fetched milestone category information for proceeding number IPR2022-00002 by mwoods",
        "changeParentObjectNm": "AIA review",
        "changeParentObjectId": 1548480,
        "createUserId": 530,
        "createEmailAddressTx": "TEST@TEST.USPTO.GOV",
        "createTs": 1662751487000
    },
    {
        "auditTrailId": 1869400,
        "changeObjectGroupId": 1882460,
        "changeOperationCt": "INSERT",
        "changeObjectNm": "NOTIFICATION",
        "changeObjectId": "1548480",
        "changeColumnNm": "N/A",
        "changeColumnOldValueTx": "N/A",
        "changeColumnNewValueTx": "N/A",
        "changeDescriptionTx": "Document Upload notification sent",
        "changeParentObjectNm": "AIA review",
        "changeParentObjectId": 1548480,
        "createUserId": 73085,
        "createEmailAddressTx": "test1_mjones@rfem.com.123",
        "createTs": 1663013648665
    },
    {
        "auditTrailId": 13180879,
        "changeObjectGroupId": 1605489,
        "changeOperationCt": "INSERT",
        "changeObjectNm": "N/A",
        "changeObjectId": "1547473",
        "changeColumnNm": "N/A",
        "changeColumnOldValueTx": "N/A",
        "changeColumnNewValueTx": "N/A",
        "changeDescriptionTx": "Milestone with the type Decision to Institute is updated ~",
        "changeParentObjectNm": "AIA review",
        "changeParentObjectId": 1548480,
        "createUserId": 177437,
        "createEmailAddressTx": "kevinknox06@gmail.com",
        "createTs": 1689957422000
    },
    {
        "auditTrailId": 13180868,
        "changeObjectGroupId": 1605489,
        "changeOperationCt": "UPDATE",
        "changeObjectNm": "N/A",
        "changeObjectId": "1547473",
        "changeColumnNm": "N/A",
        "changeColumnOldValueTx": "N/A",
        "changeColumnNewValueTx": "N/A",
        "changeDescriptionTx": "Updated Document Name for PAPER No. 22 with Final Written Decision:  original with the Document name: Final Written Decision:  original update1",
        "changeParentObjectNm": "AIA review",
        "changeParentObjectId": 1548480,
        "createUserId": 93747,
        "createEmailAddressTx": "mahathi.sakamuru@uspto.gov",
        "createTs": 1689955591000
    },
    {
        "auditTrailId": 13180995,
        "changeObjectGroupId": 1605489,
        "changeOperationCt": "UPDATE",
        "changeObjectNm": "N/A",
        "changeObjectId": "1547473",
        "changeColumnNm": "N/A",
        "changeColumnOldValueTx": "N/A",
        "changeColumnNewValueTx": "N/A",
        "changeDescriptionTx": "Updated Document Name for PAPER No. 22 with Final Written Decision:  original with the Document name: Final Written Decision:  original update",
        "changeParentObjectNm": "AIA review",
        "changeParentObjectId": 1548480,
        "createUserId": 93747,
        "createEmailAddressTx": "mahathi.sakamuru@uspto.gov",
        "createTs": 1689973909000
    },
    {
        "auditTrailId": 13180836,
        "changeObjectGroupId": 1605489,
        "changeOperationCt": "UPDATE",
        "changeObjectNm": "N/A",
        "changeObjectId": "1547473",
        "changeColumnNm": "N/A",
        "changeColumnOldValueTx": "N/A",
        "changeColumnNewValueTx": "N/A",
        "changeDescriptionTx": "Updated Document Name for PAPER No. 19 with Order:  Other with the Document name: Setting Oral Argument 37 C.F.R. Â§ 42.70 update",
        "changeParentObjectNm": "AIA review",
        "changeParentObjectId": 1548480,
        "createUserId": 5041,
        "createEmailAddressTx": "TEST@TEST.USPTO.GOV",
        "createTs": 1689950954000
    },
    {
        "auditTrailId": 13180852,
        "changeObjectGroupId": 1605489,
        "changeOperationCt": "UPDATE",
        "changeObjectNm": "N/A",
        "changeObjectId": "1547473",
        "changeColumnNm": "N/A",
        "changeColumnOldValueTx": "N/A",
        "changeColumnNewValueTx": "N/A",
        "changeDescriptionTx": "Updated Document Name for PAPER No. 22 with Final Written Decision:  original with the Document name: Final Written Decision:  original update",
        "changeParentObjectNm": "AIA review",
        "changeParentObjectId": 1548480,
        "createUserId": 5041,
        "createEmailAddressTx": "TEST@TEST.USPTO.GOV",
        "createTs": 1689952893000
    },
    {
        "auditTrailId": 13180998,
        "changeObjectGroupId": 1605489,
        "changeOperationCt": "UPDATE",
        "changeObjectNm": "N/A",
        "changeObjectId": "1547473",
        "changeColumnNm": "N/A",
        "changeColumnOldValueTx": "N/A",
        "changeColumnNewValueTx": "N/A",
        "changeDescriptionTx": "Updated Document Name for PAPER No. 22 with Final Written Decision:  original with the Document name: Final Written Decision:  original update1",
        "changeParentObjectNm": "AIA review",
        "changeParentObjectId": 1548480,
        "createUserId": 93747,
        "createEmailAddressTx": "mahathi.sakamuru@uspto.gov",
        "createTs": 1689974111000
    },
    {
        "auditTrailId": 13181000,
        "changeObjectGroupId": 1605489,
        "changeOperationCt": "UPDATE",
        "changeObjectNm": "N/A",
        "changeObjectId": "1547473",
        "changeColumnNm": "N/A",
        "changeColumnOldValueTx": "N/A",
        "changeColumnNewValueTx": "N/A",
        "changeDescriptionTx": "Updated Document Name for PAPER No. 22 with Final Written Decision:  original with the Document name: Final Written Decision:  original update",
        "changeParentObjectNm": "AIA review",
        "changeParentObjectId": 1548480,
        "createUserId": 93747,
        "createEmailAddressTx": "mahathi.sakamuru@uspto.gov",
        "createTs": 1689974253000
    },
    {
        "auditTrailId": 13181001,
        "changeObjectGroupId": 1605489,
        "changeOperationCt": "UPDATE",
        "changeObjectNm": "N/A",
        "changeObjectId": "1547473",
        "changeColumnNm": "N/A",
        "changeColumnOldValueTx": "N/A",
        "changeColumnNewValueTx": "N/A",
        "changeDescriptionTx": "Updated Document Name for PAPER No. 22 with Final Written Decision:  original with the Document name: Final Written Decision:  original update",
        "changeParentObjectNm": "AIA review",
        "changeParentObjectId": 1548480,
        "createUserId": 93747,
        "createEmailAddressTx": "mahathi.sakamuru@uspto.gov",
        "createTs": 1689974300000
    },
    {
        "auditTrailId": 13180999,
        "changeObjectGroupId": 1605489,
        "changeOperationCt": "UPDATE",
        "changeObjectNm": "N/A",
        "changeObjectId": "1547473",
        "changeColumnNm": "N/A",
        "changeColumnOldValueTx": "N/A",
        "changeColumnNewValueTx": "N/A",
        "changeDescriptionTx": "Updated Document Name for PAPER No. 22 with Final Written Decision:  original with the Document name: Final Written Decision:  original update1",
        "changeParentObjectNm": "AIA review",
        "changeParentObjectId": 1548480,
        "createUserId": 93747,
        "createEmailAddressTx": "mahathi.sakamuru@uspto.gov",
        "createTs": 1689974241000
    },
    {
        "auditTrailId": 1734328,
        "changeObjectGroupId": 1774173,
        "changeOperationCt": "INSERT",
        "changeObjectNm": "Artifact Submission",
        "changeObjectId": "85549468",
        "changeColumnNm": "N/A",
        "changeColumnOldValueTx": "N/A",
        "changeColumnNewValueTx": "N/A",
        "changeDescriptionTx": "Document added",
        "changeParentObjectNm": "AIA review",
        "changeParentObjectId": 1548480,
        "createUserId": 73085,
        "createEmailAddressTx": "test1_mjones@rfem.com.123",
        "createTs": 1645104044762
    },
    {
        "auditTrailId": 1734329,
        "changeObjectGroupId": 1774174,
        "changeOperationCt": "INSERT",
        "changeObjectNm": "NOTIFICATION",
        "changeObjectId": "1548480",
        "changeColumnNm": "N/A",
        "changeColumnOldValueTx": "N/A",
        "changeColumnNewValueTx": "N/A",
        "changeDescriptionTx": "Document Upload notification sent",
        "changeParentObjectNm": "AIA review",
        "changeParentObjectId": 1548480,
        "createUserId": 73085,
        "createEmailAddressTx": "test1_mjones@rfem.com.123",
        "createTs": 1645104057155
    },
    {
        "auditTrailId": 1723814,
        "changeObjectGroupId": 1765036,
        "changeOperationCt": "INSERT",
        "changeObjectNm": "NOTIFICATION",
        "changeObjectId": "1548480",
        "changeColumnNm": "N/A",
        "changeColumnOldValueTx": "N/A",
        "changeColumnNewValueTx": "N/A",
        "changeDescriptionTx": "Document Upload notification sent",
        "changeParentObjectNm": "AIA review",
        "changeParentObjectId": 1548480,
        "createUserId": 73085,
        "createEmailAddressTx": "test1_mjones@rfem.com.123",
        "createTs": 1643821316198
    },
    {
        "auditTrailId": 1715516,
        "changeObjectGroupId": 1605489,
        "changeOperationCt": "INSERT",
        "changeObjectNm": "N/A",
        "changeObjectId": "1547473",
        "changeColumnNm": "N/A",
        "changeColumnOldValueTx": "N/A",
        "changeColumnNewValueTx": "N/A",
        "changeDescriptionTx": "Other:  ORDER Conditionally Granting Petitioner's Motion for Admission Pro Hac Vice of Steven Lieberman is added",
        "changeParentObjectNm": "AIA review",
        "changeParentObjectId": 1548480,
        "createUserId": 5046,
        "createEmailAddressTx": "TEST@TEST.USPTO.GOV",
        "createTs": 1642715248000
    },
    {
        "auditTrailId": 1647251,
        "changeObjectGroupId": 1698840,
        "changeOperationCt": "INSERT",
        "changeObjectNm": "Artifact Submission",
        "changeObjectId": "85502481",
        "changeColumnNm": "N/A",
        "changeColumnOldValueTx": "N/A",
        "changeColumnNewValueTx": "N/A",
        "changeDescriptionTx": "Document added",
        "changeParentObjectNm": "AIA review",
        "changeParentObjectId": 1548480,
        "createUserId": 73085,
        "createEmailAddressTx": "test1_mjones@rfem.com.123",
        "createTs": 1633132052857
    },
    {
        "auditTrailId": 1647252,
        "changeObjectGroupId": 1698841,
        "changeOperationCt": "INSERT",
        "changeObjectNm": "Artifact Submission",
        "changeObjectId": "85502482",
        "changeColumnNm": "N/A",
        "changeColumnOldValueTx": "N/A",
        "changeColumnNewValueTx": "N/A",
        "changeDescriptionTx": "Document added",
        "changeParentObjectNm": "AIA review",
        "changeParentObjectId": 1548480,
        "createUserId": 73085,
        "createEmailAddressTx": "test1_mjones@rfem.com.123",
        "createTs": 1633132090207
    },
    {
        "auditTrailId": 1662871,
        "changeObjectGroupId": 1712067,
        "changeOperationCt": "INSERT",
        "changeObjectNm": "Artifact Submission",
        "changeObjectId": "85510963",
        "changeColumnNm": "N/A",
        "changeColumnOldValueTx": "N/A",
        "changeColumnNewValueTx": "N/A",
        "changeDescriptionTx": "Document added",
        "changeParentObjectNm": "AIA review",
        "changeParentObjectId": 1548480,
        "createUserId": 12480,
        "createEmailAddressTx": "test1_hni@nilawfirm.com.123",
        "createTs": 1635351143392
    },
    {
        "auditTrailId": 1647237,
        "changeObjectGroupId": 1698826,
        "changeOperationCt": "INSERT",
        "changeObjectNm": "Artifact Submission",
        "changeObjectId": "85502467",
        "changeColumnNm": "N/A",
        "changeColumnOldValueTx": "N/A",
        "changeColumnNewValueTx": "N/A",
        "changeDescriptionTx": "Document added",
        "changeParentObjectNm": "AIA review",
        "changeParentObjectId": 1548480,
        "createUserId": 73085,
        "createEmailAddressTx": "test1_mjones@rfem.com.123",
        "createTs": 1633131662196
    },
    {
        "auditTrailId": 1647242,
        "changeObjectGroupId": 1698831,
        "changeOperationCt": "INSERT",
        "changeObjectNm": "Artifact Submission",
        "changeObjectId": "85502472",
        "changeColumnNm": "N/A",
        "changeColumnOldValueTx": "N/A",
        "changeColumnNewValueTx": "N/A",
        "changeDescriptionTx": "Document added",
        "changeParentObjectNm": "AIA review",
        "changeParentObjectId": 1548480,
        "createUserId": 73085,
        "createEmailAddressTx": "test1_mjones@rfem.com.123",
        "createTs": 1633131765908
    },
    {
        "auditTrailId": 1647234,
        "changeObjectGroupId": 1698823,
        "changeOperationCt": "INSERT",
        "changeObjectNm": "Artifact Submission",
        "changeObjectId": "85502464",
        "changeColumnNm": "N/A",
        "changeColumnOldValueTx": "N/A",
        "changeColumnNewValueTx": "N/A",
        "changeDescriptionTx": "Document added",
        "changeParentObjectNm": "AIA review",
        "changeParentObjectId": 1548480,
        "createUserId": 73085,
        "createEmailAddressTx": "test1_mjones@rfem.com.123",
        "createTs": 1633131486484
    },
    {
        "auditTrailId": 1647263,
        "changeObjectGroupId": 1698852,
        "changeOperationCt": "INSERT",
        "changeObjectNm": "Artifact Submission",
        "changeObjectId": "85502490",
        "changeColumnNm": "N/A",
        "changeColumnOldValueTx": "N/A",
        "changeColumnNewValueTx": "N/A",
        "changeDescriptionTx": "Document added",
        "changeParentObjectNm": "AIA review",
        "changeParentObjectId": 1548480,
        "createUserId": 73085,
        "createEmailAddressTx": "test1_mjones@rfem.com.123",
        "createTs": 1633132291098
    },
    {
        "auditTrailId": 1647265,
        "changeObjectGroupId": 1698854,
        "changeOperationCt": "INSERT",
        "changeObjectNm": "Artifact Submission",
        "changeObjectId": "85502492",
        "changeColumnNm": "N/A",
        "changeColumnOldValueTx": "N/A",
        "changeColumnNewValueTx": "N/A",
        "changeDescriptionTx": "Document added",
        "changeParentObjectNm": "AIA review",
        "changeParentObjectId": 1548480,
        "createUserId": 73085,
        "createEmailAddressTx": "test1_mjones@rfem.com.123",
        "createTs": 1633132341505
    },
    {
        "auditTrailId": 1647271,
        "changeObjectGroupId": 1698860,
        "changeOperationCt": "INSERT",
        "changeObjectNm": "Artifact Submission",
        "changeObjectId": "85502496",
        "changeColumnNm": "N/A",
        "changeColumnOldValueTx": "N/A",
        "changeColumnNewValueTx": "N/A",
        "changeDescriptionTx": "Document added",
        "changeParentObjectNm": "AIA review",
        "changeParentObjectId": 1548480,
        "createUserId": 73085,
        "createEmailAddressTx": "test1_mjones@rfem.com.123",
        "createTs": 1633132453022
    },
    {
        "auditTrailId": 1647238,
        "changeObjectGroupId": 1698827,
        "changeOperationCt": "INSERT",
        "changeObjectNm": "Artifact Submission",
        "changeObjectId": "85502468",
        "changeColumnNm": "N/A",
        "changeColumnOldValueTx": "N/A",
        "changeColumnNewValueTx": "N/A",
        "changeDescriptionTx": "Document added",
        "changeParentObjectNm": "AIA review",
        "changeParentObjectId": 1548480,
        "createUserId": 73085,
        "createEmailAddressTx": "test1_mjones@rfem.com.123",
        "createTs": 1633131684527
    },
    {
        "auditTrailId": 1647239,
        "changeObjectGroupId": 1698828,
        "changeOperationCt": "INSERT",
        "changeObjectNm": "Artifact Submission",
        "changeObjectId": "85502469",
        "changeColumnNm": "N/A",
        "changeColumnOldValueTx": "N/A",
        "changeColumnNewValueTx": "N/A",
        "changeDescriptionTx": "Document added",
        "changeParentObjectNm": "AIA review",
        "changeParentObjectId": 1548480,
        "createUserId": 73085,
        "createEmailAddressTx": "test1_mjones@rfem.com.123",
        "createTs": 1633131713465
    },
    {
        "auditTrailId": 1647240,
        "changeObjectGroupId": 1698829,
        "changeOperationCt": "INSERT",
        "changeObjectNm": "Artifact Submission",
        "changeObjectId": "85502470",
        "changeColumnNm": "N/A",
        "changeColumnOldValueTx": "N/A",
        "changeColumnNewValueTx": "N/A",
        "changeDescriptionTx": "Document added",
        "changeParentObjectNm": "AIA review",
        "changeParentObjectId": 1548480,
        "createUserId": 73085,
        "createEmailAddressTx": "test1_mjones@rfem.com.123",
        "createTs": 1633131741446
    },
    {
        "auditTrailId": 1647249,
        "changeObjectGroupId": 1698838,
        "changeOperationCt": "INSERT",
        "changeObjectNm": "Artifact Submission",
        "changeObjectId": "85502479",
        "changeColumnNm": "N/A",
        "changeColumnOldValueTx": "N/A",
        "changeColumnNewValueTx": "N/A",
        "changeDescriptionTx": "Document added",
        "changeParentObjectNm": "AIA review",
        "changeParentObjectId": 1548480,
        "createUserId": 73085,
        "createEmailAddressTx": "test1_mjones@rfem.com.123",
        "createTs": 1633132015592
    },
    {
        "auditTrailId": 1685867,
        "changeObjectGroupId": 1732298,
        "changeOperationCt": "INSERT",
        "changeObjectNm": "NOTIFICATION",
        "changeObjectId": "1548480",
        "changeColumnNm": "N/A",
        "changeColumnOldValueTx": "N/A",
        "changeColumnNewValueTx": "N/A",
        "changeDescriptionTx": "Document Upload notification sent",
        "changeParentObjectNm": "AIA review",
        "changeParentObjectId": 1548480,
        "createUserId": 73085,
        "createEmailAddressTx": "test1_mjones@rfem.com.123",
        "createTs": 1638570997939
    },
    {
        "auditTrailId": 1680602,
        "changeObjectGroupId": 1727625,
        "changeOperationCt": "INSERT",
        "changeObjectNm": "Artifact Submission",
        "changeObjectId": "85520862",
        "changeColumnNm": "N/A",
        "changeColumnOldValueTx": "N/A",
        "changeColumnNewValueTx": "N/A",
        "changeDescriptionTx": "Document added",
        "changeParentObjectNm": "AIA review",
        "changeParentObjectId": 1548480,
        "createUserId": 73085,
        "createEmailAddressTx": "test1_mjones@rfem.com.123",
        "createTs": 1637707881785
    },
    {
        "auditTrailId": 1680621,
        "changeObjectGroupId": 1727644,
        "changeOperationCt": "INSERT",
        "changeObjectNm": "NOTIFICATION",
        "changeObjectId": "1548480",
        "changeColumnNm": "N/A",
        "changeColumnOldValueTx": "N/A",
        "changeColumnNewValueTx": "N/A",
        "changeDescriptionTx": "Document Upload notification sent",
        "changeParentObjectNm": "AIA review",
        "changeParentObjectId": 1548480,
        "createUserId": 73085,
        "createEmailAddressTx": "test1_mjones@rfem.com.123",
        "createTs": 1637708286739
    },
    {
        "auditTrailId": 1662874,
        "changeObjectGroupId": 1712070,
        "changeOperationCt": "INSERT",
        "changeObjectNm": "Proceeding Party",
        "changeObjectId": "15909259",
        "changeColumnNm": "N/A",
        "changeColumnOldValueTx": "N/A",
        "changeColumnNewValueTx": "N/A",
        "changeDescriptionTx": "Patent Owner COUNSEL added",
        "changeParentObjectNm": "AIA review",
        "changeParentObjectId": 1548480,
        "createUserId": 12480,
        "createEmailAddressTx": "test1_hni@nilawfirm.com.123",
        "createTs": 1635351289737
    },
    {
        "auditTrailId": 1662875,
        "changeObjectGroupId": 1712071,
        "changeOperationCt": "UPDATE",
        "changeObjectNm": "Proceeding Party Group",
        "changeObjectId": "3537355",
        "changeColumnNm": "N/A",
        "changeColumnOldValueTx": "N/A",
        "changeColumnNewValueTx": "N/A",
        "changeDescriptionTx": "Patent Owner Proceeding Party Group updated",
        "changeParentObjectNm": "AIA review",
        "changeParentObjectId": 1548480,
        "createUserId": 12480,
        "createEmailAddressTx": "test1_hni@nilawfirm.com.123",
        "createTs": 1635351309929
    },
    {
        "auditTrailId": 1662876,
        "changeObjectGroupId": 1712072,
        "changeOperationCt": "INSERT",
        "changeObjectNm": "TASK",
        "changeObjectId": "1448408",
        "changeColumnNm": "N/A",
        "changeColumnOldValueTx": "N/A",
        "changeColumnNewValueTx": "N/A",
        "changeDescriptionTx": "New Task Added to AIA Review. TA 1448408",
        "changeParentObjectNm": "AIA review",
        "changeParentObjectId": 1548480,
        "createUserId": 12480,
        "createEmailAddressTx": "test1_hni@nilawfirm.com.123",
        "createTs": 1635351312836
    },
    {
        "auditTrailId": 1662877,
        "changeObjectGroupId": 1712073,
        "changeOperationCt": "INSERT",
        "changeObjectNm": "NOTIFICATION",
        "changeObjectId": "1548480",
        "changeColumnNm": "N/A",
        "changeColumnOldValueTx": "N/A",
        "changeColumnNewValueTx": "N/A",
        "changeDescriptionTx": "PO Mandatory Notice Submitted notification sent",
        "changeParentObjectNm": "AIA review",
        "changeParentObjectId": 1548480,
        "createUserId": 12480,
        "createEmailAddressTx": "test1_hni@nilawfirm.com.123",
        "createTs": 1635351313295
    },
    {
        "auditTrailId": 1663933,
        "changeObjectGroupId": 1605489,
        "changeOperationCt": "UPDATE",
        "changeObjectNm": "N/A",
        "changeObjectId": "1547473",
        "changeColumnNm": "N/A",
        "changeColumnOldValueTx": "N/A",
        "changeColumnNewValueTx": "N/A",
        "changeDescriptionTx": "Mandatory notice is updated with the status APPROVED",
        "changeParentObjectNm": "AIA review",
        "changeParentObjectId": 1548480,
        "createUserId": 5135,
        "createEmailAddressTx": "TEST@TEST.USPTO.GOV",
        "createTs": 1635431704000
    },
    {
        "auditTrailId": 1647281,
        "changeObjectGroupId": 1698870,
        "changeOperationCt": "UPDATE",
        "changeObjectNm": "Payment",
        "changeObjectId": "1452278",
        "changeColumnNm": "N/A",
        "changeColumnOldValueTx": "N/A",
        "changeColumnNewValueTx": "N/A",
        "changeDescriptionTx": "Payment CLEARED",
        "changeParentObjectNm": "AIA review",
        "changeParentObjectId": 1548480,
        "createUserId": 73085,
        "createEmailAddressTx": "test1_mjones@rfem.com.123",
        "createTs": 1633133259304
    },
    {
        "auditTrailId": 1647282,
        "changeObjectGroupId": 1698871,
        "changeOperationCt": "UPDATE",
        "changeObjectNm": "Proceeding FSM Instance",
        "changeObjectId": "1548476",
        "changeColumnNm": "N/A",
        "changeColumnOldValueTx": "N/A",
        "changeColumnNewValueTx": "N/A",
        "changeDescriptionTx": "Proceeding Status updated to Filed",
        "changeParentObjectNm": "AIA review",
        "changeParentObjectId": 1548480,
        "createUserId": 73085,
        "createEmailAddressTx": "test1_mjones@rfem.com.123",
        "createTs": 1633133260679
    },
    {
        "auditTrailId": 1647283,
        "changeObjectGroupId": 1698872,
        "changeOperationCt": "INSERT",
        "changeObjectNm": "WARNING",
        "changeObjectId": "1",
        "changeColumnNm": "N/A",
        "changeColumnOldValueTx": "N/A",
        "changeColumnNewValueTx": "N/A",
        "changeDescriptionTx": "PALM Service Error warning Created",
        "changeParentObjectNm": "AIA review",
        "changeParentObjectId": 1548480,
        "createUserId": 73085,
        "createEmailAddressTx": "test1_mjones@rfem.com.123",
        "createTs": 1633133260702
    },
    {
        "auditTrailId": 1647284,
        "changeObjectGroupId": 1698873,
        "changeOperationCt": "INSERT",
        "changeObjectNm": "TASK",
        "changeObjectId": "1447597",
        "changeColumnNm": "N/A",
        "changeColumnOldValueTx": "N/A",
        "changeColumnNewValueTx": "N/A",
        "changeDescriptionTx": "New Task Added to AIA Review. TA 1447597",
        "changeParentObjectNm": "AIA review",
        "changeParentObjectId": 1548480,
        "createUserId": 73085,
        "createEmailAddressTx": "test1_mjones@rfem.com.123",
        "createTs": 1633133261600
    },
    {
        "auditTrailId": 1680608,
        "changeObjectGroupId": 1727631,
        "changeOperationCt": "UPDATE",
        "changeObjectNm": "Payment",
        "changeObjectId": "1452581",
        "changeColumnNm": "N/A",
        "changeColumnOldValueTx": "N/A",
        "changeColumnNewValueTx": "N/A",
        "changeDescriptionTx": "Payment CLEARED",
        "changeParentObjectNm": "AIA review",
        "changeParentObjectId": 1548480,
        "createUserId": 73085,
        "createEmailAddressTx": "test1_mjones@rfem.com.123",
        "createTs": 1637708065428
    },
    {
        "auditTrailId": 1680609,
        "changeObjectGroupId": 1727632,
        "changeOperationCt": "INSERT",
        "changeObjectNm": "NOTIFICATION",
        "changeObjectId": "1548480",
        "changeColumnNm": "N/A",
        "changeColumnOldValueTx": "N/A",
        "changeColumnNewValueTx": "N/A",
        "changeDescriptionTx": "Payment Receipt notification sent",
        "changeParentObjectNm": "AIA review",
        "changeParentObjectId": 1548480,
        "createUserId": 73085,
        "createEmailAddressTx": "test1_mjones@rfem.com.123",
        "createTs": 1637708068381
    },
    {
        "auditTrailId": 1647244,
        "changeObjectGroupId": 1698833,
        "changeOperationCt": "INSERT",
        "changeObjectNm": "Artifact Submission",
        "changeObjectId": "85502474",
        "changeColumnNm": "N/A",
        "changeColumnOldValueTx": "N/A",
        "changeColumnNewValueTx": "N/A",
        "changeDescriptionTx": "Document added",
        "changeParentObjectNm": "AIA review",
        "changeParentObjectId": 1548480,
        "createUserId": 73085,
        "createEmailAddressTx": "test1_mjones@rfem.com.123",
        "createTs": 1633131826396
    },
    {
        "auditTrailId": 1723813,
        "changeObjectGroupId": 1765035,
        "changeOperationCt": "INSERT",
        "changeObjectNm": "Artifact Submission",
        "changeObjectId": "85543852",
        "changeColumnNm": "N/A",
        "changeColumnOldValueTx": "N/A",
        "changeColumnNewValueTx": "N/A",
        "changeDescriptionTx": "Document added",
        "changeParentObjectNm": "AIA review",
        "changeParentObjectId": 1548480,
        "createUserId": 73085,
        "createEmailAddressTx": "test1_mjones@rfem.com.123",
        "createTs": 1643821293666
    },
    {
        "auditTrailId": 1723812,
        "changeObjectGroupId": 1765034,
        "changeOperationCt": "INSERT",
        "changeObjectNm": "Artifact Submission",
        "changeObjectId": "85543851",
        "changeColumnNm": "N/A",
        "changeColumnOldValueTx": "N/A",
        "changeColumnNewValueTx": "N/A",
        "changeDescriptionTx": "Document added",
        "changeParentObjectNm": "AIA review",
        "changeParentObjectId": 1548480,
        "createUserId": 73085,
        "createEmailAddressTx": "test1_mjones@rfem.com.123",
        "createTs": 1643821191496
    },
    {
        "auditTrailId": 1760165,
        "changeObjectGroupId": 1605489,
        "changeOperationCt": "INSERT",
        "changeObjectNm": "N/A",
        "changeObjectId": "1547473",
        "changeColumnNm": "N/A",
        "changeColumnOldValueTx": "N/A",
        "changeColumnNewValueTx": "N/A",
        "changeDescriptionTx": "Scheduling Order & Institution Decision:  Grant is added",
        "changeParentObjectNm": "AIA review",
        "changeParentObjectId": 1548480,
        "createUserId": 54325,
        "createEmailAddressTx": "TEST@TEST.USPTO.GOV",
        "createTs": 1648578769000
    },
    {
        "auditTrailId": 10576617,
        "changeObjectGroupId": 1605489,
        "changeOperationCt": "INSERT",
        "changeObjectNm": "N/A",
        "changeObjectId": "1547473",
        "changeColumnNm": "N/A",
        "changeColumnOldValueTx": "N/A",
        "changeColumnNewValueTx": "N/A",
        "changeDescriptionTx": "Submitted  EXHIBIT  with  null with the Document Name: Ex. 3002 by board",
        "changeParentObjectNm": "AIA review",
        "changeParentObjectId": 1548480,
        "createUserId": 117129,
        "createEmailAddressTx": "TEST@TEST.USPTO.GOV",
        "createTs": 1677771625000
    },
    {
        "auditTrailId": 10519957,
        "changeObjectGroupId": 1605489,
        "changeOperationCt": "INSERT",
        "changeObjectNm": "N/A",
        "changeObjectId": "1547473",
        "changeColumnNm": "N/A",
        "changeColumnOldValueTx": "N/A",
        "changeColumnNewValueTx": "N/A",
        "changeDescriptionTx": "Submitted  PAPER  with  OTH:HRTRANS with the Document Name: Other:  Hearing transcript by board",
        "changeParentObjectNm": "AIA review",
        "changeParentObjectId": 1548480,
        "createUserId": 122175,
        "createEmailAddressTx": "TEST@TEST.USPTO.GOV",
        "createTs": 1677682097000
    },
    {
        "auditTrailId": 3578574,
        "changeObjectGroupId": 1605489,
        "changeOperationCt": "INSERT",
        "changeObjectNm": "N/A",
        "changeObjectId": "1547473",
        "changeColumnNm": "N/A",
        "changeColumnOldValueTx": "N/A",
        "changeColumnNewValueTx": "N/A",
        "changeDescriptionTx": "Submitted  PAPER  with  OTH:OTH with the Document Name: Petitioner's Request for Oral Argument by petitioner",
        "changeParentObjectNm": "AIA review",
        "changeParentObjectId": 1548480,
        "createUserId": 16281,
        "createEmailAddressTx": "test1_evanleeuwen@rfem.com.123",
        "createTs": 1668542906000
    }
]