[
    {
        "categoryType": "Review",
        "categoryDescription": "Petition filing and review",
        "proceedingMileStoneDetails": [
            {
                "mileStoneDate": 1633086010000,
                "mileStoneTypeName": "Filing Date",
                "mileStoneDescription": "Filing date",
                "mileStoneIdentifier": 1,
                "audit": {
                    "lastModifiedTimestamp": 1633133260693,
                    "lastModifiedUserIdentifier": "73085",
                    "createUserIdentifier": "73085",
                    "createTimestamp": 1633133260693
                }
            },
            {
                "mileStoneDate": 1633086010000,
                "mileStoneTypeName": "Accorded Filing Date",
                "mileStoneDescription": "Accorded filing date",
                "mileStoneIdentifier": 2,
                "audit": {
                    "lastModifiedTimestamp": 1636124399238,
                    "lastModifiedUserIdentifier": "48865",
                    "createUserIdentifier": "48865",
                    "createTimestamp": 1636124399237
                }
            },
            {
                "mileStoneDate": 1636110010000,
                "mileStoneTypeName": "Notice of Accorded Filing Date",
                "mileStoneDescription": "Notice of accorded filing date (NOFDA)",
                "mileStoneIdentifier": 3,
                "audit": {
                    "lastModifiedTimestamp": 1636124399343,
                    "lastModifiedUserIdentifier": "48865",
                    "createUserIdentifier": "48865",
                    "createTimestamp": 1636124399341
                },
                "dateCalculationReferenceIdentifier": 12
            }
        ]
    },
    {
        "categoryType": "POPR",
        "categoryDescription": "PO preliminary response",
        "proceedingMileStoneDetails": [
            {
                "mileStoneTypeName": "Preliminary Response",
                "mileStoneDescription": "PO preliminary response filing or waiver date",
                "mileStoneIdentifier": 4,
                "audit": {},
                "referenceMileStoneDate": 1644235210000,
                "referenceMileStoneTypeName": "Preliminary Response Due Date",
                "referenceMileStoneDescription": "PO preliminary response due date",
                "dateCalculationReferenceIdentifier": 11
            }
        ]
    },
    {
        "categoryType": "DI",
        "categoryDescription": "Decision to institute",
        "proceedingMileStoneDetails": [
            {
                "mileStoneDate": 1648465210000,
                "mileStoneTypeName": "Decision to Institute",
                "mileStoneDescription": "Institution decision date",
                "mileStoneIdentifier": 5,
                "decisionOutcomeDetails": {
                    "outcomeType": "Granted",
                    "descriptionText": "Institution Granted"
                },
                "audit": {
                    "lastModifiedTimestamp": 1689957418120,
                    "lastModifiedUserIdentifier": "177437",
                    "createUserIdentifier": "54325",
                    "createTimestamp": 1648578764582
                },
                "referenceMileStoneDate": 1651748410000,
                "referenceMileStoneTypeName": "Decision to Institute Due Date",
                "referenceMileStoneDescription": "Institution decision due date",
                "dateCalculationReferenceIdentifier": 7
            },
            {
                "mileStoneTypeName": "Hearing Date",
                "mileStoneDescription": "Proceeding Institution Decision Hearing Date",
                "mileStoneIdentifier": 11,
                "audit": {}
            }
        ]
    },
    {
        "categoryType": "Termination",
        "categoryDescription": "Termination decision",
        "proceedingMileStoneDetails": [
            {
                "mileStoneTypeName": "Termination Decision",
                "mileStoneDescription": "Termination decision or final decision date",
                "mileStoneIdentifier": 10,
                "decisionOutcomeDetails": {
                    "outcomeType": " ",
                    "descriptionText": " "
                },
                "audit": {},
                "referenceMileStoneDate": 1680001210000,
                "referenceMileStoneTypeName": "Final Decision Due Date",
                "referenceMileStoneDescription": "Final written decision due date"
            }
        ]
    },
    {
        "categoryType": "Rehearing",
        "categoryDescription": "Rehearing request  (after DI, Motion or FWD) - multiple",
        "proceedingMileStoneDetails": [
            {
                "mileStoneTypeName": "Rehearing Decision due date",
                "mileStoneDescription": "Rehearing Decision due date",
                "mileStoneIdentifier": 27,
                "audit": {}
            },
            {
                "mileStoneTypeName": "Rehearing request due date",
                "mileStoneDescription": "Rehearing request due date",
                "mileStoneIdentifier": 14,
                "audit": {}
            },
            {
                "mileStoneTypeName": "Petitioners request due date",
                "mileStoneDescription": "Petitioners rehearing request date",
                "mileStoneIdentifier": 15,
                "audit": {}
            },
            {
                "mileStoneTypeName": "Rehearing decision date",
                "mileStoneDescription": "Rehearing decision date",
                "mileStoneIdentifier": 16,
                "audit": {}
            }
        ]
    },
    {
        "categoryType": "CAFC",
        "categoryDescription": "Appeals",
        "proceedingMileStoneDetails": [
            {
                "mileStoneDate": 1683198010000,
                "mileStoneTypeName": "Notice of Appeal due date",
                "mileStoneDescription": "Notice of Appeal due date",
                "mileStoneIdentifier": 25,
                "audit": {
                    "lastModifiedTimestamp": 1677771559873,
                    "lastModifiedUserIdentifier": "117129",
                    "createUserIdentifier": "117129",
                    "createTimestamp": 1677771559873
                }
            },
            {
                "mileStoneTypeName": "FWD Remand Due Date - Internal",
                "mileStoneDescription": "FWD Remand Due Date - Internal",
                "mileStoneIdentifier": 26,
                "audit": {}
            },
            {
                "mileStoneTypeName": "PO NOAFD",
                "mileStoneDescription": "PO's notice of appeal filing date",
                "mileStoneIdentifier": 18,
                "audit": {}
            },
            {
                "mileStoneTypeName": "Petitioner NOAFD",
                "mileStoneDescription": "Petitioner's notice of appeal filing date",
                "mileStoneIdentifier": 19,
                "audit": {}
            },
            {
                "mileStoneTypeName": "CAFC Decision date",
                "mileStoneDescription": "CAFC Decision date",
                "mileStoneIdentifier": 20,
                "audit": {}
            },
            {
                "mileStoneTypeName": "CAFC Mandate date",
                "mileStoneDescription": "CAFC Mandate date",
                "mileStoneIdentifier": 21,
                "audit": {}
            }
        ]
    },
    {
        "categoryType": "Derivation",
        "categoryDescription": "Derivation availability",
        "proceedingMileStoneDetails": [
            {
                "mileStoneTypeName": "Derivation availability",
                "mileStoneDescription": "Derivation availability",
                "mileStoneIdentifier": 23,
                "audit": {}
            }
        ]
    },
    {
        "categoryType": "Trial Checklist",
        "categoryDescription": "Trial certificate checklist",
        "proceedingMileStoneDetails": [
            {
                "mileStoneTypeName": "Trial Certificate Checklist",
                "mileStoneDescription": "Trial certificate checklist upload date",
                "mileStoneIdentifier": 24,
                "audit": {}
            }
        ]
    }
]