[
    {
        "mileStoneDates": null,
        "keyDates": [],
        "patentNumberText": "9376076",
        "parties": "Unified Patents, LLC v. Joseph Y. Yoon Intellectual Property LLC",
        "inventionTitle": "Method and apparatus for deployment of an air bag",
        "attorneys": [
            {
                "employeeName": "Woods, MichaelL.",
                "rank": 1
            },
            {
                "employeeName": "Flax, RyanH.",
                "rank": 2
            },
            {
                "employeeName": "Dougal, BrentM.",
                "rank": 3
            }
        ],
        "proceedingNumber": "IPR2022-00002",
        "casePhase": "Petition InitiatedInitiated",
        "artUnit": "3616",
        "joinderTypes": [
            {
                "proceedingNo": "IPR2022-00002",
                "joinderType": ""
            }
        ],
        "petitionerPatentNumber": null,
        "petitionerTechCenterNum": null,
        "petitionerArtUnit": null,
        "petitionerInventionTitle": null,
        "proceedingConfidentialityIn": "Public",
        "mileStoneDate": "{\"proceedingMileStoneResponse\":[{\"mileStoneDate\":1683172800000,\"mileStoneTypeName\":\"Notice of Appeal due date\",\"mileStoneDescription\":\"Notice of Appeal due date\",\"mileStoneIdentifier\":25,\"decisionOutcomeDetails\":{}},{\"mileStoneDate\":1679976000000,\"mileStoneTypeName\":\"Final Decision Due Date\",\"mileStoneDescription\":\"Final written decision due date\",\"mileStoneIdentifier\":9,\"decisionOutcomeDetails\":{}},{\"mileStoneDate\":1648440000000,\"mileStoneTypeName\":\"Decision to Institute\",\"mileStoneDescription\":\"Institution decision date\",\"mileStoneIdentifier\":5,\"decisionOutcomeDetails\":{\"outcomeType\":\"Granted\",\"descriptionText\":\"Institution Granted\"}},{\"mileStoneDate\":1651723200000,\"mileStoneTypeName\":\"Decision to Institute Due Date\",\"mileStoneDescription\":\"Institution decision due date\",\"mileStoneIdentifier\":8,\"decisionOutcomeDetails\":{}},{\"mileStoneDate\":1644210000000,\"mileStoneTypeName\":\"Preliminary Response Due Date\",\"mileStoneDescription\":\"PO preliminary response due date\",\"mileStoneIdentifier\":7,\"decisionOutcomeDetails\":{}},{\"mileStoneDate\":1636084800000,\"mileStoneTypeName\":\"Notice of Accorded Filing Date\",\"mileStoneDescription\":\"Notice of accorded filing date (NOFDA)\",\"mileStoneIdentifier\":3,\"decisionOutcomeDetails\":{}},{\"mileStoneDate\":1633060800000,\"mileStoneTypeName\":\"Accorded Filing Date\",\"mileStoneDescription\":\"Accorded filing date\",\"mileStoneIdentifier\":2,\"decisionOutcomeDetails\":{}},{\"mileStoneDate\":1633133260000,\"mileStoneTypeName\":\"Filing Date\",\"mileStoneDescription\":\"Filing date\",\"mileStoneIdentifier\":1,\"decisionOutcomeDetails\":{}}],\"latestOutcomeDetails\":{\"outcomeType\":\"Granted\",\"descriptionText\":\"Institution Granted\"}}",
        "caseType": null,
        "techCenterNum": "3600",
        "derproceedingTypeDetails": {
            "poConfidentialityIn": null,
            "petitionerConfidentialityIn": null,
            "firstListedPetitionerApplicationNumber": null,
            "firstListedPatentOwnerRespondentApplicationNumber": "09949702"
        }
    }
]