{
    "ptabDefaultRefreshTime": 300000,
    "ptabReadOnlyUser": false,
    "totalClaims": 12,
    "claimMetaData": [
        {
            "reasonText": "Foo et al., U.S. Pat. 6,341,252",
            "statutoryGndSummary": {
                "identifier": 2,
                "code": "35USC103",
                "descriptionText": "35 U.S.C 103"
            },
            "challengedGroupClaimList": "1,4,6,9",
            "claimIdentifier": 1900367
        },
        {
            "reasonText": "Foo et al., U.S. Pat. 6,341,252 and Canterberry et al., U.S. Pat. 6,149,193",
            "statutoryGndSummary": {
                "identifier": 2,
                "code": "35USC103",
                "descriptionText": "35 U.S.C 103"
            },
            "challengedGroupClaimList": "3",
            "claimIdentifier": 1900365
        },
        {
            "reasonText": "Foo et al., U.S. Pat. 6,341,252 and Mazur et al., U.S. Pat. 5,454,591",
            "statutoryGndSummary": {
                "identifier": 2,
                "code": "35USC103",
                "descriptionText": "35 U.S.C 103"
            },
            "challengedGroupClaimList": "1,2,4-9,11,12",
            "claimIdentifier": 1900364
        },
        {
            "reasonText": "Foo et al., U.S. Pat. 6,341,252 and Stanley, U.S. Pat. 6,260,879",
            "statutoryGndSummary": {
                "identifier": 2,
                "code": "35USC103",
                "descriptionText": "35 U.S.C 103"
            },
            "challengedGroupClaimList": "1,4,6,9,10",
            "claimIdentifier": 1900366
        }
    ]
}