[
    {
        "petitionIdentifier": 1548480,
        "documentNumber": 5,
        "name": "NOTICE OF FILING DATE ACCORDED TO PETITION AND TIME FOR FILING PATENT OWNER PRELIMINARY RESPONSE",
        "category": "PAPER",
        "fileName": "IPR2022-00002 Notice of Filing Date Accorded to Petition  Mailed.pdf",
        "filingParty": "BOARD",
        "availability": "Public",
        "documentTypeIdentifier": 244,
        "documentTypeCode": "NOT:NOFDA",
        "documentTypeDescription": "Notice:  Notice filing date accorded",
        "pageCount": 6,
        "contentManagementId": "workspace://SpacesStore/c5f3cc2f-0fa4-4d3f-bd19-cc207dc5c761;1.0",
        "artifactIdentifer": 170173824,
        "artifactSubmissionIdentifier": 85514275,
        "filingDate": 1636124401,
        "filingDateString": "11/05/2021",
        "fileSize": 297011,
        "documentStatus": "PENDING",
        "directionCode": "INCOMING",
        "warningMessageList": [],
        "availablitySummary": {
            "code": "PUBLIC",
            "descriptionText": "Available for everyone.",
            "displayNameText": "Public"
        },
        "roleSummary": {
            "code": "BOARD",
            "descriptionText": "Board",
            "displayNameText": "Board"
        },
        "artifactSummary": {
            "code": "PAPER",
            "descriptionText": "Paper"
        },
        "qqDisplayIndicator": "Y",
        "creditAwardDisplayIn": "N"
    },
    {
        "petitionIdentifier": 1548480,
        "documentNumber": 9,
        "name": "Other:  ORDER Conditionally Granting Petitioner's Motion for Admission Pro Hac Vice of Steven Lieberman",
        "category": "PAPER",
        "fileName": "IPR2022-00002 Draft Order granting Pet PHV Motion for Lieberman.pdf",
        "filingParty": "BOARD",
        "availability": "Public",
        "documentTypeIdentifier": 264,
        "documentTypeCode": "OTH:OTH",
        "documentTypeDescription": "Other:  other",
        "pageCount": 4,
        "contentManagementId": "workspace://SpacesStore/cfe739ba-7073-46ed-a11e-83979127d088;1.0",
        "artifactIdentifer": 170201402,
        "artifactSubmissionIdentifier": 85539313,
        "filingDate": 1642715248,
        "filingDateString": "01/20/2022",
        "fileSize": 103303,
        "documentStatus": "PENDING",
        "directionCode": "INCOMING",
        "warningMessageList": [],
        "availablitySummary": {
            "code": "PUBLIC",
            "descriptionText": "Available for everyone.",
            "displayNameText": "Public"
        },
        "roleSummary": {
            "code": "BOARD",
            "descriptionText": "Board",
            "displayNameText": "Board"
        },
        "artifactSummary": {
            "code": "PAPER",
            "descriptionText": "Paper"
        },
        "qqDisplayIndicator": "Y",
        "creditAwardDisplayIn": "N"
    },
    {
        "petitionIdentifier": 1548480,
        "documentNumber": 13,
        "name": "Institution Decision:  Grant",
        "category": "PAPER",
        "fileName": "IPR2022-00002 DI Ready for Entry- MAILED.pdf",
        "filingParty": "BOARD",
        "availability": "Public",
        "documentTypeIdentifier": 208,
        "documentTypeCode": "ID:GRANT",
        "documentTypeDescription": "Institution Decision:  Grant",
        "pageCount": 31,
        "contentManagementId": "workspace://SpacesStore/af44b35b-2e21-4ed8-b9d4-0f684840bede;1.0",
        "artifactIdentifer": 170227181,
        "artifactSubmissionIdentifier": 85562851,
        "filingDate": 1648578768,
        "filingDateString": "03/29/2022",
        "fileSize": 2340710,
        "documentStatus": "PENDING",
        "directionCode": "INCOMING",
        "warningMessageList": [],
        "availablitySummary": {
            "code": "PUBLIC",
            "descriptionText": "Available for everyone.",
            "displayNameText": "Public"
        },
        "roleSummary": {
            "code": "BOARD",
            "descriptionText": "Board",
            "displayNameText": "Board"
        },
        "artifactSummary": {
            "code": "PAPER",
            "descriptionText": "Paper"
        },
        "qqDisplayIndicator": "Y",
        "creditAwardDisplayIn": "Y"
    },
    {
        "petitionIdentifier": 1548480,
        "documentNumber": 14,
        "name": "Scheduling Order",
        "category": "PAPER",
        "fileName": "IPR2022-00002 - SO Ready for Entry- MAILED.pdf",
        "filingParty": "BOARD",
        "availability": "Public",
        "documentTypeIdentifier": 234,
        "documentTypeCode": "ORD:OTH",
        "documentTypeDescription": "Order:  Other",
        "pageCount": 12,
        "contentManagementId": "workspace://SpacesStore/d2a98028-667d-42f6-871c-8715a7f7df9b;1.0",
        "artifactIdentifer": 170227183,
        "artifactSubmissionIdentifier": 85562852,
        "filingDate": 1648578769,
        "filingDateString": "03/29/2022",
        "fileSize": 173238,
        "documentStatus": "PENDING",
        "directionCode": "INCOMING",
        "warningMessageList": [],
        "availablitySummary": {
            "code": "PUBLIC",
            "descriptionText": "Available for everyone.",
            "displayNameText": "Public"
        },
        "roleSummary": {
            "code": "BOARD",
            "descriptionText": "Board",
            "displayNameText": "Board"
        },
        "artifactSummary": {
            "code": "PAPER",
            "descriptionText": "Paper"
        },
        "qqDisplayIndicator": "Y",
        "creditAwardDisplayIn": "Y"
    },
    {
        "petitionIdentifier": 1548480,
        "documentNumber": 19,
        "name": "Setting Oral Argument 37 C.F.R. § 42.70 update",
        "category": "PAPER",
        "fileName": "IPR2022-00002 - Hearing Order Ready for Entry CIRC.pdf",
        "filingParty": "BOARD",
        "availability": "Public",
        "documentTypeIdentifier": 234,
        "documentTypeCode": "ORD:OTH",
        "documentTypeDescription": "Order:  Other",
        "pageCount": 9,
        "contentManagementId": "workspace://SpacesStore/12bc012a-28fe-4847-9ed5-c8c138e9fec8;1.0",
        "artifactIdentifer": 170335691,
        "artifactSubmissionIdentifier": 85645092,
        "filingDate": 1670596407,
        "filingDateString": "12/09/2022",
        "fileSize": 180062,
        "documentStatus": "PENDING",
        "directionCode": "INCOMING",
        "warningMessageList": [],
        "availablitySummary": {
            "code": "PUBLIC",
            "descriptionText": "Available for everyone.",
            "displayNameText": "Public"
        },
        "roleSummary": {
            "code": "BOARD",
            "descriptionText": "Board",
            "displayNameText": "Board"
        },
        "artifactSummary": {
            "code": "PAPER",
            "descriptionText": "Paper"
        },
        "qqDisplayIndicator": "Y",
        "docUploadedByText": "BOARD",
        "creditAwardDisplayIn": "Y"
    },
    {
        "petitionIdentifier": 1548480,
        "name": "Exhibit 3001 update",
        "category": "EXHIBIT",
        "fileName": "IPR2022-00002 - Ex. 3001.pdf",
        "filingParty": "BOARD",
        "availability": "Public",
        "exhibitNumber": 3001,
        "pageCount": 2,
        "contentManagementId": "workspace://SpacesStore/faf18a95-0046-45ce-98d0-a7ee06011af5;1.0",
        "artifactIdentifer": 170337153,
        "artifactSubmissionIdentifier": 85645823,
        "filingDate": 1670877551,
        "filingDateString": "12/12/2022",
        "fileSize": 163251,
        "documentStatus": "PENDING",
        "directionCode": "INCOMING",
        "warningMessageList": [],
        "availablitySummary": {
            "code": "PUBLIC",
            "descriptionText": "Available for everyone.",
            "displayNameText": "Public"
        },
        "roleSummary": {
            "code": "BOARD",
            "descriptionText": "Board",
            "displayNameText": "Board"
        },
        "artifactSummary": {
            "code": "EXHIBIT",
            "descriptionText": "Exhibit"
        },
        "docUploadedByText": "BOARD"
    },
    {
        "petitionIdentifier": 1548480,
        "documentNumber": 20,
        "name": "Order:  Rescheduling of Oral Argument",
        "category": "PAPER",
        "fileName": "IPR2022-00002 - Revised Hearing Order.pdf",
        "filingParty": "BOARD",
        "availability": "Public",
        "documentTypeIdentifier": 234,
        "documentTypeCode": "ORD:OTH",
        "documentTypeDescription": "Order:  Other",
        "pageCount": 9,
        "contentManagementId": "workspace://SpacesStore/7fff2476-72de-44e4-9674-3af126461727;1.0",
        "artifactIdentifer": 170337155,
        "artifactSubmissionIdentifier": 85645824,
        "filingDate": 1670877552,
        "filingDateString": "12/12/2022",
        "fileSize": 99658,
        "documentStatus": "PENDING",
        "directionCode": "INCOMING",
        "warningMessageList": [],
        "availablitySummary": {
            "code": "PUBLIC",
            "descriptionText": "Available for everyone.",
            "displayNameText": "Public"
        },
        "roleSummary": {
            "code": "BOARD",
            "descriptionText": "Board",
            "displayNameText": "Board"
        },
        "artifactSummary": {
            "code": "PAPER",
            "descriptionText": "Paper"
        },
        "qqDisplayIndicator": "Y",
        "creditAwardDisplayIn": "Y"
    },
    {
        "petitionIdentifier": 1548480,
        "documentNumber": 21,
        "name": "Other:  Hearing transcript update1",
        "category": "PAPER",
        "fileName": "IPR2022-00002.pdf",
        "filingParty": "BOARD",
        "availability": "Public",
        "documentTypeIdentifier": 259,
        "documentTypeCode": "OTH:HRTRANS",
        "documentTypeDescription": "Other:  Hearing transcript",
        "pageCount": 16,
        "contentManagementId": "PTAB/29760303-a645-4e58-bd7b-a3ef92386447",
        "artifactIdentifer": 170538077,
        "artifactSubmissionIdentifier": 85820497,
        "filingDate": 1677682097,
        "filingDateString": "03/01/2023",
        "fileSize": 132696,
        "documentStatus": "PENDING",
        "directionCode": "INCOMING",
        "warningMessageList": [],
        "availablitySummary": {
            "code": "PUBLIC",
            "descriptionText": "Available for everyone.",
            "displayNameText": "Public"
        },
        "roleSummary": {
            "code": "BOARD",
            "descriptionText": "Board",
            "displayNameText": "Board"
        },
        "artifactSummary": {
            "code": "PAPER",
            "descriptionText": "Paper"
        },
        "qqDisplayIndicator": "Y",
        "docUploadedByText": "BOARD",
        "creditAwardDisplayIn": "N"
    },
    {
        "petitionIdentifier": 1548480,
        "documentNumber": 22,
        "name": "Final Written Decision:  original update",
        "category": "PAPER",
        "fileName": "IPR2022-00002 FD.pdf",
        "filingParty": "BOARD",
        "availability": "Public",
        "documentTypeIdentifier": 212,
        "documentTypeCode": "FINAL:FW",
        "documentTypeDescription": "Final Written Decision:  original",
        "pageCount": 50,
        "contentManagementId": "PTAB/a044bb06-2e7c-4232-9448-fc682c6cf5eb",
        "artifactIdentifer": 170539465,
        "artifactSubmissionIdentifier": 85821191,
        "filingDate": 1677771561,
        "filingDateString": "03/02/2023",
        "fileSize": 2052958,
        "documentStatus": "PENDING",
        "directionCode": "INCOMING",
        "warningMessageList": [],
        "availablitySummary": {
            "code": "PUBLIC",
            "descriptionText": "Available for everyone.",
            "displayNameText": "Public"
        },
        "roleSummary": {
            "code": "BOARD",
            "descriptionText": "Board",
            "displayNameText": "Board"
        },
        "artifactSummary": {
            "code": "PAPER",
            "descriptionText": "Paper"
        },
        "qqDisplayIndicator": "Y",
        "docUploadedByText": "BOARD",
        "creditAwardDisplayIn": "Y"
    },
    {
        "petitionIdentifier": 1548480,
        "name": "Ex. 3002",
        "category": "EXHIBIT",
        "fileName": "Ex. 3002 IPR2022-00002.pdf",
        "filingParty": "BOARD",
        "availability": "Public",
        "exhibitNumber": 3002,
        "pageCount": 14,
        "contentManagementId": "PTAB/e1fe6417-ea3a-4969-aaa0-f93ba399c3ee",
        "artifactIdentifer": 170539467,
        "artifactSubmissionIdentifier": 85821192,
        "filingDate": 1677771625,
        "filingDateString": "03/02/2023",
        "fileSize": 1571314,
        "documentStatus": "PENDING",
        "directionCode": "INCOMING",
        "warningMessageList": [],
        "availablitySummary": {
            "code": "PUBLIC",
            "descriptionText": "Available for everyone.",
            "displayNameText": "Public"
        },
        "roleSummary": {
            "code": "BOARD",
            "descriptionText": "Board",
            "displayNameText": "Board"
        },
        "artifactSummary": {
            "code": "EXHIBIT",
            "descriptionText": "Exhibit"
        }
    },
    {
        "petitionIdentifier": 1548480,
        "documentNumber": 1,
        "name": "Petition for Inter Partes Review of U.S. Patent 9,376,076",
        "category": "PAPER",
        "fileName": "Petition for Inter Partes Review of U.S. Patent No. 9,376,076 - October 1, 2021.pdf",
        "filingParty": "PETITIONER",
        "availability": "Public",
        "documentTypeIdentifier": 16,
        "documentTypeCode": "PETITION",
        "documentTypeDescription": "Petition",
        "pageCount": 90,
        "contentManagementId": "workspace://SpacesStore/b98e9de8-7e26-4767-acbb-05621605a9e3;1.0",
        "artifactIdentifer": 170160854,
        "artifactSubmissionIdentifier": 85502464,
        "filingDate": 1633133265,
        "filingDateString": "10/01/2021",
        "fileSize": 2024142,
        "documentStatus": "PENDING",
        "directionCode": "INCOMING",
        "warningMessageList": [],
        "availablitySummary": {
            "code": "PUBLIC",
            "descriptionText": "Available for everyone.",
            "displayNameText": "Public"
        },
        "roleSummary": {
            "code": "PETITIONER",
            "descriptionText": "Indicates artifact was submitted on behalf of Petitioner.",
            "displayNameText": "Petitioner"
        },
        "artifactSummary": {
            "code": "PAPER",
            "descriptionText": "Paper"
        },
        "qqDisplayIndicator": "N",
        "creditAwardDisplayIn": "N"
    },
    {
        "petitionIdentifier": 1548480,
        "documentNumber": 2,
        "name": "Petitioner's Power of Attorney",
        "category": "PAPER",
        "fileName": "Petitioner's Power of Attorney - U.S. Patent No. 9,376,076 - Oct. 1, 2021.pdf",
        "filingParty": "PETITIONER",
        "availability": "Public",
        "documentTypeIdentifier": 17,
        "documentTypeCode": "PWR ATTY",
        "documentTypeDescription": "Power of Attorney",
        "pageCount": 3,
        "contentManagementId": "workspace://SpacesStore/d3a21a7b-fc30-4b32-940f-a40e88cb8ef0;1.0",
        "artifactIdentifer": 170160855,
        "artifactSubmissionIdentifier": 85502465,
        "filingDate": 1633133265,
        "filingDateString": "10/01/2021",
        "fileSize": 164603,
        "documentStatus": "PENDING",
        "directionCode": "INCOMING",
        "warningMessageList": [],
        "availablitySummary": {
            "code": "PUBLIC",
            "descriptionText": "Available for everyone.",
            "displayNameText": "Public"
        },
        "roleSummary": {
            "code": "PETITIONER",
            "descriptionText": "Indicates artifact was submitted on behalf of Petitioner.",
            "displayNameText": "Petitioner"
        },
        "artifactSummary": {
            "code": "PAPER",
            "descriptionText": "Paper"
        },
        "qqDisplayIndicator": "N",
        "creditAwardDisplayIn": "N"
    },
    {
        "petitionIdentifier": 1548480,
        "name": "USPN 9,376,076 (Yoon)",
        "category": "EXHIBIT",
        "fileName": "Ex. 1001 - USPN 9,376,076 (Yoon).pdf",
        "filingParty": "PETITIONER",
        "availability": "Public",
        "exhibitNumber": 1001,
        "pageCount": 24,
        "contentManagementId": "workspace://SpacesStore/9145a336-3855-4e8a-86f5-1882670ca200;1.0",
        "artifactIdentifer": 170160856,
        "artifactSubmissionIdentifier": 85502466,
        "filingDate": 1633133265,
        "filingDateString": "10/01/2021",
        "fileSize": 2017598,
        "documentStatus": "PENDING",
        "directionCode": "INCOMING",
        "warningMessageList": [],
        "availablitySummary": {
            "code": "PUBLIC",
            "descriptionText": "Available for everyone.",
            "displayNameText": "Public"
        },
        "roleSummary": {
            "code": "PETITIONER",
            "descriptionText": "Indicates artifact was submitted on behalf of Petitioner.",
            "displayNameText": "Petitioner"
        },
        "artifactSummary": {
            "code": "EXHIBIT",
            "descriptionText": "Exhibit"
        }
    },
    {
        "petitionIdentifier": 1548480,
        "name": "File History of USPN 9,376,076",
        "category": "EXHIBIT",
        "fileName": "Ex. 1002 - File History of USPN 9,376,076.pdf",
        "filingParty": "PETITIONER",
        "availability": "Public",
        "exhibitNumber": 1002,
        "pageCount": 409,
        "contentManagementId": "workspace://SpacesStore/c787cf3d-496f-41d7-8578-769093c85297;1.0",
        "artifactIdentifer": 170160857,
        "artifactSubmissionIdentifier": 85502467,
        "filingDate": 1633133265,
        "filingDateString": "10/01/2021",
        "fileSize": 14098610,
        "documentStatus": "PENDING",
        "directionCode": "INCOMING",
        "warningMessageList": [],
        "availablitySummary": {
            "code": "PUBLIC",
            "descriptionText": "Available for everyone.",
            "displayNameText": "Public"
        },
        "roleSummary": {
            "code": "PETITIONER",
            "descriptionText": "Indicates artifact was submitted on behalf of Petitioner.",
            "displayNameText": "Petitioner"
        },
        "artifactSummary": {
            "code": "EXHIBIT",
            "descriptionText": "Exhibit"
        }
    },
    {
        "petitionIdentifier": 1548480,
        "name": "Declaration of Scott Andrews",
        "category": "EXHIBIT",
        "fileName": "Ex. 1003 - Declaration of Scott Andrews.pdf",
        "filingParty": "PETITIONER",
        "availability": "Public",
        "exhibitNumber": 1003,
        "pageCount": 193,
        "contentManagementId": "workspace://SpacesStore/1df0bb89-a09a-4a5f-b9e8-68ef6d5fc466;1.0",
        "artifactIdentifer": 170160858,
        "artifactSubmissionIdentifier": 85502468,
        "filingDate": 1633133265,
        "filingDateString": "10/01/2021",
        "fileSize": 2743341,
        "documentStatus": "PENDING",
        "directionCode": "INCOMING",
        "warningMessageList": [],
        "availablitySummary": {
            "code": "PUBLIC",
            "descriptionText": "Available for everyone.",
            "displayNameText": "Public"
        },
        "roleSummary": {
            "code": "PETITIONER",
            "descriptionText": "Indicates artifact was submitted on behalf of Petitioner.",
            "displayNameText": "Petitioner"
        },
        "artifactSummary": {
            "code": "EXHIBIT",
            "descriptionText": "Exhibit"
        }
    },
    {
        "petitionIdentifier": 1548480,
        "name": "USPN 6,341,252 (Foo)",
        "category": "EXHIBIT",
        "fileName": "Ex. 1004 - USPN 6,341,252 (Foo).pdf",
        "filingParty": "PETITIONER",
        "availability": "Public",
        "exhibitNumber": 1004,
        "pageCount": 17,
        "contentManagementId": "workspace://SpacesStore/bbd02c3a-c0ca-4a4d-a5fd-5a76f41e85b4;1.0",
        "artifactIdentifer": 170160859,
        "artifactSubmissionIdentifier": 85502469,
        "filingDate": 1633133265,
        "filingDateString": "10/01/2021",
        "fileSize": 1530216,
        "documentStatus": "PENDING",
        "directionCode": "INCOMING",
        "warningMessageList": [],
        "availablitySummary": {
            "code": "PUBLIC",
            "descriptionText": "Available for everyone.",
            "displayNameText": "Public"
        },
        "roleSummary": {
            "code": "PETITIONER",
            "descriptionText": "Indicates artifact was submitted on behalf of Petitioner.",
            "displayNameText": "Petitioner"
        },
        "artifactSummary": {
            "code": "EXHIBIT",
            "descriptionText": "Exhibit"
        }
    },
    {
        "petitionIdentifier": 1548480,
        "name": "USPN 5,454,591 (Mazur)",
        "category": "EXHIBIT",
        "fileName": "Ex. 1005 - USPN 5,454,591 (Mazur).pdf",
        "filingParty": "PETITIONER",
        "availability": "Public",
        "exhibitNumber": 1005,
        "pageCount": 10,
        "contentManagementId": "workspace://SpacesStore/a4f84df7-0c4a-4610-b161-ac275074d543;1.0",
        "artifactIdentifer": 170160860,
        "artifactSubmissionIdentifier": 85502470,
        "filingDate": 1633133265,
        "filingDateString": "10/01/2021",
        "fileSize": 1683498,
        "documentStatus": "PENDING",
        "directionCode": "INCOMING",
        "warningMessageList": [],
        "availablitySummary": {
            "code": "PUBLIC",
            "descriptionText": "Available for everyone.",
            "displayNameText": "Public"
        },
        "roleSummary": {
            "code": "PETITIONER",
            "descriptionText": "Indicates artifact was submitted on behalf of Petitioner.",
            "displayNameText": "Petitioner"
        },
        "artifactSummary": {
            "code": "EXHIBIT",
            "descriptionText": "Exhibit"
        }
    },
    {
        "petitionIdentifier": 1548480,
        "name": "USPN 6,149,193 (Canterberry)",
        "category": "EXHIBIT",
        "fileName": "Ex. 1006 - USPN 6,149,193 (Canterberry).pdf",
        "filingParty": "PETITIONER",
        "availability": "Public",
        "exhibitNumber": 1006,
        "pageCount": 12,
        "contentManagementId": "workspace://SpacesStore/af2ef9e1-b85b-43ab-b96c-e645d394d6a2;1.0",
        "artifactIdentifer": 170160862,
        "artifactSubmissionIdentifier": 85502472,
        "filingDate": 1633133265,
        "filingDateString": "10/01/2021",
        "fileSize": 1845968,
        "documentStatus": "PENDING",
        "directionCode": "INCOMING",
        "warningMessageList": [],
        "availablitySummary": {
            "code": "PUBLIC",
            "descriptionText": "Available for everyone.",
            "displayNameText": "Public"
        },
        "roleSummary": {
            "code": "PETITIONER",
            "descriptionText": "Indicates artifact was submitted on behalf of Petitioner.",
            "displayNameText": "Petitioner"
        },
        "artifactSummary": {
            "code": "EXHIBIT",
            "descriptionText": "Exhibit"
        }
    },
    {
        "petitionIdentifier": 1548480,
        "name": "USPN 6,260,879 (Stanley)",
        "category": "EXHIBIT",
        "fileName": "Ex. 1007 - USPN 6,260,879 (Stanley).pdf",
        "filingParty": "PETITIONER",
        "availability": "Public",
        "exhibitNumber": 1007,
        "pageCount": 8,
        "contentManagementId": "workspace://SpacesStore/3ecbc364-4bcc-4dd1-a414-6320c0609ff4;1.0",
        "artifactIdentifer": 170160863,
        "artifactSubmissionIdentifier": 85502473,
        "filingDate": 1633133265,
        "filingDateString": "10/01/2021",
        "fileSize": 1549424,
        "documentStatus": "PENDING",
        "directionCode": "INCOMING",
        "warningMessageList": [],
        "availablitySummary": {
            "code": "PUBLIC",
            "descriptionText": "Available for everyone.",
            "displayNameText": "Public"
        },
        "roleSummary": {
            "code": "PETITIONER",
            "descriptionText": "Indicates artifact was submitted on behalf of Petitioner.",
            "displayNameText": "Petitioner"
        },
        "artifactSummary": {
            "code": "EXHIBIT",
            "descriptionText": "Exhibit"
        }
    },
    {
        "petitionIdentifier": 1548480,
        "name": "USPN 6,918,611 (Winters)",
        "category": "EXHIBIT",
        "fileName": "Ex. 1008 - USPN 6,918,611 (Winters).pdf",
        "filingParty": "PETITIONER",
        "availability": "Public",
        "exhibitNumber": 1008,
        "pageCount": 20,
        "contentManagementId": "workspace://SpacesStore/51fed4b3-e4aa-4aa0-8696-eacd0061d837;1.0",
        "artifactIdentifer": 170160864,
        "artifactSubmissionIdentifier": 85502474,
        "filingDate": 1633133265,
        "filingDateString": "10/01/2021",
        "fileSize": 3305631,
        "documentStatus": "PENDING",
        "directionCode": "INCOMING",
        "warningMessageList": [],
        "availablitySummary": {
            "code": "PUBLIC",
            "descriptionText": "Available for everyone.",
            "displayNameText": "Public"
        },
        "roleSummary": {
            "code": "PETITIONER",
            "descriptionText": "Indicates artifact was submitted on behalf of Petitioner.",
            "displayNameText": "Petitioner"
        },
        "artifactSummary": {
            "code": "EXHIBIT",
            "descriptionText": "Exhibit"
        }
    },
    {
        "petitionIdentifier": 1548480,
        "name": "USPN 6,766,271 (Griffin)",
        "category": "EXHIBIT",
        "fileName": "Ex. 1009 - USPN 6,766,271 (Griffin).pdf",
        "filingParty": "PETITIONER",
        "availability": "Public",
        "exhibitNumber": 1009,
        "pageCount": 8,
        "contentManagementId": "workspace://SpacesStore/c1efb8ef-83e3-4e0c-979a-b9fa14a4aabd;1.0",
        "artifactIdentifer": 170160865,
        "artifactSubmissionIdentifier": 85502475,
        "filingDate": 1633133265,
        "filingDateString": "10/01/2021",
        "fileSize": 1083737,
        "documentStatus": "PENDING",
        "directionCode": "INCOMING",
        "warningMessageList": [],
        "availablitySummary": {
            "code": "PUBLIC",
            "descriptionText": "Available for everyone.",
            "displayNameText": "Public"
        },
        "roleSummary": {
            "code": "PETITIONER",
            "descriptionText": "Indicates artifact was submitted on behalf of Petitioner.",
            "displayNameText": "Petitioner"
        },
        "artifactSummary": {
            "code": "EXHIBIT",
            "descriptionText": "Exhibit"
        }
    },
    {
        "petitionIdentifier": 1548480,
        "name": "USPN 7,648,164 (Breed)",
        "category": "EXHIBIT",
        "fileName": "Ex. 1010 - USPN 7,648,164 (Breed).pdf",
        "filingParty": "PETITIONER",
        "availability": "Public",
        "exhibitNumber": 1010,
        "pageCount": 142,
        "contentManagementId": "workspace://SpacesStore/3bbc7c07-bc77-487a-adbb-943a668a4566;1.0",
        "artifactIdentifer": 170160866,
        "artifactSubmissionIdentifier": 85502476,
        "filingDate": 1633133265,
        "filingDateString": "10/01/2021",
        "fileSize": 16770321,
        "documentStatus": "PENDING",
        "directionCode": "INCOMING",
        "warningMessageList": [],
        "availablitySummary": {
            "code": "PUBLIC",
            "descriptionText": "Available for everyone.",
            "displayNameText": "Public"
        },
        "roleSummary": {
            "code": "PETITIONER",
            "descriptionText": "Indicates artifact was submitted on behalf of Petitioner.",
            "displayNameText": "Petitioner"
        },
        "artifactSummary": {
            "code": "EXHIBIT",
            "descriptionText": "Exhibit"
        }
    },
    {
        "petitionIdentifier": 1548480,
        "name": "USPN 6,581,961 (Bowers)",
        "category": "EXHIBIT",
        "fileName": "Ex. 1011 - USPN 6,581,961 (Bowers).pdf",
        "filingParty": "PETITIONER",
        "availability": "Public",
        "exhibitNumber": 1011,
        "pageCount": 10,
        "contentManagementId": "workspace://SpacesStore/31d170e4-ae7f-4d8f-9553-63a134337050;1.0",
        "artifactIdentifer": 170160867,
        "artifactSubmissionIdentifier": 85502477,
        "filingDate": 1633133265,
        "filingDateString": "10/01/2021",
        "fileSize": 1500122,
        "documentStatus": "PENDING",
        "directionCode": "INCOMING",
        "warningMessageList": [],
        "availablitySummary": {
            "code": "PUBLIC",
            "descriptionText": "Available for everyone.",
            "displayNameText": "Public"
        },
        "roleSummary": {
            "code": "PETITIONER",
            "descriptionText": "Indicates artifact was submitted on behalf of Petitioner.",
            "displayNameText": "Petitioner"
        },
        "artifactSummary": {
            "code": "EXHIBIT",
            "descriptionText": "Exhibit"
        }
    },
    {
        "petitionIdentifier": 1548480,
        "name": "USPN 6,398,257 (Ehama)",
        "category": "EXHIBIT",
        "fileName": "Ex. 1012 - USPN 6,398,257 (Ehama).pdf",
        "filingParty": "PETITIONER",
        "availability": "Public",
        "exhibitNumber": 1012,
        "pageCount": 6,
        "contentManagementId": "workspace://SpacesStore/c8dbfcdc-a3b9-4f84-823b-b90a5c3f3360;1.0",
        "artifactIdentifer": 170160868,
        "artifactSubmissionIdentifier": 85502478,
        "filingDate": 1633133265,
        "filingDateString": "10/01/2021",
        "fileSize": 864048,
        "documentStatus": "PENDING",
        "directionCode": "INCOMING",
        "warningMessageList": [],
        "availablitySummary": {
            "code": "PUBLIC",
            "descriptionText": "Available for everyone.",
            "displayNameText": "Public"
        },
        "roleSummary": {
            "code": "PETITIONER",
            "descriptionText": "Indicates artifact was submitted on behalf of Petitioner.",
            "displayNameText": "Petitioner"
        },
        "artifactSummary": {
            "code": "EXHIBIT",
            "descriptionText": "Exhibit"
        }
    },
    {
        "petitionIdentifier": 1548480,
        "name": "EP1031474A2 (Hill)",
        "category": "EXHIBIT",
        "fileName": "Ex. 1013 - EP1031474A2 (Hill).pdf",
        "filingParty": "PETITIONER",
        "availability": "Public",
        "exhibitNumber": 1013,
        "pageCount": 23,
        "contentManagementId": "workspace://SpacesStore/edfc854a-98fb-4bd1-8c6a-7018886879fc;1.0",
        "artifactIdentifer": 170160869,
        "artifactSubmissionIdentifier": 85502479,
        "filingDate": 1633133265,
        "filingDateString": "10/01/2021",
        "fileSize": 968902,
        "documentStatus": "PENDING",
        "directionCode": "INCOMING",
        "warningMessageList": [],
        "availablitySummary": {
            "code": "PUBLIC",
            "descriptionText": "Available for everyone.",
            "displayNameText": "Public"
        },
        "roleSummary": {
            "code": "PETITIONER",
            "descriptionText": "Indicates artifact was submitted on behalf of Petitioner.",
            "displayNameText": "Petitioner"
        },
        "artifactSummary": {
            "code": "EXHIBIT",
            "descriptionText": "Exhibit"
        }
    },
    {
        "petitionIdentifier": 1548480,
        "name": "USPN 5,232,243 (Blackburn)",
        "category": "EXHIBIT",
        "fileName": "Ex. 1014 - USPN 5,232,243 (Blackburn).pdf",
        "filingParty": "PETITIONER",
        "availability": "Public",
        "exhibitNumber": 1014,
        "pageCount": 24,
        "contentManagementId": "workspace://SpacesStore/1d3cc04e-fd24-4b9a-b722-204827bb4086;1.0",
        "artifactIdentifer": 170160871,
        "artifactSubmissionIdentifier": 85502481,
        "filingDate": 1633133265,
        "filingDateString": "10/01/2021",
        "fileSize": 1841027,
        "documentStatus": "PENDING",
        "directionCode": "INCOMING",
        "warningMessageList": [],
        "availablitySummary": {
            "code": "PUBLIC",
            "descriptionText": "Available for everyone.",
            "displayNameText": "Public"
        },
        "roleSummary": {
            "code": "PETITIONER",
            "descriptionText": "Indicates artifact was submitted on behalf of Petitioner.",
            "displayNameText": "Petitioner"
        },
        "artifactSummary": {
            "code": "EXHIBIT",
            "descriptionText": "Exhibit"
        }
    },
    {
        "petitionIdentifier": 1548480,
        "name": "USPN 5,626,359 (Steffens, Jr.)",
        "category": "EXHIBIT",
        "fileName": "Ex. 1015 - USPN 5,626,359 (Steffens, Jr.).pdf",
        "filingParty": "PETITIONER",
        "availability": "Public",
        "exhibitNumber": 1015,
        "pageCount": 14,
        "contentManagementId": "workspace://SpacesStore/47aa1fc6-2360-4381-857c-59e5aaa43dcb;1.0",
        "artifactIdentifer": 170160872,
        "artifactSubmissionIdentifier": 85502482,
        "filingDate": 1633133265,
        "filingDateString": "10/01/2021",
        "fileSize": 1636575,
        "documentStatus": "PENDING",
        "directionCode": "INCOMING",
        "warningMessageList": [],
        "availablitySummary": {
            "code": "PUBLIC",
            "descriptionText": "Available for everyone.",
            "displayNameText": "Public"
        },
        "roleSummary": {
            "code": "PETITIONER",
            "descriptionText": "Indicates artifact was submitted on behalf of Petitioner.",
            "displayNameText": "Petitioner"
        },
        "artifactSummary": {
            "code": "EXHIBIT",
            "descriptionText": "Exhibit"
        }
    },
    {
        "petitionIdentifier": 1548480,
        "name": "USPN 6,116,638 (Hosooda)",
        "category": "EXHIBIT",
        "fileName": "Ex. 1016 - USPN 6,116,638 (Hosooda).pdf",
        "filingParty": "PETITIONER",
        "availability": "Public",
        "exhibitNumber": 1016,
        "pageCount": 47,
        "contentManagementId": "workspace://SpacesStore/7c0ace32-ab09-4e2a-8562-e37d22f8b8a2;1.0",
        "artifactIdentifer": 170160874,
        "artifactSubmissionIdentifier": 85502484,
        "filingDate": 1633133265,
        "filingDateString": "10/01/2021",
        "fileSize": 2144324,
        "documentStatus": "PENDING",
        "directionCode": "INCOMING",
        "warningMessageList": [],
        "availablitySummary": {
            "code": "PUBLIC",
            "descriptionText": "Available for everyone.",
            "displayNameText": "Public"
        },
        "roleSummary": {
            "code": "PETITIONER",
            "descriptionText": "Indicates artifact was submitted on behalf of Petitioner.",
            "displayNameText": "Petitioner"
        },
        "artifactSummary": {
            "code": "EXHIBIT",
            "descriptionText": "Exhibit"
        }
    },
    {
        "petitionIdentifier": 1548480,
        "name": "USPN 6,219,605 (Bauer)",
        "category": "EXHIBIT",
        "fileName": "Ex. 1017 - USPN 6,219,605 (Bauer).pdf",
        "filingParty": "PETITIONER",
        "availability": "Public",
        "exhibitNumber": 1017,
        "pageCount": 7,
        "contentManagementId": "workspace://SpacesStore/445a9424-bb16-497c-b2df-e753bc2dd473;1.0",
        "artifactIdentifer": 170160876,
        "artifactSubmissionIdentifier": 85502486,
        "filingDate": 1633133265,
        "filingDateString": "10/01/2021",
        "fileSize": 935021,
        "documentStatus": "PENDING",
        "directionCode": "INCOMING",
        "warningMessageList": [],
        "availablitySummary": {
            "code": "PUBLIC",
            "descriptionText": "Available for everyone.",
            "displayNameText": "Public"
        },
        "roleSummary": {
            "code": "PETITIONER",
            "descriptionText": "Indicates artifact was submitted on behalf of Petitioner.",
            "displayNameText": "Petitioner"
        },
        "artifactSummary": {
            "code": "EXHIBIT",
            "descriptionText": "Exhibit"
        }
    },
    {
        "petitionIdentifier": 1548480,
        "name": "USPN 6,308,983 (Sinnhuber)",
        "category": "EXHIBIT",
        "fileName": "Ex. 1018 - USPN 6,308,983 (Sinnhuber).pdf",
        "filingParty": "PETITIONER",
        "availability": "Public",
        "exhibitNumber": 1018,
        "pageCount": 9,
        "contentManagementId": "workspace://SpacesStore/72a2f6a5-a545-4091-9813-0e55f070c20b;1.0",
        "artifactIdentifer": 170160877,
        "artifactSubmissionIdentifier": 85502487,
        "filingDate": 1633133265,
        "filingDateString": "10/01/2021",
        "fileSize": 981457,
        "documentStatus": "PENDING",
        "directionCode": "INCOMING",
        "warningMessageList": [],
        "availablitySummary": {
            "code": "PUBLIC",
            "descriptionText": "Available for everyone.",
            "displayNameText": "Public"
        },
        "roleSummary": {
            "code": "PETITIONER",
            "descriptionText": "Indicates artifact was submitted on behalf of Petitioner.",
            "displayNameText": "Petitioner"
        },
        "artifactSummary": {
            "code": "EXHIBIT",
            "descriptionText": "Exhibit"
        }
    },
    {
        "petitionIdentifier": 1548480,
        "name": "USPN 6,804,595 (Quail)",
        "category": "EXHIBIT",
        "fileName": "Ex. 1019 - USPN 6,804,595 (Quail).pdf",
        "filingParty": "PETITIONER",
        "availability": "Public",
        "exhibitNumber": 1019,
        "pageCount": 14,
        "contentManagementId": "workspace://SpacesStore/373d8eec-e677-4e57-ba74-9bfe18b302d2;1.0",
        "artifactIdentifer": 170160879,
        "artifactSubmissionIdentifier": 85502489,
        "filingDate": 1633133265,
        "filingDateString": "10/01/2021",
        "fileSize": 1205427,
        "documentStatus": "PENDING",
        "directionCode": "INCOMING",
        "warningMessageList": [],
        "availablitySummary": {
            "code": "PUBLIC",
            "descriptionText": "Available for everyone.",
            "displayNameText": "Public"
        },
        "roleSummary": {
            "code": "PETITIONER",
            "descriptionText": "Indicates artifact was submitted on behalf of Petitioner.",
            "displayNameText": "Petitioner"
        },
        "artifactSummary": {
            "code": "EXHIBIT",
            "descriptionText": "Exhibit"
        }
    },
    {
        "petitionIdentifier": 1548480,
        "name": "USPN 5,785,347 (Adolph)",
        "category": "EXHIBIT",
        "fileName": "Ex. 1020 - USPN 5,785,347 (Adolph).pdf",
        "filingParty": "PETITIONER",
        "availability": "Public",
        "exhibitNumber": 1020,
        "pageCount": 10,
        "contentManagementId": "workspace://SpacesStore/b7d96e88-f0b7-44e1-a8a4-abcfaa606264;1.0",
        "artifactIdentifer": 170160880,
        "artifactSubmissionIdentifier": 85502490,
        "filingDate": 1633133265,
        "filingDateString": "10/01/2021",
        "fileSize": 1242779,
        "documentStatus": "PENDING",
        "directionCode": "INCOMING",
        "warningMessageList": [],
        "availablitySummary": {
            "code": "PUBLIC",
            "descriptionText": "Available for everyone.",
            "displayNameText": "Public"
        },
        "roleSummary": {
            "code": "PETITIONER",
            "descriptionText": "Indicates artifact was submitted on behalf of Petitioner.",
            "displayNameText": "Petitioner"
        },
        "artifactSummary": {
            "code": "EXHIBIT",
            "descriptionText": "Exhibit"
        }
    },
    {
        "petitionIdentifier": 1548480,
        "name": "Complaint for Patent Infringement - No. 21-cv-207 (E.D. of Tex.)",
        "category": "EXHIBIT",
        "fileName": "Ex. 1021 - Complaint for Patent Infringement - No. 21-cv-207 (E.D. of Tex.).pdf",
        "filingParty": "PETITIONER",
        "availability": "Public",
        "exhibitNumber": 1021,
        "pageCount": 21,
        "contentManagementId": "workspace://SpacesStore/449f31b5-783e-4e23-b475-91ffa746155e;1.0",
        "artifactIdentifer": 170160881,
        "artifactSubmissionIdentifier": 85502491,
        "filingDate": 1633133265,
        "filingDateString": "10/01/2021",
        "fileSize": 1122887,
        "documentStatus": "PENDING",
        "directionCode": "INCOMING",
        "warningMessageList": [],
        "availablitySummary": {
            "code": "PUBLIC",
            "descriptionText": "Available for everyone.",
            "displayNameText": "Public"
        },
        "roleSummary": {
            "code": "PETITIONER",
            "descriptionText": "Indicates artifact was submitted on behalf of Petitioner.",
            "displayNameText": "Petitioner"
        },
        "artifactSummary": {
            "code": "EXHIBIT",
            "descriptionText": "Exhibit"
        }
    },
    {
        "petitionIdentifier": 1548480,
        "name": "Case Docket Sheet - No. 21-cv-207 (E.D. of Tex.)",
        "category": "EXHIBIT",
        "fileName": "Ex. 1022 - Case Docket Sheet - No. 21-cv-207 (E.D. of Tex.).pdf",
        "filingParty": "PETITIONER",
        "availability": "Public",
        "exhibitNumber": 1022,
        "pageCount": 3,
        "contentManagementId": "workspace://SpacesStore/12948d04-a68b-4ba3-90e3-e01daf56726d;1.0",
        "artifactIdentifer": 170160882,
        "artifactSubmissionIdentifier": 85502492,
        "filingDate": 1633133265,
        "filingDateString": "10/01/2021",
        "fileSize": 721817,
        "documentStatus": "PENDING",
        "directionCode": "INCOMING",
        "warningMessageList": [],
        "availablitySummary": {
            "code": "PUBLIC",
            "descriptionText": "Available for everyone.",
            "displayNameText": "Public"
        },
        "roleSummary": {
            "code": "PETITIONER",
            "descriptionText": "Indicates artifact was submitted on behalf of Petitioner.",
            "displayNameText": "Petitioner"
        },
        "artifactSummary": {
            "code": "EXHIBIT",
            "descriptionText": "Exhibit"
        }
    },
    {
        "petitionIdentifier": 1548480,
        "name": "Declaration of Kevin Jakel",
        "category": "EXHIBIT",
        "fileName": "Ex. 1023 - Declaration of Kevin Jakel.pdf",
        "filingParty": "PETITIONER",
        "availability": "Public",
        "exhibitNumber": 1023,
        "pageCount": 7,
        "contentManagementId": "workspace://SpacesStore/5b31d505-71fe-4444-bff2-f4acac8cf632;1.0",
        "artifactIdentifer": 170160883,
        "artifactSubmissionIdentifier": 85502493,
        "filingDate": 1633133265,
        "filingDateString": "10/01/2021",
        "fileSize": 697462,
        "documentStatus": "PENDING",
        "directionCode": "INCOMING",
        "warningMessageList": [],
        "availablitySummary": {
            "code": "PUBLIC",
            "descriptionText": "Available for everyone.",
            "displayNameText": "Public"
        },
        "roleSummary": {
            "code": "PETITIONER",
            "descriptionText": "Indicates artifact was submitted on behalf of Petitioner.",
            "displayNameText": "Petitioner"
        },
        "artifactSummary": {
            "code": "EXHIBIT",
            "descriptionText": "Exhibit"
        }
    },
    {
        "petitionIdentifier": 1548480,
        "name": "NHTSA Traffice Safety Facts 1993 - Occupant Protection",
        "category": "EXHIBIT",
        "fileName": "Ex. 1024 - NHTSA Traffice Safety Facts 1993 - Occupant Protection.pdf",
        "filingParty": "PETITIONER",
        "availability": "Public",
        "exhibitNumber": 1024,
        "pageCount": 4,
        "contentManagementId": "workspace://SpacesStore/11247340-a846-436c-8bdd-196cf5cc0112;1.0",
        "artifactIdentifer": 170160884,
        "artifactSubmissionIdentifier": 85502494,
        "filingDate": 1633133265,
        "filingDateString": "10/01/2021",
        "fileSize": 792106,
        "documentStatus": "PENDING",
        "directionCode": "INCOMING",
        "warningMessageList": [],
        "availablitySummary": {
            "code": "PUBLIC",
            "descriptionText": "Available for everyone.",
            "displayNameText": "Public"
        },
        "roleSummary": {
            "code": "PETITIONER",
            "descriptionText": "Indicates artifact was submitted on behalf of Petitioner.",
            "displayNameText": "Petitioner"
        },
        "artifactSummary": {
            "code": "EXHIBIT",
            "descriptionText": "Exhibit"
        }
    },
    {
        "petitionIdentifier": 1548480,
        "name": "NHTSA Evaluation of the Certified-Advanced Air Bags (Sept. 2013)",
        "category": "EXHIBIT",
        "fileName": "Ex. 1025 - NHTSA Evaluation of the Certified-Advanced Air Bags (Sept. 2013).pdf",
        "filingParty": "PETITIONER",
        "availability": "Public",
        "exhibitNumber": 1025,
        "pageCount": 36,
        "contentManagementId": "workspace://SpacesStore/a7f72e35-1b67-4cd3-b76e-9c5981bfd859;1.0",
        "artifactIdentifer": 170160885,
        "artifactSubmissionIdentifier": 85502495,
        "filingDate": 1633133265,
        "filingDateString": "10/01/2021",
        "fileSize": 1024317,
        "documentStatus": "PENDING",
        "directionCode": "INCOMING",
        "warningMessageList": [],
        "availablitySummary": {
            "code": "PUBLIC",
            "descriptionText": "Available for everyone.",
            "displayNameText": "Public"
        },
        "roleSummary": {
            "code": "PETITIONER",
            "descriptionText": "Indicates artifact was submitted on behalf of Petitioner.",
            "displayNameText": "Petitioner"
        },
        "artifactSummary": {
            "code": "EXHIBIT",
            "descriptionText": "Exhibit"
        }
    },
    {
        "petitionIdentifier": 1548480,
        "name": "USPN 5,999,871 (Liu)",
        "category": "EXHIBIT",
        "fileName": "Ex. 1026 - USPN 5,999,871 (Liu).pdf",
        "filingParty": "PETITIONER",
        "availability": "Public",
        "exhibitNumber": 1026,
        "pageCount": 6,
        "contentManagementId": "workspace://SpacesStore/b1d0ba67-d991-4b53-9dd7-14b179591f94;1.0",
        "artifactIdentifer": 170160886,
        "artifactSubmissionIdentifier": 85502496,
        "filingDate": 1633133265,
        "filingDateString": "10/01/2021",
        "fileSize": 835586,
        "documentStatus": "PENDING",
        "directionCode": "INCOMING",
        "warningMessageList": [],
        "availablitySummary": {
            "code": "PUBLIC",
            "descriptionText": "Available for everyone.",
            "displayNameText": "Public"
        },
        "roleSummary": {
            "code": "PETITIONER",
            "descriptionText": "Indicates artifact was submitted on behalf of Petitioner.",
            "displayNameText": "Petitioner"
        },
        "artifactSummary": {
            "code": "EXHIBIT",
            "descriptionText": "Exhibit"
        }
    },
    {
        "petitionIdentifier": 1548480,
        "name": "USPN 5,927,748 (O'Driscoll)",
        "category": "EXHIBIT",
        "fileName": "Ex. 1027 - USPN 5,927,748 (O'Driscoll).pdf",
        "filingParty": "PETITIONER",
        "availability": "Public",
        "exhibitNumber": 1027,
        "pageCount": 11,
        "contentManagementId": "workspace://SpacesStore/e941cc64-5ed8-486b-b8c7-708b5c310af3;1.0",
        "artifactIdentifer": 170160887,
        "artifactSubmissionIdentifier": 85502497,
        "filingDate": 1633133265,
        "filingDateString": "10/01/2021",
        "fileSize": 897595,
        "documentStatus": "PENDING",
        "directionCode": "INCOMING",
        "warningMessageList": [],
        "availablitySummary": {
            "code": "PUBLIC",
            "descriptionText": "Available for everyone.",
            "displayNameText": "Public"
        },
        "roleSummary": {
            "code": "PETITIONER",
            "descriptionText": "Indicates artifact was submitted on behalf of Petitioner.",
            "displayNameText": "Petitioner"
        },
        "artifactSummary": {
            "code": "EXHIBIT",
            "descriptionText": "Exhibit"
        }
    },
    {
        "petitionIdentifier": 1548480,
        "name": "U.S. Pat. Appl. Publ. No. 2016-0288766 A1 (Jayasuriya)",
        "category": "EXHIBIT",
        "fileName": "Ex. 1028 - U.S. Pat. Appl. Publ. No. 2016-0288766 A1 (Jayasuriya).pdf",
        "filingParty": "PETITIONER",
        "availability": "Public",
        "exhibitNumber": 1028,
        "pageCount": 17,
        "contentManagementId": "workspace://SpacesStore/d8f59514-9017-4205-9415-f027c5ea1b57;1.0",
        "artifactIdentifer": 170160888,
        "artifactSubmissionIdentifier": 85502498,
        "filingDate": 1633133265,
        "filingDateString": "10/01/2021",
        "fileSize": 1229394,
        "documentStatus": "PENDING",
        "directionCode": "INCOMING",
        "warningMessageList": [],
        "availablitySummary": {
            "code": "PUBLIC",
            "descriptionText": "Available for everyone.",
            "displayNameText": "Public"
        },
        "roleSummary": {
            "code": "PETITIONER",
            "descriptionText": "Indicates artifact was submitted on behalf of Petitioner.",
            "displayNameText": "Petitioner"
        },
        "artifactSummary": {
            "code": "EXHIBIT",
            "descriptionText": "Exhibit"
        }
    },
    {
        "petitionIdentifier": 1548480,
        "name": "USPN 5,407,148 (Ono)",
        "category": "EXHIBIT",
        "fileName": "Ex. 1029 - USPN 5,407,148 (Ono).pdf",
        "filingParty": "PETITIONER",
        "availability": "Public",
        "exhibitNumber": 1029,
        "pageCount": 18,
        "contentManagementId": "workspace://SpacesStore/a7959c0b-8610-4aaf-8b12-0eb7e3c7640d;1.0",
        "artifactIdentifer": 170160889,
        "artifactSubmissionIdentifier": 85502499,
        "filingDate": 1633133265,
        "filingDateString": "10/01/2021",
        "fileSize": 1705802,
        "documentStatus": "PENDING",
        "directionCode": "INCOMING",
        "warningMessageList": [],
        "availablitySummary": {
            "code": "PUBLIC",
            "descriptionText": "Available for everyone.",
            "displayNameText": "Public"
        },
        "roleSummary": {
            "code": "PETITIONER",
            "descriptionText": "Indicates artifact was submitted on behalf of Petitioner.",
            "displayNameText": "Petitioner"
        },
        "artifactSummary": {
            "code": "EXHIBIT",
            "descriptionText": "Exhibit"
        }
    },
    {
        "petitionIdentifier": 1548480,
        "documentNumber": 3,
        "name": "Patent Owner's Mandatory Notice",
        "category": "PAPER",
        "fileName": "2021-10-27 - Yoon's Mandatory Notice.pdf",
        "filingParty": "PATENT OWNER",
        "availability": "Public",
        "documentTypeIdentifier": 37,
        "documentTypeCode": "MN",
        "documentTypeDescription": "Mandatory Notice",
        "pageCount": 4,
        "contentManagementId": "workspace://SpacesStore/e26c00fc-3b74-4b8e-a761-1438fcb8fb3f;1.0",
        "artifactIdentifer": 170170236,
        "artifactSubmissionIdentifier": 85510961,
        "filingDate": 1635351309,
        "filingDateString": "10/27/2021",
        "fileSize": 149786,
        "documentStatus": "PENDING",
        "directionCode": "INCOMING",
        "warningMessageList": [],
        "availablitySummary": {
            "code": "PUBLIC",
            "descriptionText": "Available for everyone.",
            "displayNameText": "Public"
        },
        "roleSummary": {
            "code": "PATENT OWNER",
            "descriptionText": "Indicates artifact was submitted on behalf of Patent Owner.",
            "displayNameText": "Patent owner"
        },
        "artifactSummary": {
            "code": "PAPER",
            "descriptionText": "Paper"
        },
        "qqDisplayIndicator": "N",
        "creditAwardDisplayIn": "N"
    },
    {
        "petitionIdentifier": 1548480,
        "documentNumber": 4,
        "name": "Patent Owner's Power of Attorney",
        "category": "PAPER",
        "fileName": "2021-10-26 - Power of Attorney-executed.pdf",
        "filingParty": "PATENT OWNER",
        "availability": "Public",
        "documentTypeIdentifier": 17,
        "documentTypeCode": "PWR ATTY",
        "documentTypeDescription": "Power of Attorney",
        "pageCount": 4,
        "contentManagementId": "workspace://SpacesStore/f326523f-79c6-4437-9c16-5cbe6e4f52c8;1.0",
        "artifactIdentifer": 170170238,
        "artifactSubmissionIdentifier": 85510963,
        "filingDate": 1635351309,
        "filingDateString": "10/27/2021",
        "fileSize": 94324,
        "documentStatus": "PENDING",
        "directionCode": "INCOMING",
        "warningMessageList": [],
        "availablitySummary": {
            "code": "PUBLIC",
            "descriptionText": "Available for everyone.",
            "displayNameText": "Public"
        },
        "roleSummary": {
            "code": "PATENT OWNER",
            "descriptionText": "Indicates artifact was submitted on behalf of Patent Owner.",
            "displayNameText": "Patent owner"
        },
        "artifactSummary": {
            "code": "PAPER",
            "descriptionText": "Paper"
        },
        "qqDisplayIndicator": "N",
        "creditAwardDisplayIn": "N"
    },
    {
        "petitionIdentifier": 1548480,
        "documentNumber": 6,
        "name": "Petitioner's Motion for Admission Pro Hac Vice of Steven Lieberman",
        "category": "PAPER",
        "fileName": "Petitioner's Motion for PHV Admission of Steven Lieberman - November 23, 2021.pdf",
        "filingParty": "PETITIONER",
        "availability": "Public",
        "documentTypeIdentifier": 1,
        "documentTypeCode": "MOTION",
        "documentTypeDescription": "Motion",
        "pageCount": 6,
        "contentManagementId": "workspace://SpacesStore/80ca8372-3446-4eaa-9c87-afbf48125fa9;1.0",
        "artifactIdentifer": 170181089,
        "artifactSubmissionIdentifier": 85520859,
        "filingDate": 1637708170,
        "filingDateString": "11/23/2021",
        "fileSize": 48716,
        "documentStatus": "PENDING",
        "directionCode": "INCOMING",
        "warningMessageList": [],
        "availablitySummary": {
            "code": "PUBLIC",
            "descriptionText": "Available for everyone.",
            "displayNameText": "Public"
        },
        "roleSummary": {
            "code": "PETITIONER",
            "descriptionText": "Indicates artifact was submitted on behalf of Petitioner.",
            "displayNameText": "Petitioner"
        },
        "artifactSummary": {
            "code": "PAPER",
            "descriptionText": "Paper"
        },
        "qqDisplayIndicator": "N",
        "creditAwardDisplayIn": "N"
    },
    {
        "petitionIdentifier": 1548480,
        "name": "Declaration of Steven Lieberman In Support of Motion for Pro Hac Vice Admission",
        "category": "EXHIBIT",
        "fileName": "Ex. 1030 - Lieberman Declaration In Support of Petitioner's Motion for Pro Hac Vice Admission.pdf",
        "filingParty": "PETITIONER",
        "availability": "Public",
        "exhibitNumber": 1030,
        "pageCount": 4,
        "contentManagementId": "workspace://SpacesStore/a20bf022-90c1-4137-953f-08417f24f3f6;1.0",
        "artifactIdentifer": 170181092,
        "artifactSubmissionIdentifier": 85520862,
        "filingDate": 1637708170,
        "filingDateString": "11/23/2021",
        "fileSize": 1711129,
        "documentStatus": "PENDING",
        "directionCode": "INCOMING",
        "warningMessageList": [],
        "availablitySummary": {
            "code": "PUBLIC",
            "descriptionText": "Available for everyone.",
            "displayNameText": "Public"
        },
        "roleSummary": {
            "code": "PETITIONER",
            "descriptionText": "Indicates artifact was submitted on behalf of Petitioner.",
            "displayNameText": "Petitioner"
        },
        "artifactSummary": {
            "code": "EXHIBIT",
            "descriptionText": "Exhibit"
        }
    },
    {
        "petitionIdentifier": 1548480,
        "documentNumber": 7,
        "name": "Petitioner's Exhibit List",
        "category": "PAPER",
        "fileName": "Petitioner's Exhibit List - November 23, 2021.pdf",
        "filingParty": "PETITIONER",
        "availability": "Public",
        "documentTypeIdentifier": 95,
        "documentTypeCode": "EXHIBIT LIST",
        "documentTypeDescription": "Exhibit List",
        "pageCount": 5,
        "contentManagementId": "workspace://SpacesStore/24ff5a6e-9a20-459a-b514-b182db22b34b;1.0",
        "artifactIdentifer": 170181103,
        "artifactSubmissionIdentifier": 85520873,
        "filingDate": 1637708274,
        "filingDateString": "11/23/2021",
        "fileSize": 49176,
        "documentStatus": "PENDING",
        "directionCode": "INCOMING",
        "warningMessageList": [],
        "availablitySummary": {
            "code": "PUBLIC",
            "descriptionText": "Available for everyone.",
            "displayNameText": "Public"
        },
        "roleSummary": {
            "code": "PETITIONER",
            "descriptionText": "Indicates artifact was submitted on behalf of Petitioner.",
            "displayNameText": "Petitioner"
        },
        "artifactSummary": {
            "code": "PAPER",
            "descriptionText": "Paper"
        },
        "qqDisplayIndicator": "N",
        "creditAwardDisplayIn": "N"
    },
    {
        "petitionIdentifier": 1548480,
        "documentNumber": 8,
        "name": "Petitioner's Updated Mandatory Notices",
        "category": "PAPER",
        "fileName": "Petitioner's Updated Mandatory Notices - December 3, 2021.pdf",
        "filingParty": "PETITIONER",
        "availability": "Public",
        "documentTypeIdentifier": 13,
        "documentTypeCode": "NOTICE",
        "documentTypeDescription": "Notice",
        "pageCount": 5,
        "contentManagementId": "workspace://SpacesStore/f314015a-a252-4479-b26f-777815b2fa34;1.0",
        "artifactIdentifer": 170184087,
        "artifactSubmissionIdentifier": 85523600,
        "filingDate": 1638570975,
        "filingDateString": "12/03/2021",
        "fileSize": 47319,
        "documentStatus": "PENDING",
        "directionCode": "INCOMING",
        "warningMessageList": [],
        "availablitySummary": {
            "code": "PUBLIC",
            "descriptionText": "Available for everyone.",
            "displayNameText": "Public"
        },
        "roleSummary": {
            "code": "PETITIONER",
            "descriptionText": "Indicates artifact was submitted on behalf of Petitioner.",
            "displayNameText": "Petitioner"
        },
        "artifactSummary": {
            "code": "PAPER",
            "descriptionText": "Paper"
        },
        "qqDisplayIndicator": "N",
        "creditAwardDisplayIn": "N"
    },
    {
        "petitionIdentifier": 1548480,
        "documentNumber": 10,
        "name": "Petitioner's Second Updated Mandatory Notices",
        "category": "PAPER",
        "fileName": "Petitioner's Second Updated Mandatory Notices - February 2, 2022.pdf",
        "filingParty": "PETITIONER",
        "availability": "Public",
        "documentTypeIdentifier": 13,
        "documentTypeCode": "NOTICE",
        "documentTypeDescription": "Notice",
        "pageCount": 5,
        "contentManagementId": "workspace://SpacesStore/0a2a59e3-14d9-4ad5-9010-4e1c8fd1fa90;1.0",
        "artifactIdentifer": 170206332,
        "artifactSubmissionIdentifier": 85543851,
        "filingDate": 1643821191,
        "filingDateString": "02/02/2022",
        "fileSize": 48242,
        "documentStatus": "PENDING",
        "directionCode": "INCOMING",
        "warningMessageList": [],
        "availablitySummary": {
            "code": "PUBLIC",
            "descriptionText": "Available for everyone.",
            "displayNameText": "Public"
        },
        "roleSummary": {
            "code": "PETITIONER",
            "descriptionText": "Indicates artifact was submitted on behalf of Petitioner.",
            "displayNameText": "Petitioner"
        },
        "artifactSummary": {
            "code": "PAPER",
            "descriptionText": "Paper"
        },
        "qqDisplayIndicator": "N",
        "creditAwardDisplayIn": "N"
    },
    {
        "petitionIdentifier": 1548480,
        "documentNumber": 11,
        "name": "Petitioner's Updated Power of Attorney",
        "category": "PAPER",
        "fileName": "Updated Unified Patents LLC Power of Attorney Regarding U.S. Patent No. 9376076 - February 1 2022.pdf",
        "filingParty": "PETITIONER",
        "availability": "Public",
        "documentTypeIdentifier": 17,
        "documentTypeCode": "PWR ATTY",
        "documentTypeDescription": "Power of Attorney",
        "pageCount": 3,
        "contentManagementId": "workspace://SpacesStore/d1142a6f-d33a-47b9-90ef-c26625ef31e1;1.0",
        "artifactIdentifer": 170206333,
        "artifactSubmissionIdentifier": 85543852,
        "filingDate": 1643821293,
        "filingDateString": "02/02/2022",
        "fileSize": 150048,
        "documentStatus": "PENDING",
        "directionCode": "INCOMING",
        "warningMessageList": [],
        "availablitySummary": {
            "code": "PUBLIC",
            "descriptionText": "Available for everyone.",
            "displayNameText": "Public"
        },
        "roleSummary": {
            "code": "PETITIONER",
            "descriptionText": "Indicates artifact was submitted on behalf of Petitioner.",
            "displayNameText": "Petitioner"
        },
        "artifactSummary": {
            "code": "PAPER",
            "descriptionText": "Paper"
        },
        "qqDisplayIndicator": "N",
        "creditAwardDisplayIn": "N"
    },
    {
        "petitionIdentifier": 1548480,
        "documentNumber": 12,
        "name": "Petitioner's Third Updated Mandatory Notices",
        "category": "PAPER",
        "fileName": "Petitioner's Third Updated Mandatory Notices - February 17, 2022.pdf",
        "filingParty": "PETITIONER",
        "availability": "Public",
        "documentTypeIdentifier": 13,
        "documentTypeCode": "NOTICE",
        "documentTypeDescription": "Notice",
        "pageCount": 5,
        "contentManagementId": "workspace://SpacesStore/955efe9f-13e8-47ef-a33d-a48220c348e4;1.0",
        "artifactIdentifer": 170212516,
        "artifactSubmissionIdentifier": 85549468,
        "filingDate": 1645104044,
        "filingDateString": "02/17/2022",
        "fileSize": 48663,
        "documentStatus": "PENDING",
        "directionCode": "INCOMING",
        "warningMessageList": [],
        "availablitySummary": {
            "code": "PUBLIC",
            "descriptionText": "Available for everyone.",
            "displayNameText": "Public"
        },
        "roleSummary": {
            "code": "PETITIONER",
            "descriptionText": "Indicates artifact was submitted on behalf of Petitioner.",
            "displayNameText": "Petitioner"
        },
        "artifactSummary": {
            "code": "PAPER",
            "descriptionText": "Paper"
        },
        "qqDisplayIndicator": "N",
        "creditAwardDisplayIn": "N"
    },
    {
        "petitionIdentifier": 1548480,
        "documentNumber": 15,
        "name": "Petitioner's Fourth Updated Mandatory Notices",
        "category": "PAPER",
        "fileName": "Petitioner's Fourth Updated Mandatory Notices - September 12, 2022.pdf",
        "filingParty": "PETITIONER",
        "availability": "Public",
        "documentTypeIdentifier": 13,
        "documentTypeCode": "NOTICE",
        "documentTypeDescription": "Notice",
        "pageCount": 5,
        "contentManagementId": "workspace://SpacesStore/3970db03-7892-4380-850b-31632acc4f23;1.0",
        "artifactIdentifer": 170286753,
        "artifactSubmissionIdentifier": 85617088,
        "filingDate": 1663013565,
        "filingDateString": "09/12/2022",
        "fileSize": 48688,
        "documentStatus": "PENDING",
        "directionCode": "INCOMING",
        "warningMessageList": [],
        "availablitySummary": {
            "code": "PUBLIC",
            "descriptionText": "Available for everyone.",
            "displayNameText": "Public"
        },
        "roleSummary": {
            "code": "PETITIONER",
            "descriptionText": "Indicates artifact was submitted on behalf of Petitioner.",
            "displayNameText": "Petitioner"
        },
        "artifactSummary": {
            "code": "PAPER",
            "descriptionText": "Paper"
        },
        "qqDisplayIndicator": "N",
        "creditAwardDisplayIn": "N"
    },
    {
        "petitionIdentifier": 1548480,
        "documentNumber": 16,
        "name": "Notice of Stipulation to Extend Due Date 2",
        "category": "PAPER",
        "fileName": "Notice of Stipulation to Extend Due Date 2 - September 12, 2022.pdf",
        "filingParty": "PETITIONER",
        "availability": "Public",
        "documentTypeIdentifier": 13,
        "documentTypeCode": "NOTICE",
        "documentTypeDescription": "Notice",
        "pageCount": 3,
        "contentManagementId": "workspace://SpacesStore/cd99bb29-ec54-4ecd-a268-80d0c281025a;1.0",
        "artifactIdentifer": 170286754,
        "artifactSubmissionIdentifier": 85617089,
        "filingDate": 1663013635,
        "filingDateString": "09/12/2022",
        "fileSize": 39916,
        "documentStatus": "PENDING",
        "directionCode": "INCOMING",
        "warningMessageList": [],
        "availablitySummary": {
            "code": "PUBLIC",
            "descriptionText": "Available for everyone.",
            "displayNameText": "Public"
        },
        "roleSummary": {
            "code": "PETITIONER",
            "descriptionText": "Indicates artifact was submitted on behalf of Petitioner.",
            "displayNameText": "Petitioner"
        },
        "artifactSummary": {
            "code": "PAPER",
            "descriptionText": "Paper"
        },
        "qqDisplayIndicator": "N",
        "creditAwardDisplayIn": "N"
    },
    {
        "petitionIdentifier": 1548480,
        "documentNumber": 17,
        "name": "Petitioner's Reply",
        "category": "PAPER",
        "fileName": "Petitioner's Reply - October 5, 2022.pdf",
        "filingParty": "PETITIONER",
        "availability": "Public",
        "documentTypeIdentifier": 19,
        "documentTypeCode": "REPLY",
        "documentTypeDescription": "Reply",
        "pageCount": 6,
        "contentManagementId": "workspace://SpacesStore/c95f709c-8405-4375-a107-9d4a63f5a90a;1.0",
        "artifactIdentifer": 170294521,
        "artifactSubmissionIdentifier": 85623897,
        "filingDate": 1665000055,
        "filingDateString": "10/05/2022",
        "fileSize": 50654,
        "documentStatus": "PENDING",
        "directionCode": "INCOMING",
        "warningMessageList": [],
        "availablitySummary": {
            "code": "PUBLIC",
            "descriptionText": "Available for everyone.",
            "displayNameText": "Public"
        },
        "roleSummary": {
            "code": "PETITIONER",
            "descriptionText": "Indicates artifact was submitted on behalf of Petitioner.",
            "displayNameText": "Petitioner"
        },
        "artifactSummary": {
            "code": "PAPER",
            "descriptionText": "Paper"
        },
        "qqDisplayIndicator": "N",
        "creditAwardDisplayIn": "N"
    },
    {
        "petitionIdentifier": 1548480,
        "documentNumber": 18,
        "name": "Petitioner's Request for Oral Argument",
        "category": "PAPER",
        "fileName": "Petitioner's Request for Oral Argument - November 15, 2022.pdf",
        "filingParty": "PETITIONER",
        "availability": "Public",
        "documentTypeIdentifier": 264,
        "documentTypeCode": "OTH:OTH",
        "documentTypeDescription": "Other:  other",
        "pageCount": 4,
        "contentManagementId": "workspace://SpacesStore/3876bfca-fbfa-440d-9c82-faab192d22ec;1.0",
        "artifactIdentifer": 170319919,
        "artifactSubmissionIdentifier": 85637206,
        "filingDate": 1668542905,
        "filingDateString": "11/15/2022",
        "fileSize": 43427,
        "documentStatus": "PENDING",
        "directionCode": "INCOMING",
        "warningMessageList": [],
        "availablitySummary": {
            "code": "PUBLIC",
            "descriptionText": "Available for everyone.",
            "displayNameText": "Public"
        },
        "roleSummary": {
            "code": "PETITIONER",
            "descriptionText": "Indicates artifact was submitted on behalf of Petitioner.",
            "displayNameText": "Petitioner"
        },
        "artifactSummary": {
            "code": "PAPER",
            "descriptionText": "Paper"
        },
        "qqDisplayIndicator": "Y",
        "creditAwardDisplayIn": "N"
    }
]