[
    {
        "submittedDate": "1635351073",
        "petitioner": "Unified Patents, LLC",
        "patentOwner": "Joseph Y. Yoon Intellectual Property LLC",
        "mandatoryNoticeStatus": "Approved",
        "patentNumber": "9376076",
        "partyGroupId": 3537355,
        "partyGroupType": "PATENTOWNER",
        "caseNumber": "IPR2022-00002",
        "petitionDocuments": [
            {
                "petitionIdentifier": 1548480,
                "documentNumber": 3,
                "name": "Patent Owner's Mandatory Notice",
                "category": "PAPER",
                "fileName": "2021-10-27 - Yoon's Mandatory Notice.pdf",
                "filingParty": "PATENT OWNER",
                "availability": "Public",
                "documentTypeIdentifier": 37,
                "documentTypeCode": "MN",
                "documentTypeDescription": "Mandatory Notice",
                "pageCount": 4,
                "contentManagementId": "workspace://SpacesStore/e26c00fc-3b74-4b8e-a761-1438fcb8fb3f;1.0",
                "artifactIdentifer": 170170236,
                "artifactSubmissionIdentifier": 85510961,
                "filingDate": 1635351309,
                "filingDateString": "10/27/2021",
                "fileSize": 149786,
                "documentStatus": "PENDING",
                "directionCode": "INCOMING",
                "warningMessageList": [],
                "availablitySummary": {
                    "code": "PUBLIC",
                    "descriptionText": "Available for everyone.",
                    "displayNameText": "Public"
                },
                "roleSummary": {
                    "code": "PATENT OWNER",
                    "descriptionText": "Indicates artifact was submitted on behalf of Patent Owner.",
                    "displayNameText": "Patent owner"
                },
                "artifactSummary": {
                    "code": "PAPER",
                    "descriptionText": "Paper"
                },
                "qqDisplayIndicator": "N",
                "creditAwardDisplayIn": "N"
            },
            {
                "petitionIdentifier": 1548480,
                "documentNumber": 4,
                "name": "Patent Owner's Power of Attorney",
                "category": "PAPER",
                "fileName": "2021-10-26 - Power of Attorney-executed.pdf",
                "filingParty": "PATENT OWNER",
                "availability": "Public",
                "documentTypeIdentifier": 17,
                "documentTypeCode": "PWR ATTY",
                "documentTypeDescription": "Power of Attorney",
                "pageCount": 4,
                "contentManagementId": "workspace://SpacesStore/f326523f-79c6-4437-9c16-5cbe6e4f52c8;1.0",
                "artifactIdentifer": 170170238,
                "artifactSubmissionIdentifier": 85510963,
                "filingDate": 1635351309,
                "filingDateString": "10/27/2021",
                "fileSize": 94324,
                "documentStatus": "PENDING",
                "directionCode": "INCOMING",
                "warningMessageList": [],
                "availablitySummary": {
                    "code": "PUBLIC",
                    "descriptionText": "Available for everyone.",
                    "displayNameText": "Public"
                },
                "roleSummary": {
                    "code": "PATENT OWNER",
                    "descriptionText": "Indicates artifact was submitted on behalf of Patent Owner.",
                    "displayNameText": "Patent owner"
                },
                "artifactSummary": {
                    "code": "PAPER",
                    "descriptionText": "Paper"
                },
                "qqDisplayIndicator": "N",
                "creditAwardDisplayIn": "N"
            }
        ],
        "proceedingParties": {
            "poCounsel": {
                "caseNo": "IPR2022-00002",
                "parties": [
                    {
                        "identifier": "15909258",
                        "registrationNo": "53858",
                        "rankNo": 1,
                        "partyType": "COUNSEL",
                        "partySubType": "LEAD",
                        "partySubTypeDescription": "Lead Counsel",
                        "submitterType": "PATENTOWNER",
                        "proseIndicator": "N",
                        "personType": [
                            {
                                "identifier": "15911218",
                                "firstName": "Hao",
                                "lastName": "Ni",
                                "mailingAddress": [
                                    {
                                        "identifier": "12188105",
                                        "streetLineOneText": "MASK DATA_ADDRESS1",
                                        "streetLineTwoText": "MASK DATA_ADDRESS2",
                                        "city": "MASK DATA_ADDRESS2",
                                        "state": "XXX",
                                        "zipCode": "XXXXX",
                                        "country": "US",
                                        "addressType": "BUS"
                                    }
                                ],
                                "electronicAddress": [
                                    {
                                        "identifier": "12954759",
                                        "telephoneNumber": "XXX=XX-XXXX",
                                        "teleCommAddresType": "W"
                                    },
                                    {
                                        "identifier": "10367940",
                                        "email": "test1_hni@nilawfirm.com.123",
                                        "emailType": "WE"
                                    }
                                ]
                            }
                        ],
                        "orgType": []
                    },
                    {
                        "identifier": "15909259",
                        "registrationNo": "54296",
                        "rankNo": 2,
                        "partyType": "COUNSEL",
                        "partySubType": "BACKUP",
                        "partySubTypeDescription": "Back-up Counsel",
                        "submitterType": "PATENTOWNER",
                        "proseIndicator": "N",
                        "personType": [
                            {
                                "identifier": "15911219",
                                "firstName": "Neal",
                                "lastName": "Massand",
                                "mailingAddress": [
                                    {
                                        "identifier": "12188106",
                                        "streetLineOneText": "MASK DATA_ADDRESS1",
                                        "streetLineTwoText": "MASK DATA_ADDRESS2",
                                        "city": "MASK DATA_ADDRESS2",
                                        "state": "XXX",
                                        "zipCode": "XXXXX",
                                        "country": "US",
                                        "addressType": "BUS"
                                    }
                                ],
                                "electronicAddress": [
                                    {
                                        "identifier": "12954760",
                                        "telephoneNumber": "XXX=XX-XXXX",
                                        "teleCommAddresType": "W"
                                    },
                                    {
                                        "identifier": "10367941",
                                        "email": "test1_nmassand@nilawfirm.com.123",
                                        "emailType": "WE"
                                    }
                                ]
                            }
                        ],
                        "orgType": []
                    }
                ]
            },
            "poRealParty": {
                "caseNo": "IPR2022-00002",
                "parties": [
                    {
                        "identifier": "15909257",
                        "rankNo": 1,
                        "partyType": "REAL PARTY",
                        "submitterType": "PATENTOWNER",
                        "proseIndicator": "N",
                        "personType": [],
                        "orgType": [
                            {
                                "legalname": "Joseph Y. Yoon Intellectual Property LLC",
                                "identifier": "15911217",
                                "orgAddress": [],
                                "electronicAddress": []
                            }
                        ]
                    }
                ]
            }
        }
    }
]