[
    {
        "proceedingNumberText": "IPR2022-00002",
        "audit": {
            "lastModifiedTimestamp": 1637708170970,
            "lastModifiedUserIdentifier": "73085",
            "createUserIdentifier": "73085",
            "createTimestamp": 1637707683835
        },
        "motionId": 2712484,
        "submittedDate": 1637708170950,
        "motionType": "Motion to Appear Pro Hac Vice",
        "motionFilingParty": "Petitioner",
        "motionStatus": "PENDING REVIEW",
        "motionStatusDisplayName": "PENDING REVIEW",
        "submittedDateString": "11/23/2021 05:56 PM",
        "motionDocuments": [
            {
                "petitionIdentifier": 1548480,
                "documentNumber": 6,
                "name": "Petitioner's Motion for Admission Pro Hac Vice of Steven Lieberman",
                "category": "PAPER",
                "fileName": "Petitioner's Motion for PHV Admission of Steven Lieberman - November 23, 2021.pdf",
                "filingParty": "PETITIONER",
                "availability": "Public",
                "documentTypeIdentifier": 1,
                "documentTypeCode": "MOTION",
                "documentTypeDescription": "Motion",
                "pageCount": 6,
                "contentManagementId": "workspace://SpacesStore/80ca8372-3446-4eaa-9c87-afbf48125fa9;1.0",
                "artifactIdentifer": 170181089,
                "artifactSubmissionIdentifier": 85520859,
                "filingDate": 1637708170,
                "filingDateString": "11/23/2021",
                "fileSize": 48716,
                "documentStatus": "PENDING",
                "directionCode": "INCOMING",
                "warningMessageList": [],
                "availablitySummary": {
                    "code": "PUBLIC",
                    "descriptionText": "Available for everyone.",
                    "displayNameText": "Public"
                },
                "roleSummary": {
                    "code": "PETITIONER",
                    "descriptionText": "Indicates artifact was submitted on behalf of Petitioner.",
                    "displayNameText": "Petitioner"
                },
                "artifactSummary": {
                    "code": "PAPER",
                    "descriptionText": "Paper"
                },
                "qqDisplayIndicator": "N",
                "creditAwardDisplayIn": "N"
            },
            {
                "petitionIdentifier": 1548480,
                "name": "Declaration of Steven Lieberman In Support of Motion for Pro Hac Vice Admission",
                "category": "EXHIBIT",
                "fileName": "Ex. 1030 - Lieberman Declaration In Support of Petitioner's Motion for Pro Hac Vice Admission.pdf",
                "filingParty": "PETITIONER",
                "availability": "Public",
                "exhibitNumber": 1030,
                "pageCount": 4,
                "contentManagementId": "workspace://SpacesStore/a20bf022-90c1-4137-953f-08417f24f3f6;1.0",
                "artifactIdentifer": 170181092,
                "artifactSubmissionIdentifier": 85520862,
                "filingDate": 1637708170,
                "filingDateString": "11/23/2021",
                "fileSize": 1711129,
                "documentStatus": "PENDING",
                "directionCode": "INCOMING",
                "warningMessageList": [],
                "availablitySummary": {
                    "code": "PUBLIC",
                    "descriptionText": "Available for everyone.",
                    "displayNameText": "Public"
                },
                "roleSummary": {
                    "code": "PETITIONER",
                    "descriptionText": "Indicates artifact was submitted on behalf of Petitioner.",
                    "displayNameText": "Petitioner"
                },
                "artifactSummary": {
                    "code": "EXHIBIT",
                    "descriptionText": "Exhibit"
                }
            }
        ],
        "commentText": "1452581@58a33225-a8b4-4b43-9f69-1d413050e91c"
    }
]