{
    "ptabDefaultRefreshTime": 300000,
    "poCounsel": {
        "parties": [
            {
                "identifier": "15909258",
                "submitterType": "PATENTOWNER",
                "orgType": [],
                "partySubTypeDescription": "Lead Counsel",
                "registrationNo": "53858",
                "partySubType": "LEAD",
                "partyType": "COUNSEL",
                "personType": [
                    {
                        "identifier": "15911218",
                        "firstName": "Hao",
                        "lastName": "Ni",
                        "electronicAddress": [
                            {
                                "identifier": "12954759",
                                "telephoneNumber": "XXX=XX-XXXX",
                                "teleCommAddresType": "W"
                            },
                            {
                                "identifier": "10367940",
                                "emailType": "WE",
                                "email": "test1_hni@nilawfirm.com.123"
                            }
                        ],
                        "mailingAddress": [
                            {
                                "identifier": "12188105",
                                "zipCode": "XXXXX",
                                "country": "US",
                                "streetLineTwoText": "MASK DATA_ADDRESS2",
                                "streetLineOneText": "MASK DATA_ADDRESS1",
                                "city": "MASK DATA_ADDRESS2",
                                "addressType": "BUS",
                                "state": "XXX"
                            }
                        ]
                    }
                ],
                "rankNo": 1,
                "proseIndicator": "N"
            },
            {
                "identifier": "15909259",
                "submitterType": "PATENTOWNER",
                "orgType": [],
                "partySubTypeDescription": "Back-up Counsel",
                "registrationNo": "54296",
                "partySubType": "BACKUP",
                "partyType": "COUNSEL",
                "personType": [
                    {
                        "identifier": "15911219",
                        "firstName": "Neal",
                        "lastName": "Massand",
                        "electronicAddress": [
                            {
                                "identifier": "12954760",
                                "telephoneNumber": "XXX=XX-XXXX",
                                "teleCommAddresType": "W"
                            },
                            {
                                "identifier": "10367941",
                                "emailType": "WE",
                                "email": "test1_nmassand@nilawfirm.com.123"
                            }
                        ],
                        "mailingAddress": [
                            {
                                "identifier": "12188106",
                                "zipCode": "XXXXX",
                                "country": "US",
                                "streetLineTwoText": "MASK DATA_ADDRESS2",
                                "streetLineOneText": "MASK DATA_ADDRESS1",
                                "city": "MASK DATA_ADDRESS2",
                                "addressType": "BUS",
                                "state": "XXX"
                            }
                        ]
                    }
                ],
                "rankNo": 2,
                "proseIndicator": "N"
            }
        ],
        "caseNo": "IPR2022-00002"
    },
    "ptabReadOnlyUser": false,
    "poRealParty": {
        "parties": [
            {
                "identifier": "15909257",
                "submitterType": "PATENTOWNER",
                "orgType": [
                    {
                        "identifier": "15911217",
                        "electronicAddress": [],
                        "legalname": "Joseph Y. Yoon Intellectual Property LLC",
                        "orgAddress": []
                    }
                ],
                "partyType": "REAL PARTY",
                "personType": [],
                "rankNo": 1,
                "proseIndicator": "N"
            }
        ],
        "caseNo": "IPR2022-00002"
    },
    "petitionRealParty": {
        "parties": [
            {
                "identifier": "15908024",
                "submitterType": "PETITIONER",
                "orgType": [
                    {
                        "identifier": "15909982",
                        "electronicAddress": [],
                        "legalname": "Unified Patents, LLC",
                        "orgAddress": [
                            {
                                "identifier": "12187322",
                                "zipCode": "XXXXX",
                                "country": "US",
                                "streetLineTwoText": "MASK DATA_ADDRESS2",
                                "streetLineOneText": "MASK DATA_ADDRESS1",
                                "city": "MASK DATA_ADDRESS2",
                                "addressType": "RES",
                                "state": "XXX"
                            }
                        ]
                    }
                ],
                "partyType": "REAL PARTY",
                "personType": [],
                "rankNo": 1,
                "proseIndicator": "N"
            }
        ],
        "caseNo": "IPR2022-00002"
    },
    "petitionCounsel": {
        "parties": [
            {
                "identifier": "15908025",
                "submitterType": "PETITIONER",
                "orgType": [],
                "partySubTypeDescription": "Lead Counsel",
                "registrationNo": "76120",
                "partySubType": "LEAD",
                "partyType": "COUNSEL",
                "personType": [
                    {
                        "identifier": "15909983",
                        "firstName": "Michael",
                        "lastName": "Jones",
                        "electronicAddress": [
                            {
                                "identifier": "12953712",
                                "telephoneNumber": "XXX=XX-XXXX",
                                "teleCommAddresType": "W"
                            },
                            {
                                "identifier": "10367206",
                                "emailType": "WE",
                                "email": "test1_mjones@rfem.com.123"
                            }
                        ],
                        "mailingAddress": [
                            {
                                "identifier": "12187323",
                                "zipCode": "XXXXX",
                                "country": "US",
                                "streetLineTwoText": "MASK DATA_ADDRESS2",
                                "streetLineOneText": "MASK DATA_ADDRESS1",
                                "city": "MASK DATA_ADDRESS2",
                                "addressType": "BUS",
                                "state": "XXX"
                            }
                        ]
                    }
                ],
                "rankNo": 1,
                "proseIndicator": "N"
            },
            {
                "identifier": "15908026",
                "submitterType": "PETITIONER",
                "orgType": [],
                "partySubTypeDescription": "Back-up Counsel",
                "registrationNo": "67914",
                "partySubType": "BACKUP",
                "partyType": "COUNSEL",
                "personType": [
                    {
                        "identifier": "15909984",
                        "firstName": "Ashraf",
                        "lastName": "Fawzy",
                        "electronicAddress": [
                            {
                                "identifier": "12953713",
                                "telephoneNumber": "XXX=XX-XXXX",
                                "teleCommAddresType": "W"
                            },
                            {
                                "identifier": "10367207",
                                "emailType": "WE",
                                "email": "test1_afawzy@unifiedpatents.com.123"
                            }
                        ],
                        "mailingAddress": [
                            {
                                "identifier": "12187324",
                                "zipCode": "XXXXX",
                                "country": "US",
                                "streetLineTwoText": "MASK DATA_ADDRESS2",
                                "streetLineOneText": "MASK DATA_ADDRESS1",
                                "city": "MASK DATA_ADDRESS2",
                                "addressType": "BUS",
                                "state": "XXX"
                            }
                        ]
                    }
                ],
                "rankNo": 2,
                "proseIndicator": "N"
            },
            {
                "identifier": "15908027",
                "submitterType": "PETITIONER",
                "orgType": [],
                "partySubTypeDescription": "Back-up Counsel",
                "registrationNo": "75665",
                "partySubType": "BACKUP",
                "partyType": "COUNSEL",
                "personType": [
                    {
                        "identifier": "15909985",
                        "firstName": "Michelle",
                        "lastName": "Aspen",
                        "electronicAddress": [
                            {
                                "identifier": "12953714",
                                "telephoneNumber": "XXX=XX-XXXX",
                                "teleCommAddresType": "W"
                            },
                            {
                                "identifier": "10367208",
                                "emailType": "WE",
                                "email": "test1_michelle@unifiedpatents.com.123"
                            }
                        ],
                        "mailingAddress": [
                            {
                                "identifier": "12187325",
                                "zipCode": "XXXXX",
                                "country": "US",
                                "streetLineTwoText": "MASK DATA_ADDRESS2",
                                "streetLineOneText": "MASK DATA_ADDRESS1",
                                "city": "MASK DATA_ADDRESS2",
                                "addressType": "BUS",
                                "state": "XXX"
                            }
                        ]
                    }
                ],
                "rankNo": 3,
                "proseIndicator": "N"
            }
        ],
        "caseNo": "IPR2022-00002"
    }
}