[
    {
        "party": "PETITIONER",
        "transactionDate": "1633579200000",
        "transactionId": "E202107M49231966",
        "paymentMethod": "Credit/Debit Card",
        "description": "INTER PARTES REVIEW POST-INSTITUTION FEE - UP TO 20 CLAIMS",
        "feeCode": "1414",
        "quantity": "1",
        "feeAmount": "22500",
        "feeTotal": "22500.00"
    },
    {
        "party": "PETITIONER",
        "transactionDate": "1633579200000",
        "transactionId": "E202107M52101967",
        "paymentMethod": "Credit/Debit Card",
        "description": "INTER PARTES REVIEW REQUEST FEE - UP TO 20 CLAIMS",
        "feeCode": "1406",
        "quantity": "1",
        "feeAmount": "19000",
        "feeTotal": "19000.00"
    },
    {
        "party": "PETITIONER",
        "transactionDate": "1633579200000",
        "transactionId": "E202107M49231966",
        "paymentMethod": "Credit/Debit Card",
        "description": "INTER PARTES REVIEW REQUEST FEE - UP TO 20 CLAIMS",
        "feeCode": "1406",
        "quantity": "1",
        "feeAmount": "19000",
        "feeTotal": "19000.00"
    },
    {
        "party": "PETITIONER",
        "transactionDate": "1633579200000",
        "transactionId": "E202107M52101967",
        "paymentMethod": "Credit/Debit Card",
        "description": "INTER PARTES REVIEW POST-INSTITUTION FEE - UP TO 20 CLAIMS",
        "feeCode": "1414",
        "quantity": "1",
        "feeAmount": "22500",
        "feeTotal": "22500.00"
    }
]