<config xmlns:jsr107="http://www.ehcache.org/v3/jsr107"
		xmlns:xsi="http://www.w3.org/2001/XMLSchema-instance"
		xmlns="http://www.ehcache.org/v3"
		xsi:schemaLocation="http://www.ehcache.org/v3 http://www.ehcache.org/schema/ehcache-core-3.0.xsd">

	<service>
		<jsr107:defaults enable-statistics="true"/>
	</service>

	<cache-template name="default">
		<key-type>java.lang.String</key-type>
		<value-type>java.lang.Object</value-type>
		<expiry>
			<ttl unit="seconds">60000</ttl>
		</expiry>
		<heap unit="entries">100</heap>
	</cache-template>

	<cache alias="org.hibernate.cache.internal.StandardQueryCache">
		<key-type>java.lang.Object</key-type>
		<value-type>java.lang.Object</value-type>
		<expiry>
			<ttl unit="seconds">120</ttl>
		</expiry>
		<heap unit="entries">20</heap>

	</cache>

	<cache alias="org.hibernate.cache.spi.UpdateTimestampsCache">
		<key-type>java.lang.Object</key-type>
		<value-type>java.lang.Object</value-type>
		<expiry>
			<none/>
		</expiry>
		<resources>
			<heap unit="entries">5000</heap>
		</resources>
	</cache>

	<cache alias="CodeReferenceLookup">
		<key-type>java.lang.Object</key-type>
		<value-type>gov.uspto.patent.ptab.domain.CodeReferenceLookup</value-type>
		<expiry>
			<ttl unit="seconds">600</ttl>
		</expiry>
		<listeners>
			<listener>
				<class>gov.uspto.patent.ptab.config.CustomCacheEventLogger</class>
				<event-firing-mode>ASYNCHRONOUS</event-firing-mode>
				<event-ordering-mode>UNORDERED</event-ordering-mode>
				<events-to-fire-on>CREATED</events-to-fire-on>
				<events-to-fire-on>UPDATED</events-to-fire-on>
				<events-to-fire-on>EXPIRED</events-to-fire-on>
				<events-to-fire-on>REMOVED</events-to-fire-on>
				<events-to-fire-on>EVICTED</events-to-fire-on>
			</listener>
		</listeners>
		<resources>
			<heap unit="entries">5000</heap>
		</resources>

	</cache>

	<cache alias="findDescriptionByTypeCodeAndValueTx">
		<expiry>
			<ttl unit="seconds">600000</ttl>
		</expiry>
		<listeners>
			<listener>
				<class>gov.uspto.patent.ptab.config.CustomCacheEventLogger</class>
				<event-firing-mode>ASYNCHRONOUS</event-firing-mode>
				<event-ordering-mode>UNORDERED</event-ordering-mode>
				<events-to-fire-on>CREATED</events-to-fire-on>
				<events-to-fire-on>UPDATED</events-to-fire-on>
				<events-to-fire-on>EXPIRED</events-to-fire-on>
				<events-to-fire-on>REMOVED</events-to-fire-on>
				<events-to-fire-on>EVICTED</events-to-fire-on>
			</listener>
		</listeners>
		<resources>
			<heap unit="entries">5000</heap>
		</resources>

	</cache>

	<cache alias="getUserFullName">
		<key-type>java.lang.Object</key-type>
		<value-type>java.lang.Object</value-type>
		<expiry>
			<ttl unit="seconds">600000</ttl>
		</expiry>
		<resources>
			<heap unit="entries">5000</heap>
		</resources>

	</cache>

	<cache alias="getTeamIds">
		<key-type>java.lang.Object</key-type>
		<value-type>java.lang.Object</value-type>
		<expiry>
			<ttl unit="seconds">600000</ttl>
		</expiry>
		<resources>
			<heap unit="entries">5000</heap>
		</resources>

	</cache>

	<cache alias="getGroupIds">
		<key-type>java.lang.Object</key-type>
		<value-type>java.lang.Object</value-type>
		<expiry>
			<ttl unit="seconds">600000</ttl>
		</expiry>
		<resources>
			<heap unit="entries">5000</heap>
		</resources>

	</cache>
</config>

