<?xml version="1.0" encoding="UTF-8"?>
<Configuration monitorInterval="30">
    <!-- Place this file at the file system path specified in application.properties -->
    <Appenders>
        <Console name="Console" target="SYSTEM_OUT">
            <PatternLayout
                pattern="%d{MM-dd-yyyy HH:mm:ss} %-5p %c{1}:%L - %m%n" />
        </Console>

        <RollingFile name="RollingFile"
            fileName="/var/log/wildfly/ptactsexternal.log"
            filePattern="/var/log/wildfly/ptactsexternal.log.%i">
            <PatternLayout>
                <pattern>%d{MM-dd-yyyy HH:mm:ss} %-5p %c{1}:%L - %m%n</pattern>
            </PatternLayout>
            <Policies>
                <!-- rollover on startup, daily and when the file reaches 10 MegaBytes -->
                <!-- <OnStartupTriggeringPolicy /> -->
                <SizeBasedTriggeringPolicy
                    size="100 MB" />
                <!-- <TimeBasedTriggeringPolicy /> -->
            </Policies>
            <DefaultRolloverStrategy max="10"/>
        </RollingFile>
    </Appenders>

    <Loggers>
        <!-- LOG everything at TRACE INFO WARN ERROR level -->
        <Root level="INFO">
            <AppenderRef ref="Console" />
            
        </Root>

        <!-- LOG "gov.uspto.opsg.search*" at TRACE level -->
        <Logger name="gov.uspto.patent" level="INFO" additivity="false">
           <AppenderRef ref="RollingFile" />
        </Logger>
    </Loggers>

</Configuration>
