[{
    "headerName": "",
    "field": "",
    "width": 25,
    "minWidth": 25,
    "maxWidth": 25,
    "resizable": false,
    "floatingFilter": false,
    "headerCheckboxSelection": false,
    "cellStyle": {
      "background-color": "#F0F0EE"
    }
  },
  {
    "headerName": "AIA Review #",
    "field": "proceedingNo",
    "width": 130,
    "minWidth": 130,
    "maxWidth": 130,
    "resizable": true,
    "cellRendererFramework": null
  },
  {
    "headerName": "Status",
    "field": "status",
    "width": 130,
    "minWidth": 130,
    "maxWidth": 130,
    "resizable": true
  },
  {
    "headerName": "Petition Submission Date",
    "field": "submittedDateStr",
    "width": 190,
    "minWidth": 190,
    "maxWidth": 190,
    "resizable": true,
    "comparator": null,
    "headerCheckboxSelection": false,
    "tooltipField": "Date submitted",
    "sort": "asc",
    "type": "timestamp"
  },
  {
    "headerName": "Petitioner",
    "field": "petitioner",
    "width": 175,
    "minWidth": 175,
    "maxWidth": 175,
    "resizable": true
  },
  {
    "headerName": "Application Number",
    "field": "applicationNo",
    "width": 175,
    "minWidth": 175,
    "maxWidth": 175,
    "resizable": true
  },
  {
    "headerName": "Patent Number",
    "field": "patentNo",
    "width": 175,
    "minWidth": 175,
    "maxWidth": 175,
    "resizable": true
  },
  {
    "headerName": "PO / Respondent",
    "field": "poPatentNo",
    "width": 175,
    "minWidth": 175,
    "maxWidth": 175,
    "resizable": true
  },
  {
    "headerName": "PO / Respondent Tech Center",
    "field": "poTechCenter",
    "width": 175,
    "minWidth": 175,
    "maxWidth": 175,
    "resizable": true
  },
  {
    "headerName": "Judge Panel",
    "field": "judgePanel",
    "width": 175,
    "minWidth": 175,
    "maxWidth": 175,
    "resizable": true
  }
]
