[{
    "headerName": "",
    "field": "",
    "width": 25,
    "minWidth": 25,
    "maxWidth": 25,
    "resizable": false,
    "floatingFilter": false,
    "headerCheckboxSelection": false,
    "cellStyle": {
      "background-color": "#F0F0EE"
    }
  },
  {
    "headerName": "AIA Review #",
    "field": "proceedingNo",
    "width": 130,
    "minWidth": 130,
    "maxWidth": 130,
    "resizable": true,
    "cellRendererFramework": null
  },
  {
    "headerName": "Filing Date",
    "field": "filingDate",
    "width": 130,
    "minWidth": 130,
    "maxWidth": 130,
    "resizable": true,
    "type": "date"
  },
  {
    "headerName": "Petitioner",
    "field": "petitioner",
    "width": 175,
    "minWidth": 175,
    "maxWidth": 175,
    "resizable": true
  },
  {
    "headerName": "Application Number",
    "field": "applicationNo",
    "width": 175,
    "minWidth": 175,
    "maxWidth": 175,
    "resizable": true
  },
  {
    "headerName": "Patent Number",
    "field": "patentNo",
    "width": 175,
    "minWidth": 175,
    "maxWidth": 175,
    "resizable": true
  },
  {
    "headerName": "Patent Owner / Respondent",
    "field": "poRespondent",
    "width": 175,
    "minWidth": 175,
    "maxWidth": 175,
    "resizable": true
  },
  {
    "headerName": "Invention Title",
    "field": "inventionTitle",
    "width": 175,
    "minWidth": 175,
    "maxWidth": 175,
    "resizable": true
  },
  {
    "headerName": "Inventor",
    "field": "inventor",
    "width": 175,
    "minWidth": 175,
    "maxWidth": 175,
    "resizable": true
  }
]
