{
    "applications": [
        {
            "name": "DSRS",
            "services": [
                {
                    "name": "Blue",
                    "id": "gov-cms-hc-dsrs-<%=env%>-blue-config",
                    "serviceName": "Blue",
                    "s3BucketName": "gov-cms-hc-dsrs-<%=env%>-blue-config",
                    "environments": [
                        {
                            "env": "test0",
                            "label": "Test 0",
                            "active_bucket_color": "blue"
                        },
                        {
                            "env": "test1",
                            "label": "Test 1",
                            "active_bucket_color": "blue"
                        },
                        {
                            "env": "test2",
                            "label": "Test 2",
                            "active_bucket_color": "blue"
                        },
                        {
                            "env": "test3",
                            "label": "Test 3",
                            "active_bucket_color": "green"
                        },
                        {
                            "env": "test4",
                            "label": "Test 4",
                            "active_bucket_color": "blue"
                        },
                        {
                            "env": "test5",
                            "label": "Test 5",
                            "active_bucket_color": "blue"
                        },
                        {
                            "env": "testpe",
                            "label": "Test PE"
                        },
                        {
                            "env": "testpe1",
                            "label": "Test PE1",
                            "active_bucket_color": "green"
                        }
                    ],
                    "prefix": "",
                    "subFolders": []
                },
                {
                    "name": "Green",
                    "id": "gov-cms-hc-dsrs-<%=env%>-green-config",
                    "serviceName": "Green",
                    "s3BucketName": "gov-cms-hc-dsrs-<%=env%>-green-config",
                    "environments": [
                        {
                            "env": "test0",
                            "label": "Test 0",
                            "active_bucket_color": "blue"
                        },
                        {
                            "env": "test1",
                            "label": "Test 1",
                            "active_bucket_color": "blue"
                        },
                        {
                            "env": "test2",
                            "label": "Test 2",
                            "active_bucket_color": "blue"
                        },
                        {
                            "env": "test3",
                            "label": "Test 3",
                            "active_bucket_color": "green"
                        },
                        {
                            "env": "test4",
                            "label": "Test 4",
                            "active_bucket_color": "blue"
                        },
                        {
                            "env": "test5",
                            "label": "Test 5",
                            "active_bucket_color": "blue"
                        },
                        {
                            "env": "testpe",
                            "label": "Test PE"
                        },
                        {
                            "env": "testpe1",
                            "label": "Test PE1",
                            "active_bucket_color": "green"
                        }
                    ],
                    "prefix": "",
                    "subFolders": []
                }
            ]
        },
        {
            "name": "SES",
            "services": [
                {
                    "name": "Blue",
                    "id": "gov-cms-hc-ses-<%=env%>-blue-config",
                    "serviceName": "Blue",
                    "s3BucketName": "gov-cms-hc-ses-<%=env%>-blue-config",
                    "environments": [
                        {
                            "env": "test0",
                            "label": "Test 0",
                            "active_bucket_color": "green"
                        },
                        {
                            "env": "test1",
                            "label": "Test 1",
                            "active_bucket_color": "blue"
                        },
                        {
                            "env": "test2",
                            "label": "Test 2",
                            "active_bucket_color": "green"
                        },
                        {
                            "env": "test3",
                            "label": "Test 3",
                            "active_bucket_color": "blue"
                        },
                        {
                            "env": "test4",
                            "label": "Test 4",
                            "active_bucket_color": "blue"
                        },
                        {
                            "env": "test5",
                            "label": "Test 5",
                            "active_bucket_color": "blue"
                        },
                        {
                            "env": "testpe",
                            "label": "Test PE"
                        },
                        {
                            "env": "testpe1",
                            "label": "Test PE1",
                            "active_bucket_color": "green"
                        }
                    ],
                    "prefix": "",
                    "subFolders": []
                },
                {
                    "name": "Green",
                    "id": "gov-cms-hc-ses-<%=env%>-green-config",
                    "serviceName": "Green",
                    "s3BucketName": "gov-cms-hc-ses-<%=env%>-green-config",
                    "environments": [
                        {
                            "env": "test0",
                            "label": "Test 0",
                            "active_bucket_color": "green"
                        },
                        {
                            "env": "test1",
                            "label": "Test 1",
                            "active_bucket_color": "blue"
                        },
                        {
                            "env": "test2",
                            "label": "Test 2",
                            "active_bucket_color": "green"
                        },
                        {
                            "env": "test3",
                            "label": "Test 3",
                            "active_bucket_color": "blue"
                        },
                        {
                            "env": "test4",
                            "label": "Test 4",
                            "active_bucket_color": "blue"
                        },
                        {
                            "env": "test5",
                            "label": "Test 5",
                            "active_bucket_color": "blue"
                        },
                        {
                            "env": "testpe",
                            "label": "Test PE"
                        },
                        {
                            "env": "testpe1",
                            "label": "Test PE1",
                            "active_bucket_color": "green"
                        }
                    ],
                    "prefix": "",
                    "subFolders": []
                }
            ]
        },
        {
            "name": "BPC",
            "services": [
                {
                    "name": "Blue",
                    "id": "gov-cms-hc-bpc-<%=env%>-blue-config",
                    "serviceName": "Blue",
                    "s3BucketName": "gov-cms-hc-bpc-<%=env%>-blue-config",
                    "environments": [
                        {
                            "env": "test0",
                            "label": "Test 0",
                            "active_bucket_color": "blue"
                        },
                        {
                            "env": "test1",
                            "label": "Test 1",
                            "active_bucket_color": "blue"
                        },
                        {
                            "env": "test2",
                            "label": "Test 2",
                            "active_bucket_color": "green"
                        },
                        {
                            "env": "test3",
                            "label": "Test 3",
                            "active_bucket_color": "green"
                        },
                        {
                            "env": "test4",
                            "label": "Test 4",
                            "active_bucket_color": "green"
                        },
                        {
                            "env": "test5",
                            "label": "Test 5",
                            "active_bucket_color": "blue"
                        },
                        {
                            "env": "testpe",
                            "label": "Test PE"
                        },
                        {
                            "env": "testpe1",
                            "label": "Test PE1",
                            "active_bucket_color": "blue"
                        }
                    ],
                    "prefix": "",
                    "subFolders": []
                },
                {
                    "name": "Green",
                    "id": "gov-cms-hc-bpc-<%=env%>-green-config",
                    "serviceName": "Green",
                    "s3BucketName": "gov-cms-hc-bpc-<%=env%>-green-config",
                    "environments": [
                        {
                            "env": "test0",
                            "label": "Test 0",
                            "active_bucket_color": "blue"
                        },
                        {
                            "env": "test1",
                            "label": "Test 1",
                            "active_bucket_color": "blue"
                        },
                        {
                            "env": "test2",
                            "label": "Test 2",
                            "active_bucket_color": "green"
                        },
                        {
                            "env": "test3",
                            "label": "Test 3",
                            "active_bucket_color": "green"
                        },
                        {
                            "env": "test4",
                            "label": "Test 4",
                            "active_bucket_color": "green"
                        },
                        {
                            "env": "test5",
                            "label": "Test 5",
                            "active_bucket_color": "blue"
                        },
                        {
                            "env": "testpe",
                            "label": "Test PE"
                        },
                        {
                            "env": "testpe1",
                            "label": "Test PE1",
                            "active_bucket_color": "blue"
                        }
                    ],
                    "prefix": "",
                    "subFolders": []
                }
            ]
        },
        {
            "name": "MCR",
            "services": [
                {
                    "name": "Blue",
                    "id": "gov-cms-hc-mcr-<%=env%>-blue-config",
                    "serviceName": "Blue",
                    "s3BucketName": "gov-cms-hc-mcr-<%=env%>-blue-config",
                    "environments": [
                        {
                            "env": "test0",
                            "label": "Test 0",
                            "active_bucket_color": "blue"
                        },
                        {
                            "env": "test1",
                            "label": "Test 1",
                            "active_bucket_color": "blue"
                        },
                        {
                            "env": "test2",
                            "label": "Test 2",
                            "active_bucket_color": "green"
                        },
                        {
                            "env": "test3",
                            "label": "Test 3",
                            "active_bucket_color": "blue"
                        },
                        {
                            "env": "test4",
                            "label": "Test 4",
                            "active_bucket_color": "blue"
                        },
                        {
                            "env": "test5",
                            "label": "Test 5",
                            "active_bucket_color": "green"
                        },
                        {
                            "env": "testpe",
                            "label": "Test PE"
                        },
                        {
                            "env": "testpe1",
                            "label": "Test PE1",
                            "active_bucket_color": "blue"
                        }
                    ],
                    "prefix": "",
                    "subFolders": []
                },
                {
                    "name": "Green",
                    "id": "gov-cms-hc-mcr-<%=env%>-green-config",
                    "serviceName": "Green",
                    "s3BucketName": "gov-cms-hc-mcr-<%=env%>-green-config",
                    "environments": [
                        {
                            "env": "test0",
                            "label": "Test 0",
                            "active_bucket_color": "blue"
                        },
                        {
                            "env": "test1",
                            "label": "Test 1",
                            "active_bucket_color": "blue"
                        },
                        {
                            "env": "test2",
                            "label": "Test 2",
                            "active_bucket_color": "green"
                        },
                        {
                            "env": "test3",
                            "label": "Test 3",
                            "active_bucket_color": "blue"
                        },
                        {
                            "env": "test4",
                            "label": "Test 4",
                            "active_bucket_color": "blue"
                        },
                        {
                            "env": "test5",
                            "label": "Test 5",
                            "active_bucket_color": "green"
                        },
                        {
                            "env": "testpe",
                            "label": "Test PE"
                        },
                        {
                            "env": "testpe1",
                            "label": "Test PE1",
                            "active_bucket_color": "blue"
                        }
                    ],
                    "prefix": "",
                    "subFolders": []
                }
            ]
        },
        {
            "name": "IES",
            "services": [
                {
                    "name": "Blue",
                    "id": "gov-cms-hc-ies-<%=env%>-blue-config",
                    "serviceName": "Blue",
                    "s3BucketName": "gov-cms-hc-ies-<%=env%>-blue-config",
                    "environments": [
                        {
                            "env": "test0",
                            "label": "Test 0",
                            "active_bucket_color": "green"
                        },
                        {
                            "env": "test1",
                            "label": "Test 1",
                            "active_bucket_color": "green"
                        },
                        {
                            "env": "test2",
                            "label": "Test 2",
                            "active_bucket_color": "green"
                        },
                        {
                            "env": "test3",
                            "label": "Test 3",
                            "active_bucket_color": "blue"
                        },
                        {
                            "env": "test4",
                            "label": "Test 4",
                            "active_bucket_color": "blue"
                        },
                        {
                            "env": "test5",
                            "label": "Test 5",
                            "active_bucket_color": "green"
                        },
                        {
                            "env": "testpe",
                            "label": "Test PE"
                        },
                        {
                            "env": "testpe1",
                            "label": "Test PE1",
                            "active_bucket_color": "blue"
                        }
                    ],
                    "prefix": "",
                    "subFolders": []
                },
                {
                    "name": "Green",
                    "id": "gov-cms-hc-ies-<%=env%>-green-config",
                    "serviceName": "Green",
                    "s3BucketName": "gov-cms-hc-ies-<%=env%>-green-config",
                    "environments": [
                        {
                            "env": "test0",
                            "label": "Test 0",
                            "active_bucket_color": "green"
                        },
                        {
                            "env": "test1",
                            "label": "Test 1",
                            "active_bucket_color": "green"
                        },
                        {
                            "env": "test2",
                            "label": "Test 2",
                            "active_bucket_color": "green"
                        },
                        {
                            "env": "test3",
                            "label": "Test 3",
                            "active_bucket_color": "blue"
                        },
                        {
                            "env": "test4",
                            "label": "Test 4",
                            "active_bucket_color": "blue"
                        },
                        {
                            "env": "test5",
                            "label": "Test 5",
                            "active_bucket_color": "green"
                        },
                        {
                            "env": "testpe",
                            "label": "Test PE"
                        },
                        {
                            "env": "testpe1",
                            "label": "Test PE1",
                            "active_bucket_color": "blue"
                        }
                    ],
                    "prefix": "",
                    "subFolders": []
                }
            ]
        }
    ]
}