{
    "folderItems": [
        {
            "s3Key": "ffm-ies-app-svcs.xml",
            "id": "gov-cms-hc-ies-test2-blue-config/ffm-ies-app-svcs.xml",
            "name": "ffm-ies-app-svcs.xml",
            "serviceName": "Blue",
            "prefix": "",
            "fileType": "xml",
            "fileExtension": ".xml",
            "lastModified": "2022-04-21T22:14:19.000Z",
            "size": 6254
        },
        {
            "s3Key": "sync-application-configurations.service",
            "id": "gov-cms-hc-ies-test2-blue-config/sync-application-configurations.service",
            "name": "sync-application-configurations.service",
            "serviceName": "Blue",
            "prefix": "",
            "fileType": "service",
            "fileExtension": ".service",
            "lastModified": "2022-04-21T22:14:20.000Z",
            "size": 219
        },
        {
            "s3Key": "sync-application-configurations.timer",
            "id": "gov-cms-hc-ies-test2-blue-config/sync-application-configurations.timer",
            "name": "sync-application-configurations.timer",
            "serviceName": "Blue",
            "prefix": "",
            "fileType": "timer",
            "fileExtension": ".timer",
            "lastModified": "2022-04-21T22:14:20.000Z",
            "size": 125
        },
        {
            "s3Key": "td-agent.service",
            "id": "gov-cms-hc-ies-test2-blue-config/td-agent.service",
            "name": "td-agent.service",
            "serviceName": "Blue",
            "prefix": "",
            "fileType": "service",
            "fileExtension": ".service",
            "lastModified": "2022-04-21T22:14:20.000Z",
            "size": 1104
        },
        {
            "prefix": "apigateway/",
            "id": "gov-cms-hc-ies-test2-blue-config/apigateway/",
            "name": "apigateway/",
            "serviceName": "Blue",
            "lastModified": null,
            "size": 0,
            "subFolders": []
        },
        {
            "prefix": "ies-application/",
            "id": "gov-cms-hc-ies-test2-blue-config/ies-application/",
            "name": "ies-application/",
            "serviceName": "Blue",
            "lastModified": null,
            "size": 0,
            "subFolders": []
        },
        {
            "prefix": "ies-kafka/",
            "id": "gov-cms-hc-ies-test2-blue-config/ies-kafka/",
            "name": "ies-kafka/",
            "serviceName": "Blue",
            "lastModified": null,
            "size": 0,
            "subFolders": []
        },
        {
            "prefix": "td-agent/",
            "id": "gov-cms-hc-ies-test2-blue-config/td-agent/",
            "name": "td-agent/",
            "serviceName": "Blue",
            "lastModified": null,
            "size": 0,
            "subFolders": []
        }
    ]
}