{
  "login": "http://localhost:9090/login",
  "logout": "http://localhost:8081/logout",
  "environment": "http://localhost:8081/environment",
  "updatePassword": "http://localhost:9090/change-password",
  "resetPassword": "http://localhost:9090/reset-password",
  "services": "http://localhost:8081/services",
  "request": "http://localhost:8081/request",
  "refDataRequest": "http://localhost:8081/ref-data-request",
  "refDataTemplatedQueryRequest": "http://localhost:8081/ref-data-templated-query-request",
  "tlSearch": "http://localhost:8081/tl-search",
  "history": "http://localhost:8081/user-query-history",
  "completeTotpSetup": "http://localhost:8081/complete-totp-setup",
  "validateTotpCode": "http://localhost:8081/validate-totp-code",
  "refDataServices": "http://localhost:8081/ref-data-services",
  "logRefDataRequest": "http://localhost:8081/log-ref-data-request",
  "capabilities": "http://localhost:8081/capabilities",
  "appConfigServices": "http://localhost:8081/app_config_services",
  "s3FolderItems": "http://localhost:8081/s3_folder_items",
  "s3FileData": "http://localhost:8081/s3_file_data"
}
