{
    "results": [
        {
            "job_instance_id": "1373",
            "job_name": "PrintNoticeZippingJob",
            "job_key": "3558849b0290033bf59d98f157a83920",
            "job_execution_id": "1373",
            "create_time": "2025-02-20T16:03:21.739Z",
            "start_time": "2025-02-20T16:03:21.793Z",
            "end_time": "2025-02-20T16:03:37.740Z",
            "last_updated_time": "2025-02-20T16:03:37.797Z",
            "status": "COMPLETED",
            "exit_code": "COMPLETED",
            "exit_message": "",
            "execution_params": [
                {
                    "parameter_name": "jobName",
                    "parameter_type": "java.lang.String",
                    "parameter_value": "PrintNoticeZippingJob"
                },
                {
                    "parameter_name": "executionTime",
                    "parameter_type": "java.lang.Long",
                    "parameter_value": "1740085401664"
                },
                {
                    "parameter_name": "printVendor",
                    "parameter_type": "java.lang.String",
                    "parameter_value": "PV1"
                }
            ]
        },
        {
            "job_instance_id": "1371",
            "job_name": "PrintNoticeZippingJob",
            "job_key": "4ffb19112bf1c5b30acc6d1db91aaccd",
            "job_execution_id": "1371",
            "create_time": "2025-02-20T15:53:48.851Z",
            "start_time": "2025-02-20T15:53:48.906Z",
            "end_time": "2025-02-20T15:56:06.408Z",
            "last_updated_time": "2025-02-20T15:56:06.865Z",
            "status": "COMPLETED",
            "exit_code": "COMPLETED",
            "exit_message": "",
            "execution_params": [
                {
                    "parameter_name": "jobName",
                    "parameter_type": "java.lang.String",
                    "parameter_value": "PrintNoticeZippingJob"
                },
                {
                    "parameter_name": "executionTime",
                    "parameter_type": "java.lang.Long",
                    "parameter_value": "1740084828765"
                },
                {
                    "parameter_name": "printVendor",
                    "parameter_type": "java.lang.String",
                    "parameter_value": "PV1"
                }
            ]
        },
        {
            "job_instance_id": "1368",
            "job_name": "PrintNoticeZippingJob",
            "job_key": "59e3417b1875f771b179f3e5de973555",
            "job_execution_id": "1368",
            "create_time": "2025-02-20T15:47:21.906Z",
            "start_time": "2025-02-20T15:47:21.963Z",
            "end_time": "2025-02-20T15:47:38.947Z",
            "last_updated_time": "2025-02-20T15:47:38.989Z",
            "status": "COMPLETED",
            "exit_code": "COMPLETED",
            "exit_message": "",
            "execution_params": [
                {
                    "parameter_name": "jobName",
                    "parameter_type": "java.lang.String",
                    "parameter_value": "PrintNoticeZippingJob"
                },
                {
                    "parameter_name": "executionTime",
                    "parameter_type": "java.lang.Long",
                    "parameter_value": "1740084441820"
                },
                {
                    "parameter_name": "printVendor",
                    "parameter_type": "java.lang.String",
                    "parameter_value": "PV2"
                }
            ]
        },
        {
            "job_instance_id": "1311",
            "job_name": "PrintNoticeZippingJob",
            "job_key": "140d2a3357b4fd47deec0ec10de3c8bf",
            "job_execution_id": "1311",
            "create_time": "2025-02-19T17:35:09.091Z",
            "start_time": "2025-02-19T17:35:09.141Z",
            "end_time": "2025-02-19T17:35:13.606Z",
            "last_updated_time": "2025-02-19T17:35:13.639Z",
            "status": "COMPLETED",
            "exit_code": "COMPLETED",
            "exit_message": "",
            "execution_params": [
                {
                    "parameter_name": "jobName",
                    "parameter_type": "java.lang.String",
                    "parameter_value": "PrintNoticeZippingJob"
                },
                {
                    "parameter_name": "executionTime",
                    "parameter_type": "java.lang.Long",
                    "parameter_value": "1740004509013"
                },
                {
                    "parameter_name": "printVendor",
                    "parameter_type": "java.lang.String",
                    "parameter_value": "PV2"
                }
            ]
        },
        {
            "job_instance_id": "1305",
            "job_name": "PrintNoticeZippingJob",
            "job_key": "8696e475fe5695ad44bfceabb95bc37e",
            "job_execution_id": "1305",
            "create_time": "2025-02-19T17:30:22.663Z",
            "start_time": "2025-02-19T17:30:22.721Z",
            "end_time": "2025-02-19T17:30:27.649Z",
            "last_updated_time": "2025-02-19T17:30:27.681Z",
            "status": "COMPLETED",
            "exit_code": "COMPLETED",
            "exit_message": "",
            "execution_params": [
                {
                    "parameter_name": "jobName",
                    "parameter_type": "java.lang.String",
                    "parameter_value": "PrintNoticeZippingJob"
                },
                {
                    "parameter_name": "executionTime",
                    "parameter_type": "java.lang.Long",
                    "parameter_value": "1740004222573"
                },
                {
                    "parameter_name": "printVendor",
                    "parameter_type": "java.lang.String",
                    "parameter_value": "PV1"
                }
            ]
        },
        {
            "job_instance_id": "1304",
            "job_name": "PrintNoticeZippingJob",
            "job_key": "44af6507f08a7d4ddc6918e5cb5296c8",
            "job_execution_id": "1304",
            "create_time": "2025-02-19T17:14:13.509Z",
            "start_time": "2025-02-19T17:14:13.570Z",
            "end_time": "2025-02-19T17:14:14.547Z",
            "last_updated_time": "2025-02-19T17:14:14.584Z",
            "status": "COMPLETED",
            "exit_code": "COMPLETED",
            "exit_message": "",
            "execution_params": [
                {
                    "parameter_name": "jobName",
                    "parameter_type": "java.lang.String",
                    "parameter_value": "PrintNoticeZippingJob"
                },
                {
                    "parameter_name": "executionTime",
                    "parameter_type": "java.lang.Long",
                    "parameter_value": "1740003253424"
                },
                {
                    "parameter_name": "printVendor",
                    "parameter_type": "java.lang.String",
                    "parameter_value": "PV1"
                }
            ]
        },
        {
            "job_instance_id": "1303",
            "job_name": "PrintNoticeZippingJob",
            "job_key": "cf22a608e65f204ae7ff5adb20f2d521",
            "job_execution_id": "1303",
            "create_time": "2025-02-19T16:24:56.629Z",
            "start_time": "2025-02-19T16:24:56.693Z",
            "end_time": "2025-02-19T16:24:57.749Z",
            "last_updated_time": "2025-02-19T16:24:57.792Z",
            "status": "COMPLETED",
            "exit_code": "COMPLETED",
            "exit_message": "",
            "execution_params": [
                {
                    "parameter_name": "jobName",
                    "parameter_type": "java.lang.String",
                    "parameter_value": "PrintNoticeZippingJob"
                },
                {
                    "parameter_name": "executionTime",
                    "parameter_type": "java.lang.Long",
                    "parameter_value": "1740000296525"
                },
                {
                    "parameter_name": "printVendor",
                    "parameter_type": "java.lang.String",
                    "parameter_value": "PV1"
                }
            ]
        },
        {
            "job_instance_id": "1302",
            "job_name": "PrintNoticeZippingJob",
            "job_key": "63f5b840b6f8f72b6f6834e50c707366",
            "job_execution_id": "1302",
            "create_time": "2025-02-19T16:20:50.910Z",
            "start_time": "2025-02-19T16:20:50.969Z",
            "end_time": "2025-02-19T16:20:52.064Z",
            "last_updated_time": "2025-02-19T16:20:52.106Z",
            "status": "COMPLETED",
            "exit_code": "COMPLETED",
            "exit_message": "",
            "execution_params": [
                {
                    "parameter_name": "jobName",
                    "parameter_type": "java.lang.String",
                    "parameter_value": "PrintNoticeZippingJob"
                },
                {
                    "parameter_name": "executionTime",
                    "parameter_type": "java.lang.Long",
                    "parameter_value": "1740000050806"
                },
                {
                    "parameter_name": "printVendor",
                    "parameter_type": "java.lang.String",
                    "parameter_value": "PV1"
                }
            ]
        },
        {
            "job_instance_id": "1301",
            "job_name": "PrintNoticeZippingJob",
            "job_key": "1640c3bd72a7d8a9965680d3b9892fd1",
            "job_execution_id": "1301",
            "create_time": "2025-02-19T16:19:32.635Z",
            "start_time": "2025-02-19T16:19:32.713Z",
            "end_time": "2025-02-19T16:19:33.780Z",
            "last_updated_time": "2025-02-19T16:19:33.841Z",
            "status": "COMPLETED",
            "exit_code": "COMPLETED",
            "exit_message": "",
            "execution_params": [
                {
                    "parameter_name": "jobName",
                    "parameter_type": "java.lang.String",
                    "parameter_value": "PrintNoticeZippingJob"
                },
                {
                    "parameter_name": "executionTime",
                    "parameter_type": "java.lang.Long",
                    "parameter_value": "1739999972549"
                },
                {
                    "parameter_name": "printVendor",
                    "parameter_type": "java.lang.String",
                    "parameter_value": "PV1"
                }
            ]
        },
        {
            "job_instance_id": "1299",
            "job_name": "PrintNoticeZippingJob",
            "job_key": "d6e23eb93b0db2a3537b4bc70506b475",
            "job_execution_id": "1299",
            "create_time": "2025-02-19T16:08:08.686Z",
            "start_time": "2025-02-19T16:08:08.742Z",
            "end_time": "2025-02-19T16:08:09.664Z",
            "last_updated_time": "2025-02-19T16:08:09.708Z",
            "status": "COMPLETED",
            "exit_code": "COMPLETED",
            "exit_message": "",
            "execution_params": [
                {
                    "parameter_name": "jobName",
                    "parameter_type": "java.lang.String",
                    "parameter_value": "PrintNoticeZippingJob"
                },
                {
                    "parameter_name": "executionTime",
                    "parameter_type": "java.lang.Long",
                    "parameter_value": "1739999288606"
                },
                {
                    "parameter_name": "printVendor",
                    "parameter_type": "java.lang.String",
                    "parameter_value": "PV1"
                }
            ]
        },
        {
            "job_instance_id": "1286",
            "job_name": "PrintNoticeZippingJob",
            "job_key": "080cbc9ee9aea289664ef2967108f403",
            "job_execution_id": "1286",
            "create_time": "2025-02-19T13:37:37.966Z",
            "start_time": "2025-02-19T13:37:38.023Z",
            "end_time": "2025-02-19T13:37:38.924Z",
            "last_updated_time": "2025-02-19T13:37:38.962Z",
            "status": "COMPLETED",
            "exit_code": "COMPLETED",
            "exit_message": "",
            "execution_params": [
                {
                    "parameter_name": "executionTime",
                    "parameter_type": "java.lang.Long",
                    "parameter_value": "1739990257874"
                },
                {
                    "parameter_name": "printVendor",
                    "parameter_type": "java.lang.String",
                    "parameter_value": "PV1"
                }
            ]
        },
        {
            "job_instance_id": "1280",
            "job_name": "PrintNoticeZippingJob",
            "job_key": "2d302b2b22c737c4e71b44defa9f8306",
            "job_execution_id": "1280",
            "create_time": "2025-02-19T12:57:10.266Z",
            "start_time": "2025-02-19T12:57:10.345Z",
            "end_time": "2025-02-19T12:57:11.429Z",
            "last_updated_time": "2025-02-19T12:57:11.489Z",
            "status": "COMPLETED",
            "exit_code": "COMPLETED",
            "exit_message": "",
            "execution_params": [
                {
                    "parameter_name": "jobName",
                    "parameter_type": "java.lang.String",
                    "parameter_value": "PrintNoticeZippingJob"
                },
                {
                    "parameter_name": "executionTime",
                    "parameter_type": "java.lang.Long",
                    "parameter_value": "1739987830169"
                },
                {
                    "parameter_name": "printVendor",
                    "parameter_type": "java.lang.String",
                    "parameter_value": "PV1"
                }
            ]
        },
        {
            "job_instance_id": "1278",
            "job_name": "PrintNoticeZippingJob",
            "job_key": "806d50f4be2fd5267b017c247323d891",
            "job_execution_id": "1278",
            "create_time": "2025-02-19T09:36:06.158Z",
            "start_time": "2025-02-19T09:36:06.216Z",
            "end_time": "2025-02-19T09:36:07.204Z",
            "last_updated_time": "2025-02-19T09:36:07.247Z",
            "status": "COMPLETED",
            "exit_code": "COMPLETED",
            "exit_message": "",
            "execution_params": [
                {
                    "parameter_name": "jobName",
                    "parameter_type": "java.lang.String",
                    "parameter_value": "PrintNoticeZippingJob"
                },
                {
                    "parameter_name": "executionTime",
                    "parameter_type": "java.lang.Long",
                    "parameter_value": "1739975766041"
                },
                {
                    "parameter_name": "printVendor",
                    "parameter_type": "java.lang.String",
                    "parameter_value": "PV1"
                }
            ]
        },
        {
            "job_instance_id": "1269",
            "job_name": "PrintNoticeZippingJob",
            "job_key": "c7afb154056a6b0db31aea52e6485b19",
            "job_execution_id": "1269",
            "create_time": "2025-02-18T13:35:49.580Z",
            "start_time": "2025-02-18T13:35:49.636Z",
            "end_time": "2025-02-18T13:35:50.652Z",
            "last_updated_time": "2025-02-18T13:35:50.700Z",
            "status": "COMPLETED",
            "exit_code": "COMPLETED",
            "exit_message": "",
            "execution_params": [
                {
                    "parameter_name": "jobName",
                    "parameter_type": "java.lang.String",
                    "parameter_value": "PrintNoticeZippingJob"
                },
                {
                    "parameter_name": "executionTime",
                    "parameter_type": "java.lang.Long",
                    "parameter_value": "1739903749502"
                },
                {
                    "parameter_name": "printVendor",
                    "parameter_type": "java.lang.String",
                    "parameter_value": "PV1"
                }
            ]
        },
        {
            "job_instance_id": "1268",
            "job_name": "PrintNoticeZippingJob",
            "job_key": "d72d7935d9f17642e89aeebeb1d121bf",
            "job_execution_id": "1268",
            "create_time": "2025-02-18T13:35:29.549Z",
            "start_time": "2025-02-18T13:35:29.599Z",
            "end_time": "2025-02-18T13:35:30.478Z",
            "last_updated_time": "2025-02-18T13:35:30.531Z",
            "status": "COMPLETED",
            "exit_code": "COMPLETED",
            "exit_message": "",
            "execution_params": [
                {
                    "parameter_name": "jobName",
                    "parameter_type": "java.lang.String",
                    "parameter_value": "PrintNoticeZippingJob"
                },
                {
                    "parameter_name": "executionTime",
                    "parameter_type": "java.lang.Long",
                    "parameter_value": "1739903729476"
                },
                {
                    "parameter_name": "printVendor",
                    "parameter_type": "java.lang.String",
                    "parameter_value": "PV1"
                }
            ]
        },
        {
            "job_instance_id": "1267",
            "job_name": "PrintNoticeZippingJob",
            "job_key": "a9ffd62441b80511c2fbd193ed6e154c",
            "job_execution_id": "1267",
            "create_time": "2025-02-18T13:34:20.714Z",
            "start_time": "2025-02-18T13:34:20.771Z",
            "end_time": "2025-02-18T13:34:21.742Z",
            "last_updated_time": "2025-02-18T13:34:21.796Z",
            "status": "COMPLETED",
            "exit_code": "COMPLETED",
            "exit_message": "",
            "execution_params": [
                {
                    "parameter_name": "jobName",
                    "parameter_type": "java.lang.String",
                    "parameter_value": "PrintNoticeZippingJob"
                },
                {
                    "parameter_name": "executionTime",
                    "parameter_type": "java.lang.Long",
                    "parameter_value": "1739903660630"
                },
                {
                    "parameter_name": "printVendor",
                    "parameter_type": "java.lang.String",
                    "parameter_value": "PV1"
                }
            ]
        },
        {
            "job_instance_id": "1266",
            "job_name": "PrintNoticeZippingJob",
            "job_key": "0f129fea57f4a600ea645f91c87cf263",
            "job_execution_id": "1266",
            "create_time": "2025-02-18T13:33:18.327Z",
            "start_time": "2025-02-18T13:33:18.390Z",
            "end_time": "2025-02-18T13:33:19.303Z",
            "last_updated_time": "2025-02-18T13:33:19.347Z",
            "status": "COMPLETED",
            "exit_code": "COMPLETED",
            "exit_message": "",
            "execution_params": [
                {
                    "parameter_name": "jobName",
                    "parameter_type": "java.lang.String",
                    "parameter_value": "PrintNoticeZippingJob"
                },
                {
                    "parameter_name": "executionTime",
                    "parameter_type": "java.lang.Long",
                    "parameter_value": "1739903598234"
                },
                {
                    "parameter_name": "printVendor",
                    "parameter_type": "java.lang.String",
                    "parameter_value": "PV2"
                }
            ]
        },
        {
            "job_instance_id": "1251",
            "job_name": "PrintNoticeZippingJob",
            "job_key": "9613257ed7186f3b10f04babcf3a01fb",
            "job_execution_id": "1251",
            "create_time": "2025-02-14T17:44:53.724Z",
            "start_time": "2025-02-14T17:44:53.779Z",
            "end_time": "2025-02-14T17:44:54.677Z",
            "last_updated_time": "2025-02-14T17:44:54.719Z",
            "status": "COMPLETED",
            "exit_code": "COMPLETED",
            "exit_message": "",
            "execution_params": [
                {
                    "parameter_name": "jobName",
                    "parameter_type": "java.lang.String",
                    "parameter_value": "PrintNoticeZippingJob"
                },
                {
                    "parameter_name": "executionTime",
                    "parameter_type": "java.lang.Long",
                    "parameter_value": "1739573093652"
                },
                {
                    "parameter_name": "printVendor",
                    "parameter_type": "java.lang.String",
                    "parameter_value": "PV2"
                }
            ]
        },
        {
            "job_instance_id": "1250",
            "job_name": "PrintNoticeZippingJob",
            "job_key": "33edd8835b4bfef0ff3537208a7f7362",
            "job_execution_id": "1250",
            "create_time": "2025-02-14T17:42:31.495Z",
            "start_time": "2025-02-14T17:42:31.552Z",
            "end_time": "2025-02-14T17:42:32.494Z",
            "last_updated_time": "2025-02-14T17:42:32.550Z",
            "status": "COMPLETED",
            "exit_code": "COMPLETED",
            "exit_message": "",
            "execution_params": [
                {
                    "parameter_name": "jobName",
                    "parameter_type": "java.lang.String",
                    "parameter_value": "PrintNoticeZippingJob"
                },
                {
                    "parameter_name": "executionTime",
                    "parameter_type": "java.lang.Long",
                    "parameter_value": "1739572951404"
                },
                {
                    "parameter_name": "printVendor",
                    "parameter_type": "java.lang.String",
                    "parameter_value": "PV1"
                }
            ]
        },
        {
            "job_instance_id": "1249",
            "job_name": "PrintNoticeZippingJob",
            "job_key": "05d953bb6ecaa90b5c0ed0ae35fdae19",
            "job_execution_id": "1249",
            "create_time": "2025-02-14T17:41:59.564Z",
            "start_time": "2025-02-14T17:41:59.627Z",
            "end_time": "2025-02-14T17:42:00.664Z",
            "last_updated_time": "2025-02-14T17:42:00.719Z",
            "status": "COMPLETED",
            "exit_code": "COMPLETED",
            "exit_message": "",
            "execution_params": [
                {
                    "parameter_name": "jobName",
                    "parameter_type": "java.lang.String",
                    "parameter_value": "PrintNoticeZippingJob"
                },
                {
                    "parameter_name": "executionTime",
                    "parameter_type": "java.lang.Long",
                    "parameter_value": "1739572919466"
                },
                {
                    "parameter_name": "printVendor",
                    "parameter_type": "java.lang.String",
                    "parameter_value": "PV1"
                }
            ]
        },
        {
            "job_instance_id": "1245",
            "job_name": "PrintNoticeZippingJob",
            "job_key": "3cdf6e86ee50d145e94232caa817f187",
            "job_execution_id": "1245",
            "create_time": "2025-02-14T17:17:48.187Z",
            "start_time": "2025-02-14T17:17:48.215Z",
            "end_time": "2025-02-14T17:17:48.809Z",
            "last_updated_time": "2025-02-14T17:17:48.840Z",
            "status": "COMPLETED",
            "exit_code": "COMPLETED",
            "exit_message": "",
            "execution_params": [
                {
                    "parameter_name": "jobName",
                    "parameter_type": "java.lang.String",
                    "parameter_value": "PrintNoticeZippingJob"
                },
                {
                    "parameter_name": "executionTime",
                    "parameter_type": "java.lang.Long",
                    "parameter_value": "1739571468137"
                },
                {
                    "parameter_name": "printVendor",
                    "parameter_type": "java.lang.String",
                    "parameter_value": "PV1"
                }
            ]
        },
        {
            "job_instance_id": "1242",
            "job_name": "PrintNoticeZippingJob",
            "job_key": "90f7b1d3727dba3f14c595ecad381073",
            "job_execution_id": "1242",
            "create_time": "2025-02-14T15:36:03.444Z",
            "start_time": "2025-02-14T15:36:03.502Z",
            "end_time": "2025-02-14T15:39:22.482Z",
            "last_updated_time": "2025-02-14T15:39:22.496Z",
            "status": "STOPPED",
            "exit_code": "STOPPED",
            "exit_message": "org.springframework.batch.core.JobInterruptedException",
            "execution_params": [
                {
                    "parameter_name": "jobName",
                    "parameter_type": "java.lang.String",
                    "parameter_value": "PrintNoticeZippingJob"
                },
                {
                    "parameter_name": "executionTime",
                    "parameter_type": "java.lang.Long",
                    "parameter_value": "1739565363367"
                },
                {
                    "parameter_name": "printVendor",
                    "parameter_type": "java.lang.String",
                    "parameter_value": "PV1"
                }
            ]
        },
        {
            "job_instance_id": "1240",
            "job_name": "PrintNoticeZippingJob",
            "job_key": "856376ef893049f20afa9c205121ae62",
            "job_execution_id": "1240",
            "create_time": "2025-02-14T12:49:17.789Z",
            "start_time": "2025-02-14T12:49:17.816Z",
            "end_time": "2025-02-14T12:49:21.814Z",
            "last_updated_time": "2025-02-14T12:49:21.827Z",
            "status": "COMPLETED",
            "exit_code": "COMPLETED",
            "exit_message": "",
            "execution_params": [
                {
                    "parameter_name": "jobName",
                    "parameter_type": "java.lang.String",
                    "parameter_value": "PrintNoticeZippingJob"
                },
                {
                    "parameter_name": "executionTime",
                    "parameter_type": "java.lang.Long",
                    "parameter_value": "1739555357738"
                },
                {
                    "parameter_name": "maxZip",
                    "parameter_type": "java.lang.String",
                    "parameter_value": "4"
                },
                {
                    "parameter_name": "pageZipSize",
                    "parameter_type": "java.lang.String",
                    "parameter_value": "2"
                },
                {
                    "parameter_name": "printVendor",
                    "parameter_type": "java.lang.String",
                    "parameter_value": "PV1"
                }
            ]
        },
        {
            "job_instance_id": "1239",
            "job_name": "PrintNoticeZippingJob",
            "job_key": "c18dacdc18b8f69e94f4baed4366a994",
            "job_execution_id": "1239",
            "create_time": "2025-02-14T12:46:16.285Z",
            "start_time": "2025-02-14T12:46:16.310Z",
            "end_time": "2025-02-14T12:46:23.485Z",
            "last_updated_time": "2025-02-14T12:46:23.496Z",
            "status": "COMPLETED",
            "exit_code": "COMPLETED",
            "exit_message": "",
            "execution_params": [
                {
                    "parameter_name": "jobName",
                    "parameter_type": "java.lang.String",
                    "parameter_value": "PrintNoticeZippingJob"
                },
                {
                    "parameter_name": "executionTime",
                    "parameter_type": "java.lang.Long",
                    "parameter_value": "1739555176238"
                },
                {
                    "parameter_name": "maxZip",
                    "parameter_type": "java.lang.String",
                    "parameter_value": "10"
                },
                {
                    "parameter_name": "pageZipSize",
                    "parameter_type": "java.lang.String",
                    "parameter_value": "2"
                },
                {
                    "parameter_name": "printVendor",
                    "parameter_type": "java.lang.String",
                    "parameter_value": "PV1"
                }
            ]
        },
        {
            "job_instance_id": "1238",
            "job_name": "PrintNoticeZippingJob",
            "job_key": "293dddfd45b5e679f3e7c47de5acc71e",
            "job_execution_id": "1238",
            "create_time": "2025-02-14T12:42:15.658Z",
            "start_time": "2025-02-14T12:42:15.685Z",
            "end_time": "2025-02-14T12:42:17.746Z",
            "last_updated_time": "2025-02-14T12:42:17.762Z",
            "status": "COMPLETED",
            "exit_code": "COMPLETED",
            "exit_message": "",
            "execution_params": [
                {
                    "parameter_name": "jobName",
                    "parameter_type": "java.lang.String",
                    "parameter_value": "PrintNoticeZippingJob"
                },
                {
                    "parameter_name": "executionTime",
                    "parameter_type": "java.lang.Long",
                    "parameter_value": "1739554935611"
                },
                {
                    "parameter_name": "maxZip",
                    "parameter_type": "java.lang.String",
                    "parameter_value": "10"
                },
                {
                    "parameter_name": "printVendor",
                    "parameter_type": "java.lang.String",
                    "parameter_value": "PV1"
                }
            ]
        }
    ],
    "page": 1,
    "pageSize": 25,
    "totalPages": 7,
    "serverInstance": "1"
}