[
    {
        "appName": "EE",
        "platformType": "SSM",
        "environment": "DEV1",
        "envProps": [
            {
                "dbCredentials": "/gov/cms/hc/ba/dev/applications/ee/dbcredentials"
            }
        ],
        "batches": [
            {
                "id": "1",
                "name": "NoticePrintDeliveryJob",
                "applicationName": "notice-batch-app",
                "executable": "/opt/cms/apps/notice-batch-app && ./bin/run_batch.sh",
                "description": "NoticePrintDeliveryJob",
                "serverInstances": "1",
                "serverArray": [
                    {
                        "1": "i-053a95ed5de1844cf"
                    }
                ],
                "runParams": [
                    {
                        "param": "printVendor",
                        "dataType": "enum",
                        "required": true,
                        "allowedValues": "PV1"
                    }
                ],
                "lastExecutedDatetime": "FAILED",
                "runningInstances": "FAILED"
            }
        ]
    },
    {
        "appName": "EE",
        "platformType": "SSM",
        "environment": "TEST0",
        "envProps": [
            {
                "dbCredentials": "/gov/cms/hc/ba/test/applications/ee/dbcredentials"
            }
        ],
        "batches": [
            {
                "id": "1",
                "name": "PrintNoticeZippingJob",
                "applicationName": "notice-batch-app",
                "executable": "/opt/cms/apps/notice-batch-app && ./bin/run_batch.sh",
                "description": "PrintNoticeZippingJob",
                "serverInstances": "1",
                "serverArray": [
                    {
                        "1": "i-078aa495b0906b381"
                    }
                ],
                "runParams": [
                    {
                        "param": "printVendor",
                        "dataType": "enum",
                        "required": true,
                        "allowedValues": [
                            "PV1",
                            "PV23"
                        ]
                    },
                    {
                        "param": "pageZipSize",
                        "dataType": "enum",
                        "required": false,
                        "allowedValues": [
                            ""
                        ]
                    },
                    {
                        "param": "minZip",
                        "dataType": "enum",
                        "required": false,
                        "allowedValues": [
                            ""
                        ]
                    },
                    {
                        "param": "maxZip",
                        "dataType": "enum",
                        "required": false,
                        "allowedValues": [
                            ""
                        ]
                    }
                ],
                "lastExecutedDatetime": "FAILED",
                "runningInstances": "FAILED"
            },
            {
                "id": "2",
                "name": "PrintNoticeDeliveryJob",
                "applicationName": "notice-batch-app",
                "executable": "/opt/cms/apps/notice-batch-app && ./bin/run_batch.sh",
                "description": "PrintNoticeDeliveryJob",
                "serverInstances": "1",
                "serverArray": [
                    {
                        "1": "i-078aa495b0906b381"
                    }
                ],
                "runParams": []
            },
            {
                "id": "3",
                "name": "DirectNoticeDeliveryJob",
                "applicationName": "notice-batch-app",
                "executable": "/opt/cms/apps/notice-batch-app && ./bin/run_batch.sh",
                "description": "DirectNoticeDeliveryJob",
                "serverInstances": "1",
                "serverArray": [
                    {
                        "1": "i-078aa495b0906b381"
                    }
                ],
                "runParams": [
                    {
                        "param": "noticeType",
                        "dataType": "enum",
                        "required": true,
                        "allowedValues": [
                            "OE_Direct_Notice",
                            "PDM_Direct_Notice",
                            "Stop_APTC_Direct_Notice"
                        ]
                    }
                ]
            },
            {
                "id": "4",
                "name": "QhpOptoutJob",
                "applicationName": "qhpoptout-batch-app",
                "executable": "/opt/cms/apps/qhpoptout-batch-app && ./bin/run_batch.sh",
                "description": "QhpOptoutJob",
                "serverInstances": "1",
                "serverArray": [
                    {
                        "1": "i-078aa495b0906b381"
                    }
                ],
                "runParams": [
                    {
                        "param": "overrideEffectiveDate",
                        "dataType": "Date",
                        "required": true,
                        "allowedValues": [
                            ""
                        ]
                    }
                ]
            }
        ]
    },
    {
        "appName": "EE",
        "platformType": "SSM",
        "environment": "TEST1",
        "envProps": [
            {
                "dbCredentials": "/gov/cms/hc/ba/test/applications/ee/dbcredentials"
            }
        ],
        "batches": [
            {
                "id": "1",
                "name": "PrintNoticeZippingJob",
                "applicationName": "notice-batch-app",
                "executable": "/opt/cms/apps/notice-batch-app && ./bin/run_batch.sh",
                "description": "PrintNoticeZippingJob",
                "serverInstances": "2",
                "serverArray": [
                    {
                        "1": "i-09a5e209c8bd16bc9",
                        "2": "i-0e7a73ba311fab7ab"
                    }
                ],
                "runParams": [
                    {
                        "param": "printVendor",
                        "dataType": "enum",
                        "required": true,
                        "allowedValues": [
                            "PV1",
                            "PV2"
                        ]
                    },
                    {
                        "param": "pageZipSize",
                        "dataType": "enum",
                        "required": false,
                        "allowedValues": [
                            ""
                        ]
                    },
                    {
                        "param": "minZip",
                        "dataType": "enum",
                        "required": false,
                        "allowedValues": [
                            ""
                        ]
                    },
                    {
                        "param": "maxZip",
                        "dataType": "enum",
                        "required": false,
                        "allowedValues": [
                            ""
                        ]
                    }
                ]
            },
            {
                "id": "2",
                "name": "PrintNoticeDeliveryJob",
                "applicationName": "notice-batch-app",
                "executable": "/opt/cms/apps/notice-batch-app && ./bin/run_batch.sh",
                "description": "PrintNoticeDeliveryJob",
                "serverInstances": "2",
                "serverArray": [
                    {
                        "1": "i-09a5e209c8bd16bc9",
                        "2": "i-0e7a73ba311fab7ab"
                    }
                ],
                "runParams": []
            },
            {
                "id": "3",
                "name": "DirectNoticeDeliveryJob",
                "applicationName": "notice-batch-app",
                "executable": "/opt/cms/apps/notice-batch-app && ./bin/run_batch.sh",
                "description": "DirectNoticeDeliveryJob",
                "serverInstances": "2",
                "serverArray": [
                    {
                        "1": "i-09a5e209c8bd16bc9",
                        "2": "i-0e7a73ba311fab7ab"
                    }
                ],
                "runParams": [
                    {
                        "param": "noticeType",
                        "dataType": "enum",
                        "required": true,
                        "allowedValues": [
                            "OE_Direct_Notice",
                            "PDM_Direct_Notice",
                            "Stop_APTC_Direct_Notice"
                        ]
                    }
                ]
            },
            {
                "id": "4",
                "name": "QhpOptoutJob",
                "applicationName": "qhpoptout-batch-app",
                "executable": "/opt/cms/apps/qhpoptout-batch-app && ./bin/run_batch.sh",
                "description": "QhpOptoutJob",
                "serverInstances": "2",
                "serverArray": [
                    {
                        "1": "i-09a5e209c8bd16bc9",
                        "2": "i-0e7a73ba311fab7ab"
                    }
                ],
                "runParams": [
                    {
                        "param": "overrideEffectiveDate",
                        "dataType": "Date",
                        "required": true,
                        "allowedValues": [
                            ""
                        ]
                    }
                ]
            }
        ]
    },
    {
        "appName": "EE",
        "platformType": "SSM",
        "environment": "TEST2",
        "envProps": [
            {
                "dbCredentials": "/gov/cms/hc/ba/test/applications/ee/dbcredentials"
            }
        ],
        "batches": [
            {
                "id": "1",
                "name": "PrintNoticeZippingJob",
                "applicationName": "notice-batch-app",
                "executable": "/opt/cms/apps/notice-batch-app && ./bin/run_batch.sh",
                "description": "PrintNoticeZippingJob",
                "serverInstances": "1",
                "serverArray": [
                    {
                        "1": "i-0e4672ab624e78bb1"
                    }
                ],
                "runParams": [
                    {
                        "param": "printVendor",
                        "dataType": "enum",
                        "required": true,
                        "allowedValues": [
                            "PV1",
                            "PV2"
                        ]
                    },
                    {
                        "param": "pageZipSize",
                        "dataType": "enum",
                        "required": false,
                        "allowedValues": [
                            ""
                        ]
                    },
                    {
                        "param": "minZip",
                        "dataType": "enum",
                        "required": false,
                        "allowedValues": [
                            ""
                        ]
                    },
                    {
                        "param": "maxZip",
                        "dataType": "enum",
                        "required": false,
                        "allowedValues": [
                            ""
                        ]
                    }
                ]
            },
            {
                "id": "2",
                "name": "PrintNoticeDeliveryJob",
                "applicationName": "notice-batch-app",
                "executable": "/opt/cms/apps/notice-batch-app && ./bin/run_batch.sh",
                "description": "PrintNoticeDeliveryJob",
                "serverInstances": "1",
                "serverArray": [
                    {
                        "1": "i-0e4672ab624e78bb1"
                    }
                ],
                "runParams": []
            },
            {
                "id": "3",
                "name": "DirectNoticeDeliveryJob",
                "applicationName": "notice-batch-app",
                "executable": "/opt/cms/apps/notice-batch-app && ./bin/run_batch.sh",
                "description": "DirectNoticeDeliveryJob",
                "serverInstances": "1",
                "serverArray": [
                    {
                        "1": "i-0e4672ab624e78bb1"
                    }
                ],
                "runParams": [
                    {
                        "param": "noticeType",
                        "dataType": "enum",
                        "required": true,
                        "allowedValues": [
                            "OE_Direct_Notice",
                            "PDM_Direct_Notice",
                            "Stop_APTC_Direct_Notice"
                        ]
                    }
                ]
            },
            {
                "id": "4",
                "name": "QhpOptoutJob",
                "applicationName": "qhpoptout-batch-app",
                "executable": "/opt/cms/apps/qhpoptout-batch-app && ./bin/run_batch.sh",
                "description": "QhpOptoutJob",
                "serverInstances": "1",
                "serverArray": [
                    {
                        "1": "i-0e4672ab624e78bb1"
                    }
                ],
                "runParams": [
                    {
                        "param": "overrideEffectiveDate",
                        "dataType": "Date",
                        "required": true,
                        "allowedValues": [
                            ""
                        ]
                    }
                ]
            }
        ]
    },
    {
        "appName": "EE",
        "platformType": "SSM",
        "environment": "TEST3",
        "envProps": [
            {
                "dbCredentials": "/gov/cms/hc/ba/test/applications/ee/dbcredentials"
            }
        ],
        "batches": [
            {
                "id": "1",
                "name": "PrintNoticeZippingJob",
                "applicationName": "notice-batch-app",
                "executable": "/opt/cms/apps/notice-batch-app && ./bin/run_batch.sh",
                "description": "PrintNoticeZippingJob",
                "serverInstances": "1",
                "serverArray": [
                    {
                        "1": "i-0a99a63af11b54347"
                    }
                ],
                "runParams": [
                    {
                        "param": "printVendor",
                        "dataType": "enum",
                        "required": true,
                        "allowedValues": [
                            "PV1",
                            "PV2"
                        ]
                    },
                    {
                        "param": "pageZipSize",
                        "dataType": "enum",
                        "required": false,
                        "allowedValues": [
                            ""
                        ]
                    },
                    {
                        "param": "minZip",
                        "dataType": "enum",
                        "required": false,
                        "allowedValues": [
                            ""
                        ]
                    },
                    {
                        "param": "maxZip",
                        "dataType": "enum",
                        "required": false,
                        "allowedValues": [
                            ""
                        ]
                    }
                ]
            },
            {
                "id": "2",
                "name": "PrintNoticeDeliveryJob",
                "applicationName": "notice-batch-app",
                "executable": "/opt/cms/apps/notice-batch-app && ./bin/run_batch.sh",
                "description": "PrintNoticeDeliveryJob",
                "serverInstances": "1",
                "serverArray": [
                    {
                        "1": "i-0a99a63af11b54347"
                    }
                ],
                "runParams": []
            },
            {
                "id": "3",
                "name": "DirectNoticeDeliveryJob",
                "applicationName": "notice-batch-app",
                "executable": "/opt/cms/apps/notice-batch-app && ./bin/run_batch.sh",
                "description": "DirectNoticeDeliveryJob",
                "serverInstances": "1",
                "serverArray": [
                    {
                        "1": "i-0a99a63af11b54347"
                    }
                ],
                "runParams": [
                    {
                        "param": "noticeType",
                        "dataType": "enum",
                        "required": true,
                        "allowedValues": [
                            "OE_Direct_Notice",
                            "PDM_Direct_Notice",
                            "Stop_APTC_Direct_Notice"
                        ]
                    }
                ]
            },
            {
                "id": "4",
                "name": "QhpOptoutJob",
                "applicationName": "qhpoptout-batch-app",
                "executable": "/opt/cms/apps/qhpoptout-batch-app && ./bin/run_batch.sh",
                "description": "QhpOptoutJob",
                "serverInstances": "1",
                "serverArray": [
                    {
                        "1": "i-0a99a63af11b54347"
                    }
                ],
                "runParams": [
                    {
                        "param": "overrideEffectiveDate",
                        "dataType": "Date",
                        "required": true,
                        "allowedValues": [
                            ""
                        ]
                    }
                ]
            }
        ]
    },
    {
        "appName": "EE",
        "platformType": "SSM",
        "environment": "TEST5",
        "envProps": [
            {
                "dbCredentials": "/gov/cms/hc/ba/test/applications/ee/dbcredentials"
            }
        ],
        "batches": [
            {
                "id": "1",
                "name": "PrintNoticeZippingJob",
                "applicationName": "notice-batch-app",
                "executable": "/opt/cms/apps/notice-batch-app && ./bin/run_batch.sh",
                "description": "PrintNoticeZippingJob",
                "serverInstances": "1",
                "serverArray": [
                    {
                        "1": "i-058ea080ae0ec04fe"
                    }
                ],
                "runParams": [
                    {
                        "param": "printVendor",
                        "dataType": "enum",
                        "required": true,
                        "allowedValues": [
                            "PV1",
                            "PV2"
                        ]
                    },
                    {
                        "param": "pageZipSize",
                        "dataType": "enum",
                        "required": false,
                        "allowedValues": [
                            ""
                        ]
                    },
                    {
                        "param": "minZip",
                        "dataType": "enum",
                        "required": false,
                        "allowedValues": [
                            ""
                        ]
                    },
                    {
                        "param": "maxZip",
                        "dataType": "enum",
                        "required": false,
                        "allowedValues": [
                            ""
                        ]
                    }
                ]
            },
            {
                "id": "2",
                "name": "PrintNoticeDeliveryJob",
                "applicationName": "notice-batch-app",
                "executable": "/opt/cms/apps/notice-batch-app && ./bin/run_batch.sh",
                "description": "PrintNoticeDeliveryJob",
                "serverInstances": "1",
                "serverArray": [
                    {
                        "1": "i-058ea080ae0ec04fe"
                    }
                ],
                "runParams": []
            },
            {
                "id": "3",
                "name": "DirectNoticeDeliveryJob",
                "applicationName": "notice-batch-app",
                "executable": "/opt/cms/apps/notice-batch-app && ./bin/run_batch.sh",
                "description": "DirectNoticeDeliveryJob",
                "serverInstances": "1",
                "serverArray": [
                    {
                        "1": "i-058ea080ae0ec04fe"
                    }
                ],
                "runParams": [
                    {
                        "param": "noticeType",
                        "dataType": "enum",
                        "required": true,
                        "allowedValues": [
                            "OE_Direct_Notice",
                            "PDM_Direct_Notice",
                            "Stop_APTC_Direct_Notice"
                        ]
                    }
                ]
            },
            {
                "id": "4",
                "name": "QhpOptoutJob",
                "applicationName": "qhpoptout-batch-app",
                "executable": "/opt/cms/apps/qhpoptout-batch-app && ./bin/run_batch.sh",
                "description": "QhpOptoutJob",
                "serverInstances": "1",
                "serverArray": [
                    {
                        "1": "i-058ea080ae0ec04fe"
                    }
                ],
                "runParams": [
                    {
                        "param": "overrideEffectiveDate",
                        "dataType": "Date",
                        "required": true,
                        "allowedValues": [
                            ""
                        ]
                    }
                ]
            }
        ]
    },
    {
        "appName": "EE",
        "platformType": "SSM",
        "environment": "TEST7",
        "envProps": [
            {
                "dbCredentials": "/gov/cms/hc/ba/test/applications/ee/dbcredentials"
            }
        ],
        "batches": [
            {
                "id": "1",
                "name": "PrintNoticeZippingJob",
                "applicationName": "notice-batch-app",
                "executable": "/opt/cms/apps/notice-batch-app && ./bin/run_batch.sh",
                "description": "PrintNoticeZippingJob",
                "serverInstances": "1",
                "serverArray": [
                    {
                        "1": "i-0ef1fb6a925cd5bc7"
                    }
                ],
                "runParams": [
                    {
                        "param": "printVendor",
                        "dataType": "enum",
                        "required": true,
                        "allowedValues": [
                            "PV1",
                            "PV2"
                        ]
                    },
                    {
                        "param": "pageZipSize",
                        "dataType": "enum",
                        "required": false,
                        "allowedValues": [
                            ""
                        ]
                    },
                    {
                        "param": "minZip",
                        "dataType": "enum",
                        "required": false,
                        "allowedValues": [
                            ""
                        ]
                    },
                    {
                        "param": "maxZip",
                        "dataType": "enum",
                        "required": false,
                        "allowedValues": [
                            ""
                        ]
                    }
                ]
            },
            {
                "id": "2",
                "name": "PrintNoticeDeliveryJob",
                "applicationName": "notice-batch-app",
                "executable": "/opt/cms/apps/notice-batch-app && ./bin/run_batch.sh",
                "description": "PrintNoticeDeliveryJob",
                "serverInstances": "1",
                "serverArray": [
                    {
                        "1": "i-0ef1fb6a925cd5bc7"
                    }
                ],
                "runParams": []
            },
            {
                "id": "3",
                "name": "DirectNoticeDeliveryJob",
                "applicationName": "notice-batch-app",
                "executable": "/opt/cms/apps/notice-batch-app && ./bin/run_batch.sh",
                "description": "DirectNoticeDeliveryJob",
                "serverInstances": "1",
                "serverArray": [
                    {
                        "1": "i-0ef1fb6a925cd5bc7"
                    }
                ],
                "runParams": [
                    {
                        "param": "noticeType",
                        "dataType": "enum",
                        "required": true,
                        "allowedValues": [
                            "OE_Direct_Notice",
                            "PDM_Direct_Notice",
                            "Stop_APTC_Direct_Notice"
                        ]
                    }
                ]
            },
            {
                "id": "4",
                "name": "QhpOptoutJob",
                "applicationName": "qhpoptout-batch-app",
                "executable": "/opt/cms/apps/qhpoptout-batch-app && ./bin/run_batch.sh",
                "description": "QhpOptoutJob",
                "serverInstances": "1",
                "serverArray": [
                    {
                        "1": "i-0ef1fb6a925cd5bc7"
                    }
                ],
                "runParams": [
                    {
                        "param": "overrideEffectiveDate",
                        "dataType": "Date",
                        "required": true,
                        "allowedValues": [
                            ""
                        ]
                    }
                ]
            }
        ]
    },
    {
        "appName": "MPMS",
        "platformType": "OpenShift",
        "environment": "TEST1",
        "envProps": [
            {
                "invokeEndpoint": "https://api.test.ffm.internal.cms.gov:6443",
                "timeout": 60000,
                "cert": "/gov/cms/hc/ba/test1/platform/certificate",
                "authorizationToken": "/gov/cms/hc/ba/test/platformtokens/test1",
                "dbCredentials": "/gov/cms/hc/ba/test/applications/dbcredentials"
            }
        ],
        "batches": [
            {
                "id": "10",
                "name": "fmEdgeExtract",
                "applicationName": "batch1",
                "description": "fmEdgeExtract",
                "key": "pm-batch-fmedge-",
                "namespace": "cmsffm-pm-test1",
                "runParams": [
                    {
                        "param": "fmType",
                        "dataType": "enum",
                        "required": true,
                        "allowedValues": [
                            "fpd",
                            "spd"
                        ]
                    },
                    {
                        "param": "planYear",
                        "dataType": "enum",
                        "required": true,
                        "allowedValues": [
                            "npy",
                            "2025"
                        ]
                    }
                ]
            },
            {
                "id": "11",
                "name": "planPreviewExtract",
                "applicationName": "batch1",
                "description": "planPreviewExtract",
                "key": "pm-batch-ppe-",
                "namespace": "cmsffm-pm-test1",
                "runParams": [
                    {
                        "param": "loadExchangeRateAreaOnly",
                        "dataType": "enum",
                        "required": true,
                        "allowedValues": [
                            "true",
                            "true"
                        ]
                    },
                    {
                        "param": "planYear",
                        "dataType": "enum",
                        "required": true,
                        "allowedValues": [
                            "npy",
                            "2025"
                        ]
                    }
                ]
            },
            {
                "id": "12",
                "name": "ptNotificationExtract",
                "applicationName": "batch1",
                "description": "ptNotificationExtract",
                "key": "pm-batch-ptne-",
                "namespace": "cmsffm-pm-test1",
                "runParams": [
                    {
                        "param": "planYear",
                        "dataType": "enum",
                        "required": true,
                        "allowedValues": [
                            "npy",
                            "2025"
                        ]
                    }
                ]
            },
            {
                "id": "13",
                "name": "planTransferExtract",
                "applicationName": "batch1",
                "description": "planTransferExtract",
                "key": "pm-batch-ptr-",
                "namespace": "cmsffm-pm-test1",
                "runParams": [
                    {
                        "param": "planYear",
                        "dataType": "enum",
                        "required": true,
                        "allowedValues": [
                            "npy",
                            "2025"
                        ]
                    }
                ]
            },
            {
                "id": "14",
                "name": "qhpExtract",
                "applicationName": "batch1",
                "description": "qhpExtract",
                "key": "pm-batch-qhp-",
                "namespace": "cmsffm-pm-test1",
                "runParams": [
                    {
                        "param": "batchType",
                        "dataType": "enum",
                        "required": true,
                        "allowedValues": [
                            "delta",
                            "full"
                        ],
                        "defaultValue": "full"
                    },
                    {
                        "param": "planYear",
                        "dataType": "enum",
                        "required": true,
                        "allowedValues": [
                            "npy",
                            "2025"
                        ]
                    }
                ]
            },
            {
                "id": "15",
                "name": "sreExtract",
                "applicationName": "batch1",
                "description": "sreExtract",
                "key": "pm-batch-sre-",
                "namespace": "cmsffm-pm-test1",
                "runParams": [
                    {
                        "param": "batchType",
                        "dataType": "enum",
                        "required": true,
                        "allowedValues": [
                            "full_app_version_only",
                            "full",
                            "partial"
                        ],
                        "defaultValue": "full"
                    },
                    {
                        "param": "planYear",
                        "dataType": "enum",
                        "required": true,
                        "allowedValues": [
                            "npy",
                            "2025"
                        ]
                    }
                ]
            },
            {
                "id": "16",
                "name": "urlExtract",
                "applicationName": "batch1",
                "description": "urlExtract",
                "key": "pm-batch-url-",
                "namespace": "cmsffm-pm-test1",
                "runParams": [
                    {
                        "param": "planYear",
                        "dataType": "enum",
                        "required": true,
                        "allowedValues": [
                            "2024",
                            "2025"
                        ]
                    }
                ]
            },
            {
                "id": "17",
                "name": "servisExtract",
                "applicationName": "batch1",
                "description": "servisExtract",
                "key": "pm-batch-servis-",
                "namespace": "cmsffm-pm-test1",
                "runParams": [
                    {
                        "param": "planYear",
                        "dataType": "enum",
                        "required": true,
                        "allowedValues": [
                            "2024",
                            "2025"
                        ]
                    }
                ]
            },
            {
                "id": "18",
                "name": "quasrExtract",
                "applicationName": "batch1",
                "description": "quasrExtract",
                "key": "pm-batch-quasr-",
                "namespace": "cmsffm-pm-test1",
                "runParams": [
                    {
                        "param": "batchType",
                        "dataType": "enum",
                        "required": true,
                        "allowedValues": "delta,full,other",
                        "defaultValue": "full"
                    },
                    {
                        "param": "planYear",
                        "dataType": "enum",
                        "required": true,
                        "allowedValues": [
                            "npy",
                            "2025"
                        ]
                    }
                ],
                "lastExecutedDatetime": "N/A",
                "runningInstances": "N/A",
                "frequencyStat": "Every hour, at 06:00 AM through 11:00 PM and 12:00 AM"
            }
        ]
    },
    {
        "appName": "MPMS",
        "platformType": "OpenShift",
        "environment": "TEST2",
        "envProps": [
            {
                "invokeEndpoint": "https://api.test.ffm.internal.cms.gov:6443",
                "timeout": 60000,
                "cert": "/gov/cms/hc/ba/test2/platform/certificate",
                "authorizationToken": "/gov/cms/hc/ba/test/platformtokens/test2",
                "dbCredentials": "/gov/cms/hc/ba/test/applications/dbcredentials"
            }
        ],
        "batches": [
            {
                "id": "19",
                "name": "fmEdgeExtract",
                "applicationName": "batch2",
                "description": "fmEdgeExtract",
                "key": "pm-batch-fmedge-",
                "namespace": "cmsffm-pm-test2",
                "runParams": [
                    {
                        "param": "fmType",
                        "dataType": "enum",
                        "required": true,
                        "allowedValues": [
                            "fpd",
                            "spd"
                        ]
                    },
                    {
                        "param": "planYear",
                        "dataType": "enum",
                        "required": true,
                        "allowedValues": [
                            "npy",
                            "2025"
                        ]
                    }
                ]
            },
            {
                "id": "20",
                "name": "planPreviewExtract",
                "applicationName": "batch2",
                "description": "planPreviewExtract",
                "key": "pm-batch-ppe-",
                "namespace": "cmsffm-pm-test2",
                "runParams": [
                    {
                        "param": "loadExchangeRateAreaOnly",
                        "dataType": "enum",
                        "required": true,
                        "allowedValues": [
                            "true",
                            "true"
                        ]
                    },
                    {
                        "param": "planYear",
                        "dataType": "enum",
                        "required": true,
                        "allowedValues": [
                            "npy",
                            "2025"
                        ]
                    }
                ]
            },
            {
                "id": "21",
                "name": "ptNotificationExtract",
                "applicationName": "batch2",
                "description": "ptNotificationExtract",
                "key": "pm-batch-ptne-",
                "namespace": "cmsffm-pm-test2",
                "runParams": [
                    {
                        "param": "planYear",
                        "dataType": "enum",
                        "required": true,
                        "allowedValues": [
                            "npy",
                            "2025"
                        ]
                    }
                ]
            },
            {
                "id": "22",
                "name": "planTransferExtract",
                "applicationName": "batch2",
                "description": "planTransferExtract",
                "key": "pm-batch-ptr-",
                "namespace": "cmsffm-pm-test2",
                "runParams": [
                    {
                        "param": "planYear",
                        "dataType": "enum",
                        "required": true,
                        "allowedValues": [
                            "npy",
                            "2025"
                        ]
                    }
                ]
            },
            {
                "id": "23",
                "name": "qhpExtract",
                "applicationName": "batch2",
                "description": "qhpExtract",
                "key": "pm-batch-qhp-",
                "namespace": "cmsffm-pm-test2",
                "runParams": [
                    {
                        "param": "batchType",
                        "dataType": "enum",
                        "required": true,
                        "allowedValues": [
                            "delta",
                            "full"
                        ],
                        "defaultValue": "full"
                    },
                    {
                        "param": "planYear",
                        "dataType": "enum",
                        "required": true,
                        "allowedValues": [
                            "npy",
                            "2025"
                        ]
                    }
                ]
            },
            {
                "id": "24",
                "name": "sreExtract",
                "applicationName": "batch2",
                "description": "sreExtract",
                "key": "pm-batch-sre-",
                "namespace": "cmsffm-pm-test2",
                "runParams": [
                    {
                        "param": "batchType",
                        "dataType": "enum",
                        "required": true,
                        "allowedValues": [
                            "full_app_version_only",
                            "full",
                            "partial"
                        ],
                        "defaultValue": "full"
                    },
                    {
                        "param": "planYear",
                        "dataType": "enum",
                        "required": true,
                        "allowedValues": [
                            "npy",
                            "2025"
                        ]
                    }
                ]
            },
            {
                "id": "25",
                "name": "urlExtract",
                "applicationName": "batch2",
                "description": "urlExtract",
                "key": "pm-batch-url-",
                "namespace": "cmsffm-pm-test2",
                "runParams": [
                    {
                        "param": "planYear",
                        "dataType": "enum",
                        "required": true,
                        "allowedValues": [
                            "2024",
                            "2025"
                        ]
                    }
                ]
            },
            {
                "id": "26",
                "name": "servisExtract",
                "applicationName": "batch2",
                "description": "servisExtract",
                "key": "pm-batch-servis-",
                "namespace": "cmsffm-pm-test2",
                "runParams": [
                    {
                        "param": "planYear",
                        "dataType": "enum",
                        "required": true,
                        "allowedValues": [
                            "2024",
                            "2025"
                        ]
                    }
                ]
            },
            {
                "id": "27",
                "name": "quasrExtract",
                "applicationName": "batch2",
                "description": "quasrExtract",
                "key": "pm-batch-quasr-",
                "namespace": "cmsffm-pm-test2",
                "runParams": [
                    {
                        "param": "batchType",
                        "dataType": "enum",
                        "required": true,
                        "allowedValues": [
                            "delta",
                            "full"
                        ],
                        "defaultValue": "full"
                    },
                    {
                        "param": "planYear",
                        "dataType": "enum",
                        "required": true,
                        "allowedValues": [
                            "npy",
                            "2025"
                        ]
                    }
                ]
            }
        ]
    },
    {
        "appName": "MPMS",
        "platformType": "OpenShift",
        "environment": "TEST3",
        "envProps": [
            {
                "invokeEndpoint": "https://api.test.ffm.internal.cms.gov:6443",
                "timeout": 60000,
                "cert": "/gov/cms/hc/ba/test3/platform/certificate",
                "authorizationToken": "/gov/cms/hc/ba/test/platformtokens/test3",
                "dbCredentials": "/gov/cms/hc/ba/test/applications/dbcredentials"
            }
        ],
        "batches": [
            {
                "id": "28",
                "name": "fmEdgeExtract",
                "applicationName": "batch3",
                "description": "fmEdgeExtract",
                "key": "pm-batch-fmedge-",
                "namespace": "cmsffm-pm-test3",
                "runParams": [
                    {
                        "param": "fmType",
                        "dataType": "enum",
                        "required": true,
                        "allowedValues": [
                            "fpd",
                            "spd"
                        ]
                    },
                    {
                        "param": "planYear",
                        "dataType": "enum",
                        "required": true,
                        "allowedValues": [
                            "2025",
                            "2026"
                        ]
                    }
                ]
            },
            {
                "id": "29",
                "name": "planPreviewExtract",
                "applicationName": "batch3",
                "description": "planPreviewExtract",
                "key": "pm-batch-ppe-",
                "namespace": "cmsffm-pm-test3",
                "runParams": [
                    {
                        "param": "loadExchangeRateAreaOnly",
                        "dataType": "enum",
                        "required": true,
                        "allowedValues": [
                            "true",
                            "true"
                        ]
                    },
                    {
                        "param": "planYear",
                        "dataType": "enum",
                        "required": true,
                        "allowedValues": [
                            "2025",
                            "2026"
                        ]
                    }
                ]
            },
            {
                "id": "30",
                "name": "ptNotificationExtract",
                "applicationName": "batch3",
                "description": "ptNotificationExtract",
                "key": "pm-batch-ptne-",
                "namespace": "cmsffm-pm-test3",
                "runParams": [
                    {
                        "param": "planYear",
                        "dataType": "enum",
                        "required": true,
                        "allowedValues": [
                            "2025",
                            "2026"
                        ]
                    }
                ]
            },
            {
                "id": "31",
                "name": "planTransferExtract",
                "applicationName": "batch3",
                "description": "planTransferExtract",
                "key": "pm-batch-ptr-",
                "namespace": "cmsffm-pm-test3",
                "runParams": [
                    {
                        "param": "planYear",
                        "dataType": "enum",
                        "required": true,
                        "allowedValues": [
                            "2025",
                            "2026"
                        ]
                    }
                ]
            },
            {
                "id": "32",
                "name": "qhpExtract",
                "applicationName": "batch3",
                "description": "qhpExtract",
                "key": "pm-batch-qhp-",
                "namespace": "cmsffm-pm-test3",
                "runParams": [
                    {
                        "param": "batchType",
                        "dataType": "enum",
                        "required": true,
                        "allowedValues": [
                            "delta",
                            "full"
                        ],
                        "defaultValue": "full"
                    },
                    {
                        "param": "planYear",
                        "dataType": "enum",
                        "required": true,
                        "allowedValues": [
                            "2025",
                            "2026"
                        ]
                    }
                ]
            },
            {
                "id": "33",
                "name": "sreExtract",
                "applicationName": "batch3",
                "description": "sreExtract",
                "key": "pm-batch-sre-",
                "namespace": "cmsffm-pm-test3",
                "runParams": [
                    {
                        "param": "batchType",
                        "dataType": "enum",
                        "required": true,
                        "allowedValues": [
                            "full_app_version_only",
                            "full",
                            "partial"
                        ],
                        "defaultValue": "full"
                    },
                    {
                        "param": "planYear",
                        "dataType": "enum",
                        "required": true,
                        "allowedValues": [
                            "2025",
                            "2026"
                        ]
                    }
                ]
            },
            {
                "id": "34",
                "name": "urrExtract",
                "applicationName": "batch3",
                "description": "urrExtract",
                "key": "pm-batch-urr-extract-",
                "namespace": "cmsffm-pm-test3",
                "runParams": [
                    {
                        "param": "batchType",
                        "dataType": "enum",
                        "required": true,
                        "allowedValues": [
                            "delta",
                            "full"
                        ],
                        "defaultValue": "full"
                    },
                    {
                        "param": "planYear",
                        "dataType": "enum",
                        "required": true,
                        "allowedValues": [
                            "2025",
                            "2026"
                        ]
                    }
                ]
            },
            {
                "id": "35",
                "name": "urrMigration",
                "applicationName": "batch3",
                "description": "urrMigration",
                "key": "pm-batch-urr-migration-",
                "namespace": "cmsffm-pm-test3",
                "runParams": [
                    {
                        "param": "planYear",
                        "dataType": "enum",
                        "required": true,
                        "allowedValues": [
                            "2025",
                            "2026"
                        ]
                    }
                ]
            },
            {
                "id": "36",
                "name": "urlExtract",
                "applicationName": "batch3",
                "description": "urlExtract",
                "key": "pm-batch-url-",
                "namespace": "cmsffm-pm-test3",
                "runParams": [
                    {
                        "param": "planYear",
                        "dataType": "enum",
                        "required": true,
                        "allowedValues": [
                            "2025",
                            "2026"
                        ]
                    }
                ]
            },
            {
                "id": "37",
                "name": "servisExtract",
                "applicationName": "batch3",
                "description": "servisExtract",
                "key": "pm-batch-servis-",
                "namespace": "cmsffm-pm-test3",
                "runParams": [
                    {
                        "param": "planYear",
                        "dataType": "enum",
                        "required": true,
                        "allowedValues": [
                            "2025",
                            "2026"
                        ]
                    }
                ]
            },
            {
                "id": "38",
                "name": "quasrExtract",
                "applicationName": "batch3",
                "description": "quasrExtract",
                "key": "pm-batch-quasr-",
                "namespace": "cmsffm-pm-test3",
                "runParams": [
                    {
                        "param": "batchType",
                        "dataType": "enum",
                        "required": true,
                        "allowedValues": [
                            "delta",
                            "full"
                        ],
                        "defaultValue": "full"
                    },
                    {
                        "param": "planYear",
                        "dataType": "enum",
                        "required": true,
                        "allowedValues": [
                            "2025",
                            "2026"
                        ]
                    }
                ]
            }
        ]
    },
    {
        "appName": "MPMS",
        "platformType": "OpenShift",
        "environment": "TEST4",
        "envProps": [
            {
                "invokeEndpoint": "https://api.test.ffm.internal.cms.gov:6443",
                "timeout": 60000,
                "cert": "/gov/cms/hc/ba/test4/platform/certificate",
                "authorizationToken": "/gov/cms/hc/ba/test/platformtokens/test4",
                "dbCredentials": "/gov/cms/hc/ba/test/applications/dbcredentials"
            }
        ],
        "batches": [
            {
                "id": "39",
                "name": "fmEdgeExtract",
                "applicationName": "batch4",
                "description": "fmEdgeExtract",
                "key": "pm-batch-fmedge-",
                "namespace": "cmsffm-pm-test4",
                "runParams": [
                    {
                        "param": "fmType",
                        "dataType": "enum",
                        "required": true,
                        "allowedValues": [
                            "fpd",
                            "spd"
                        ]
                    },
                    {
                        "param": "planYear",
                        "dataType": "enum",
                        "required": true,
                        "allowedValues": [
                            "npy",
                            "2025"
                        ]
                    }
                ]
            },
            {
                "id": "40",
                "name": "planPreviewExtract",
                "applicationName": "batch4",
                "description": "planPreviewExtract",
                "key": "pm-batch-ppe-",
                "namespace": "cmsffm-pm-test4",
                "runParams": [
                    {
                        "param": "loadExchangeRateAreaOnly",
                        "dataType": "enum",
                        "required": true,
                        "allowedValues": [
                            "true",
                            "true"
                        ]
                    },
                    {
                        "param": "planYear",
                        "dataType": "enum",
                        "required": true,
                        "allowedValues": [
                            "npy",
                            "2025"
                        ]
                    }
                ]
            },
            {
                "id": "41",
                "name": "ptNotificationExtract",
                "applicationName": "batch4",
                "description": "ptNotificationExtract",
                "key": "pm-batch-ptne-",
                "namespace": "cmsffm-pm-test4",
                "runParams": [
                    {
                        "param": "planYear",
                        "dataType": "enum",
                        "required": true,
                        "allowedValues": [
                            "npy",
                            "2025"
                        ]
                    }
                ]
            },
            {
                "id": "42",
                "name": "planTransferExtract",
                "applicationName": "batch4",
                "description": "planTransferExtract",
                "key": "pm-batch-ptr-",
                "namespace": "cmsffm-pm-test4",
                "runParams": [
                    {
                        "param": "planYear",
                        "dataType": "enum",
                        "required": true,
                        "allowedValues": [
                            "npy",
                            "2025"
                        ]
                    }
                ]
            },
            {
                "id": "43",
                "name": "qhpExtract",
                "applicationName": "batch4",
                "description": "qhpExtract",
                "key": "pm-batch-qhp-",
                "namespace": "cmsffm-pm-test4",
                "runParams": [
                    {
                        "param": "batchType",
                        "dataType": "enum",
                        "required": true,
                        "allowedValues": [
                            "delta",
                            "full"
                        ],
                        "defaultValue": "full"
                    },
                    {
                        "param": "planYear",
                        "dataType": "enum",
                        "required": true,
                        "allowedValues": [
                            "npy",
                            "2025"
                        ]
                    }
                ]
            },
            {
                "id": "44",
                "name": "sreExtract",
                "applicationName": "batch4",
                "description": "sreExtract",
                "key": "pm-batch-sre-",
                "namespace": "cmsffm-pm-test4",
                "runParams": [
                    {
                        "param": "batchType",
                        "dataType": "enum",
                        "required": true,
                        "allowedValues": [
                            "full_app_version_only",
                            "full",
                            "partial"
                        ],
                        "defaultValue": "full"
                    },
                    {
                        "param": "planYear",
                        "dataType": "enum",
                        "required": true,
                        "allowedValues": [
                            "npy",
                            "2025"
                        ]
                    }
                ]
            },
            {
                "id": "45",
                "name": "urrExtract",
                "applicationName": "batch4",
                "description": "urrExtract",
                "key": "pm-batch-urr-extract-",
                "namespace": "cmsffm-pm-test4",
                "runParams": [
                    {
                        "param": "batchType",
                        "dataType": "enum",
                        "required": true,
                        "allowedValues": [
                            "delta",
                            "full"
                        ],
                        "defaultValue": "full"
                    },
                    {
                        "param": "planYear",
                        "dataType": "enum",
                        "required": true,
                        "allowedValues": [
                            "2024",
                            "2025"
                        ]
                    }
                ]
            },
            {
                "id": "46",
                "name": "urrMigration",
                "applicationName": "batch4",
                "description": "urrMigration",
                "key": "pm-batch-urr-migration-",
                "namespace": "cmsffm-pm-test4",
                "runParams": [
                    {
                        "param": "planYear",
                        "dataType": "enum",
                        "required": true,
                        "allowedValues": [
                            "2024",
                            "2025"
                        ]
                    }
                ]
            },
            {
                "id": "47",
                "name": "urlExtract",
                "applicationName": "batch4",
                "description": "urlExtract",
                "key": "pm-batch-url-",
                "namespace": "cmsffm-pm-test4",
                "runParams": [
                    {
                        "param": "planYear",
                        "dataType": "enum",
                        "required": true,
                        "allowedValues": [
                            "2024",
                            "2025"
                        ]
                    }
                ]
            },
            {
                "id": "48",
                "name": "servisExtract",
                "applicationName": "batch4",
                "description": "servisExtract",
                "key": "pm-batch-servis-",
                "namespace": "cmsffm-pm-test4",
                "runParams": [
                    {
                        "param": "planYear",
                        "dataType": "enum",
                        "required": true,
                        "allowedValues": [
                            "2024",
                            "2025"
                        ]
                    }
                ]
            },
            {
                "id": "49",
                "name": "quasrExtract",
                "applicationName": "batch4",
                "description": "quasrExtract",
                "key": "pm-batch-quasr-",
                "namespace": "cmsffm-pm-test4",
                "runParams": [
                    {
                        "param": "batchType",
                        "dataType": "enum",
                        "required": true,
                        "allowedValues": [
                            "delta",
                            "full"
                        ],
                        "defaultValue": "full"
                    },
                    {
                        "param": "planYear",
                        "dataType": "enum",
                        "required": true,
                        "allowedValues": [
                            "npy",
                            "2025"
                        ]
                    }
                ]
            }
        ]
    },
    {
        "appName": "MPMS",
        "platformType": "OpenShift",
        "environment": "TEST9",
        "envProps": [
            {
                "invokeEndpoint": "https://api.test.ffm.internal.cms.gov:6443",
                "timeout": 60000,
                "cert": "/gov/cms/hc/ba/test9/platform/certificate",
                "authorizationToken": "/gov/cms/hc/ba/test/platformtokens/test9",
                "dbCredentials": "/gov/cms/hc/ba/test/applications/dbcredentials"
            }
        ],
        "batches": [
            {
                "id": "50",
                "name": "fmEdgeExtract",
                "applicationName": "batch9",
                "description": "fmEdgeExtract",
                "key": "pm-batch-fmedge-",
                "namespace": "cmsffm-pm-test9",
                "runParams": [
                    {
                        "param": "fmType",
                        "dataType": "enum",
                        "required": true,
                        "allowedValues": [
                            "fpd",
                            "spd"
                        ]
                    },
                    {
                        "param": "planYear",
                        "dataType": "enum",
                        "required": true,
                        "allowedValues": [
                            "2025",
                            "2026"
                        ]
                    }
                ]
            },
            {
                "id": "51",
                "name": "planPreviewExtract",
                "applicationName": "batch9",
                "description": "planPreviewExtract",
                "key": "pm-batch-ppe-",
                "namespace": "cmsffm-pm-test9",
                "runParams": [
                    {
                        "param": "loadExchangeRateAreaOnly",
                        "dataType": "enum",
                        "required": true,
                        "allowedValues": [
                            "true",
                            "true"
                        ]
                    },
                    {
                        "param": "planYear",
                        "dataType": "enum",
                        "required": true,
                        "allowedValues": [
                            "2025",
                            "2026"
                        ]
                    }
                ]
            },
            {
                "id": "52",
                "name": "ptNotificationExtract",
                "applicationName": "batch9",
                "description": "ptNotificationExtract",
                "key": "pm-batch-ptne-",
                "namespace": "cmsffm-pm-test9",
                "runParams": [
                    {
                        "param": "planYear",
                        "dataType": "enum",
                        "required": true,
                        "allowedValues": [
                            "2025",
                            "2026"
                        ]
                    }
                ]
            },
            {
                "id": "53",
                "name": "planTransferExtract",
                "applicationName": "batch9",
                "description": "planTransferExtract",
                "key": "pm-batch-ptr-",
                "namespace": "cmsffm-pm-test9",
                "runParams": [
                    {
                        "param": "planYear",
                        "dataType": "enum",
                        "required": true,
                        "allowedValues": [
                            "2025",
                            "2026"
                        ]
                    }
                ]
            },
            {
                "id": "54",
                "name": "qhpExtract",
                "applicationName": "batch9",
                "description": "qhpExtract",
                "key": "pm-batch-qhp-",
                "namespace": "cmsffm-pm-test9",
                "runParams": [
                    {
                        "param": "batchType",
                        "dataType": "enum",
                        "required": true,
                        "allowedValues": [
                            "delta",
                            "full"
                        ],
                        "defaultValue": "full"
                    },
                    {
                        "param": "planYear",
                        "dataType": "enum",
                        "required": true,
                        "allowedValues": [
                            "2025",
                            "2026"
                        ]
                    }
                ]
            },
            {
                "id": "55",
                "name": "sreExtract",
                "applicationName": "batch9",
                "description": "sreExtract",
                "key": "pm-batch-sre-",
                "namespace": "cmsffm-pm-test9",
                "runParams": [
                    {
                        "param": "batchType",
                        "dataType": "enum",
                        "required": true,
                        "allowedValues": [
                            "full_app_version_only",
                            "full",
                            "partial"
                        ],
                        "defaultValue": "full"
                    },
                    {
                        "param": "planYear",
                        "dataType": "enum",
                        "required": true,
                        "allowedValues": [
                            "2025",
                            "2026"
                        ]
                    }
                ]
            },
            {
                "id": "56",
                "name": "urrExtract",
                "applicationName": "batch9",
                "description": "urrExtract",
                "key": "pm-batch-urr-extract-",
                "namespace": "cmsffm-pm-test9",
                "runParams": [
                    {
                        "param": "batchType",
                        "dataType": "enum",
                        "required": true,
                        "allowedValues": [
                            "delta",
                            "full"
                        ],
                        "defaultValue": "full"
                    },
                    {
                        "param": "planYear",
                        "dataType": "enum",
                        "required": true,
                        "allowedValues": [
                            "2025",
                            "2026"
                        ]
                    }
                ]
            },
            {
                "id": "57",
                "name": "urrMigration",
                "applicationName": "batch9",
                "description": "urrMigration",
                "key": "pm-batch-urr-migration-",
                "namespace": "cmsffm-pm-test9",
                "runParams": [
                    {
                        "param": "planYear",
                        "dataType": "enum",
                        "required": true,
                        "allowedValues": [
                            "2025",
                            "2026"
                        ]
                    }
                ]
            },
            {
                "id": "58",
                "name": "urlExtract",
                "applicationName": "batch9",
                "description": "urlExtract",
                "key": "pm-batch-url-",
                "namespace": "cmsffm-pm-test9",
                "runParams": [
                    {
                        "param": "planYear",
                        "dataType": "enum",
                        "required": true,
                        "allowedValues": [
                            "2025",
                            "2026"
                        ]
                    }
                ]
            },
            {
                "id": "59",
                "name": "servisExtract",
                "applicationName": "batch9",
                "description": "servisExtract",
                "key": "pm-batch-servis-",
                "namespace": "cmsffm-pm-test9",
                "runParams": [
                    {
                        "param": "planYear",
                        "dataType": "enum",
                        "required": true,
                        "allowedValues": [
                            "2025",
                            "2026"
                        ]
                    }
                ]
            },
            {
                "id": "60",
                "name": "quasrExtract",
                "applicationName": "batch9",
                "description": "quasrExtract",
                "key": "pm-batch-quasr-",
                "namespace": "cmsffm-pm-test9",
                "runParams": [
                    {
                        "param": "batchType",
                        "dataType": "enum",
                        "required": true,
                        "allowedValues": [
                            "delta",
                            "full"
                        ],
                        "defaultValue": "full"
                    },
                    {
                        "param": "planYear",
                        "dataType": "enum",
                        "required": true,
                        "allowedValues": [
                            "2025",
                            "2026"
                        ]
                    }
                ]
            }
        ]
    },
    {
        "appName": "MPMS",
        "platformType": "OpenShift",
        "environment": "TESTPE",
        "envProps": [
            {
                "invokeEndpoint": "https://api.testpe.ffm.internal.cms.gov:6443",
                "timeout": 60000,
                "cert": "/gov/cms/hc/ba/testpe/platform/certificate",
                "authorizationToken": "/gov/cms/hc/ba/test/platformtokens/testpe",
                "dbCredentials": "/gov/cms/hc/ba/test/applications/dbcredentials"
            }
        ],
        "batches": [
            {
                "id": "61",
                "name": "fmEdgeExtract",
                "applicationName": "batchpe",
                "description": "fmEdgeExtract",
                "key": "pm-batch-fmedge-",
                "namespace": "cmsffm-pm-testpe",
                "runParams": [
                    {
                        "param": "fmType",
                        "dataType": "enum",
                        "required": true,
                        "allowedValues": [
                            "fpd",
                            "spd"
                        ]
                    },
                    {
                        "param": "planYear",
                        "dataType": "enum",
                        "required": true,
                        "allowedValues": [
                            "2025",
                            "2026"
                        ]
                    }
                ]
            },
            {
                "id": "62",
                "name": "planPreviewExtract",
                "applicationName": "batchpe",
                "description": "planPreviewExtract",
                "key": "pm-batch-ppe-",
                "namespace": "cmsffm-pm-testpe",
                "runParams": [
                    {
                        "param": "loadExchangeRateAreaOnly",
                        "dataType": "enum",
                        "required": true,
                        "allowedValues": [
                            "true",
                            "true"
                        ]
                    },
                    {
                        "param": "planYear",
                        "dataType": "enum",
                        "required": true,
                        "allowedValues": [
                            "2025",
                            "2026"
                        ]
                    }
                ]
            },
            {
                "id": "63",
                "name": "ptNotificationExtract",
                "applicationName": "batchpe",
                "description": "ptNotificationExtract",
                "key": "pm-batch-ptne-",
                "namespace": "cmsffm-pm-testpe",
                "runParams": [
                    {
                        "param": "planYear",
                        "dataType": "enum",
                        "required": true,
                        "allowedValues": [
                            "2025",
                            "2026"
                        ]
                    }
                ]
            },
            {
                "id": "64",
                "name": "planTransferExtract",
                "applicationName": "batchpe",
                "description": "planTransferExtract",
                "key": "pm-batch-ptr-",
                "namespace": "cmsffm-pm-testpe",
                "runParams": [
                    {
                        "param": "planYear",
                        "dataType": "enum",
                        "required": true,
                        "allowedValues": [
                            "2025",
                            "2026"
                        ]
                    }
                ]
            },
            {
                "id": "65",
                "name": "qhpExtract",
                "applicationName": "batchpe",
                "description": "qhpExtract",
                "key": "pm-batch-qhp-",
                "namespace": "cmsffm-pm-testpe",
                "runParams": [
                    {
                        "param": "batchType",
                        "dataType": "enum",
                        "required": true,
                        "allowedValues": [
                            "delta",
                            "full"
                        ],
                        "defaultValue": "full"
                    },
                    {
                        "param": "planYear",
                        "dataType": "enum",
                        "required": true,
                        "allowedValues": [
                            "2025",
                            "2026"
                        ]
                    }
                ]
            },
            {
                "id": "66",
                "name": "sreExtract",
                "applicationName": "batchpe",
                "description": "sreExtract",
                "key": "pm-batch-sre-",
                "namespace": "cmsffm-pm-testpe",
                "runParams": [
                    {
                        "param": "batchType",
                        "dataType": "enum",
                        "required": true,
                        "allowedValues": [
                            "full_app_version_only",
                            "full",
                            "partial"
                        ],
                        "defaultValue": "full"
                    },
                    {
                        "param": "planYear",
                        "dataType": "enum",
                        "required": true,
                        "allowedValues": [
                            "2025",
                            "2026"
                        ]
                    }
                ]
            },
            {
                "id": "67",
                "name": "urrExtract",
                "applicationName": "batchpe",
                "description": "urrExtract",
                "key": "pm-batch-urr-extract-",
                "namespace": "cmsffm-pm-testpe",
                "runParams": [
                    {
                        "param": "batchType",
                        "dataType": "enum",
                        "required": true,
                        "allowedValues": [
                            "delta",
                            "full"
                        ],
                        "defaultValue": "full"
                    },
                    {
                        "param": "planYear",
                        "dataType": "enum",
                        "required": true,
                        "allowedValues": [
                            "2025",
                            "2026"
                        ]
                    }
                ]
            },
            {
                "id": "68",
                "name": "urrMigration",
                "applicationName": "batchpe",
                "description": "urrMigration",
                "key": "pm-batch-urr-migration-",
                "namespace": "cmsffm-pm-testpe",
                "runParams": [
                    {
                        "param": "planYear",
                        "dataType": "enum",
                        "required": true,
                        "allowedValues": [
                            "2025",
                            "2026"
                        ]
                    }
                ]
            },
            {
                "id": "69",
                "name": "urlExtract",
                "applicationName": "batchpe",
                "description": "urlExtract",
                "key": "pm-batch-url-",
                "namespace": "cmsffm-pm-testpe",
                "runParams": [
                    {
                        "param": "planYear",
                        "dataType": "enum",
                        "required": true,
                        "allowedValues": [
                            "2025",
                            "2026"
                        ]
                    }
                ]
            },
            {
                "id": "70",
                "name": "servisExtract",
                "applicationName": "batchpe",
                "description": "servisExtract",
                "key": "pm-batch-servis-",
                "namespace": "cmsffm-pm-testpe",
                "runParams": [
                    {
                        "param": "planYear",
                        "dataType": "enum",
                        "required": true,
                        "allowedValues": [
                            "2025",
                            "2026"
                        ]
                    }
                ]
            },
            {
                "id": "71",
                "name": "quasrExtract",
                "applicationName": "batchpe",
                "description": "quasrExtract",
                "key": "pm-batch-quasr-",
                "namespace": "cmsffm-pm-testpe",
                "runParams": [
                    {
                        "param": "batchType",
                        "dataType": "enum",
                        "required": true,
                        "allowedValues": [
                            "delta",
                            "full"
                        ],
                        "defaultValue": "full"
                    },
                    {
                        "param": "planYear",
                        "dataType": "enum",
                        "required": true,
                        "allowedValues": [
                            "2025",
                            "2026"
                        ]
                    }
                ]
            }
        ]
    },
    {
        "appName": "MPMS",
        "platformType": "OpenShift",
        "environment": "TEST0",
        "envProps": [
            {
                "invokeEndpoint": "https://api.test.ffm.internal.cms.gov:6443",
                "timeout": 60000,
                "cert": "/gov/cms/hc/ba/test0/platform/certificate",
                "authorizationToken": "/gov/cms/hc/ba/test/platformtokens/test0",
                "dbCredentials": "/gov/cms/hc/ba/test/applications/dbcredentials"
            }
        ],
        "batches": [
            {
                "id": "1",
                "name": "fmEdgeExtract",
                "applicationName": "batch0",
                "description": "fmEdgeExtract",
                "key": "pm-batch-fmedge-",
                "namespace": "cmsffm-pm-test0",
                "runParams": [
                    {
                        "param": "fmType",
                        "dataType": "enum",
                        "required": true,
                        "allowedValues": [
                            "fpd",
                            "spd"
                        ]
                    },
                    {
                        "param": "planYear",
                        "dataType": "enum",
                        "required": true,
                        "allowedValues": [
                            "npy",
                            "2025"
                        ]
                    }
                ]
            },
            {
                "id": "2",
                "name": "planPreviewExtract",
                "applicationName": "batch0",
                "description": "planPreviewExtract",
                "key": "pm-batch-ppe-",
                "namespace": "cmsffm-pm-test0",
                "runParams": [
                    {
                        "param": "loadExchangeRateAreaOnly",
                        "dataType": "enum",
                        "required": true,
                        "allowedValues": [
                            "true",
                            "true"
                        ]
                    },
                    {
                        "param": "planYear",
                        "dataType": "enum",
                        "required": true,
                        "allowedValues": [
                            "npy",
                            "2025"
                        ]
                    }
                ]
            },
            {
                "id": "3",
                "name": "ptNotificationExtract",
                "applicationName": "batch0",
                "description": "ptNotificationExtract",
                "key": "pm-batch-ptne-",
                "namespace": "cmsffm-pm-test0",
                "runParams": [
                    {
                        "param": "planYear",
                        "dataType": "enum",
                        "required": true,
                        "allowedValues": [
                            "npy",
                            "2025"
                        ]
                    }
                ]
            },
            {
                "id": "4",
                "name": "planTransferExtract",
                "applicationName": "batch0",
                "description": "planTransferExtract",
                "key": "pm-batch-ptr-",
                "namespace": "cmsffm-pm-test0",
                "runParams": [
                    {
                        "param": "planYear",
                        "dataType": "enum",
                        "required": true,
                        "allowedValues": [
                            "npy",
                            "2025"
                        ]
                    }
                ]
            },
            {
                "id": "5",
                "name": "qhpExtract",
                "applicationName": "batch0",
                "description": "qhpExtract",
                "key": "pm-batch-qhp-",
                "namespace": "cmsffm-pm-test0",
                "runParams": [
                    {
                        "param": "batchType",
                        "dataType": "enum",
                        "required": true,
                        "allowedValues": [
                            "delta",
                            "full"
                        ],
                        "defaultValue": "full"
                    },
                    {
                        "param": "planYear",
                        "dataType": "enum",
                        "required": true,
                        "allowedValues": [
                            "npy",
                            "2025"
                        ]
                    }
                ]
            },
            {
                "id": "6",
                "name": "sreExtract",
                "applicationName": "batch0",
                "description": "sreExtract",
                "key": "pm-batch-sre-",
                "namespace": "cmsffm-pm-test0",
                "runParams": [
                    {
                        "param": "batchType",
                        "dataType": "enum",
                        "required": true,
                        "allowedValues": [
                            "full_app_version_only",
                            "full",
                            "partial"
                        ],
                        "defaultValue": "full"
                    },
                    {
                        "param": "planYear",
                        "dataType": "enum",
                        "required": true,
                        "allowedValues": [
                            "npy",
                            "2025"
                        ]
                    }
                ]
            },
            {
                "id": "7",
                "name": "urlExtract",
                "applicationName": "batch0",
                "description": "urlExtract",
                "key": "pm-batch-url-",
                "namespace": "cmsffm-pm-test0",
                "runParams": [
                    {
                        "param": "planYear",
                        "dataType": "enum",
                        "required": true,
                        "allowedValues": [
                            "2024",
                            "2025"
                        ]
                    }
                ]
            },
            {
                "id": "8",
                "name": "servisExtract",
                "applicationName": "batch0",
                "description": "servisExtract",
                "key": "pm-batch-servis-",
                "namespace": "cmsffm-pm-test0",
                "runParams": [
                    {
                        "param": "planYear",
                        "dataType": "enum",
                        "required": true,
                        "allowedValues": [
                            "2024",
                            "2025"
                        ]
                    }
                ]
            },
            {
                "id": "9",
                "name": "quasrExtract",
                "applicationName": "batch0",
                "description": "quasrExtract",
                "key": "pm-batch-quasr-",
                "namespace": "cmsffm-pm-test0",
                "runParams": [
                    {
                        "param": "batchType",
                        "dataType": "enum",
                        "required": true,
                        "allowedValues": [
                            "delta",
                            "full"
                        ],
                        "defaultValue": "full"
                    },
                    {
                        "param": "planYear",
                        "dataType": "enum",
                        "required": true,
                        "allowedValues": [
                            "npy",
                            "2025"
                        ]
                    }
                ]
            },
            {
                "id": "1000",
                "name": "fmEdgeExtractUpdateTest",
                "applicationName": "batch0",
                "description": "fmEdgeExtract",
                "key": "pm-batch-fmedge-",
                "namespace": "cmsffm-pm-test0",
                "runParams": [
                    {
                        "param": "fmType",
                        "dataType": "enum",
                        "required": true,
                        "allowedValues": [
                            "fpd",
                            "spd"
                        ]
                    },
                    {
                        "param": "planYear",
                        "dataType": "enum",
                        "required": true,
                        "allowedValues": [
                            "npy",
                            "2025"
                        ]
                    }
                ]
            }
        ]
    }
]