<?xml version="1.0" encoding="UTF-8"?>
<jboss-deployment-structure>
  <deployment>
        <exclude-subsystems>
            <subsystem name="jpa" />
        </exclude-subsystems>
        <exclusions>
            <!-- WFCORE-209 workaround -->
            <module name="javaee.api" />
            <module name="jakarta.persistence.api" />
            <module name="org.hibernate" />
			<module name="com.fasterxml.jackson.core.jackson-databind"/>
			<module name="com.fasterxml.jackson.core.jackson-core"/>
			<module name="com.fasterxml.jackson.core.jackson-annotations"/>
			<module name="com.fasterxml.jackson.datatype.jackson-datatype-jdk8"/>
			<module name="com.fasterxml.jackson.datatype.jackson-datatype-jsr310"/>
			<module name="com.fasterxml.jackson.datatype.jackson-datatype-jsr310"/>
			<module name="com.fasterxml.jackson.jaxrs.jackson-jaxrs-json-provider"/>
			<module name="org.jboss.resteasy.resteasy-jackson2-provider"/>
			 <module name="org.apache.logging.log4j.api"/>
       <module name="org.apache.log4j" />
			<module name="org.apache.commons.logging" />
			<module name="org.slf4j" />
			<module name="org.slf4j.impl" />
        </exclusions>
    <dependencies>
      <module name="gov.uspto.ptabe2e.ptacts-external.configuration" />	
    </dependencies>
  </deployment>
</jboss-deployment-structure>
