<?xml version="1.0" encoding="utf-8"?>
<!DOCTYPE hibernate-mapping PUBLIC
 "-//Hibernate/Hibernate Mapping DTD//EN"
 "http://www.hibernate.org/dtd/hibernate-mapping-3.0.dtd">

<hibernate-mapping>

	
	
	<sql-query name="getRoleDiscription">
	<![CDATA[

select DESCRIPTION_TX from STND_USER_ROLE where USER_ROLE_ID=(select FK_USER_ROLE_ID from APPLICATION_USER_ROLE where FK_APPLICATION_USER_ID=:applicationUserId and ROWNUM=1)
  ]]></sql-query>
  
  	<sql-query name="getRoleId">
	<![CDATA[

select FK_USER_ROLE_ID from APPLICATION_USER_ROLE where FK_APPLICATION_USER_ID=:applicationUserId and ROWNUM=1
  ]]></sql-query>

<sql-query name="accessiblePrivilages">
	<![CDATA[

select RESOURCE_OBJECT_NM from STND_RESOURCE_OBJECT where RESOURCE_OBJECT_ID in(select FK_RESOURCE_OBJECT_ID from ACCESS_CONTROL_LIST where FK_APPLICATION_USER_ROLE_ID=(select APPLICATION_USER_ROLE_ID from APPLICATION_USER_ROLE where FK_APPLICATION_USER_ID=:applicationUserId and ROWNUM=1))
  ]]></sql-query>
  
    <sql-query name="getAppealDisciplines">
	<![CDATA[

select description_tx from code_reference where value_tx=(select discipline_Cd  from application_user where application_user_id=:judgeIdentifier) and type_Cd='APJ DISCIPLINE'
  ]]></sql-query>
  
<sql-query name="getValiedUserRole">
	<![CDATA[
  select au.user_id from application_user_role aur, application_user au 
where 
au.application_user_id=aur.fk_application_user_id
and au.user_id=:userId
and au.end_effective_dt is null
 and aur.end_effective_dt is null
  ]]></sql-query>
  
  
  
  <sql-query name="getConfigurredResourceObjectsByUserId">
	<![CDATA[
 select  sro.resource_object_nm 
from application_user_role aur, application_user au, stnd_resource_object sro, access_control_list acl
,code_reference cr
where au.application_user_id=aur.fk_application_user_id 
and au.user_id=:userId
and acl.fk_application_user_role_id=aur.application_user_role_id
and sro.resource_object_id=acl.fk_resource_object_id
and cr.description_tx = to_char(sro.resource_object_id)
and cr.type_cd='USR_PRVLGE_ACCESS'
  ]]></sql-query>
  

      <sql-query name="getLoginModalAccessByUserId">
	<![CDATA[
 select  sro.resource_object_nm 
from application_user_role aur, application_user au, stnd_resource_object sro, access_control_list acl
,code_reference cr
where au.application_user_id=aur.fk_application_user_id 
and au.user_id=:userId
and acl.fk_application_user_role_id=aur.application_user_role_id
and sro.resource_object_id=acl.fk_resource_object_id
and cr.description_tx = to_char(sro.resource_object_id)
and cr.type_cd='LOGIN_MODAL_ACCESS'
  ]]></sql-query>
  
</hibernate-mapping>

