<?xml version="1.0" encoding="UTF-8"?>
<!DOCTYPE hibernate-mapping PUBLIC "-//Hibernate/Hibernate Mapping DTD 3.0//EN" "http://hibernate.sourceforge.net/hibernate-mapping-3.0.dtd" >
<hibernate-mapping>
		
	
	<sql-query name="getAuditTrialNextId">
	<![CDATA[
	 SELECT AUDIT_TRAIL_SEQ.nextval from dual
				]]>
	</sql-query>
	
	
		<sql-query name="createAuditTrial">
	<![CDATA[
	 Insert into AUDIT_TRAIL (
	 AUDIT_TRAIL_ID,	 
	 CHANGE_OBJECT_GROUP_ID,
	 CHANGE_OPERATION_CT,
	 CHANGE_OBJECT_NM,
	 CHANGE_OBJECT_ID,
	 CHANGE_COLUMN_NM,
	 CHANGE_COLUMN_OLD_VALUE_TX,
	 CHANGE_COLUMN_NEW_VALUE_TX,
	 CHANGE_DESCRIPTION_TX,
	 CHANGE_PARENT_OBJECT_NM,
	 CHANGE_PARENT_OBJECT_ID,
	 CREATE_USER_ID,
	 CREATE_TS) values 
	 (:auditTrialId,
	 :changeObjectGroupId,
	 :changeOperationCt,
	 :changeObjectNm,
	 :changeObjectId,
	 :changeColumnNm,
	 :changeColumnOldValueTx,
	 :changeColumnNewValueTx,
	 :changeDescriptionTx,
	 :changeParentObjectNm,
	 :changeParentObjectId,
	 :createdUserId,
	 sysdate)

				]]>
	</sql-query>
	
	
		<sql-query name="getAuditText">
	<![CDATA[
	 select audit_text from stnd_uri_audit_text_mapping 
	 where 
	 uri_tx=:uriTx
	 and operation=:operation
	 and end_effective_dt is null
				]]>
	</sql-query>
	
	<sql-query name="getAuditTextLike">
	<![CDATA[
	 select uri_tx, audit_text from stnd_uri_audit_text_mapping 
	 where 
	 uri_tx like (:uriTx || '%')
	 and operation=:operation
	 and end_effective_dt is null
				]]>
	</sql-query>
	
	<sql-query name="getCodeReferenceDescription">
	<![CDATA[
	select description_tx from code_reference where type_cd=:typeCd and value_tx=:valueTx
	]]>
	</sql-query>
	
	<sql-query name="getCommonTrialsProceedingIdList">
	<![CDATA[
	select proceeding_id from proceeding where proceeding_no=:caseNumber
	]]>
	</sql-query>
	
	  	<sql-query name="getUserPermissionDetails">
	<![CDATA[
		select usrp.nm_tx as usrpNmTx,
			op.nm_tx as opNmTx,
			po.nm_tx as poNmTx,
			po.object_uuid ,
			spt.nm_tx as sptNmTx

from user_permission usrp, application_user au, object_permission op, ptab_object po, stnd_permission_type spt
where 
usrp.fk_application_user_id=au.application_user_id
and usrp.fk_object_permission_id=op.object_permission_id
and po.ptab_object_id=op.fk_ptab_object_id
and spt.permission_id=op.fk_permission_id

	]]>
	</sql-query>
	
</hibernate-mapping>