<?xml version="1.0" encoding="UTF-8"?>
<!DOCTYPE hibernate-mapping PUBLIC "-//Hibernate/Hibernate Mapping DTD 3.0//EN" "http://hibernate.sourceforge.net/hibernate-mapping-3.0.dtd" >
<hibernate-mapping>
		
	
	<sql-query name="commonGetAuditTrialNextId">
	<![CDATA[
	 SELECT AUDIT_TRAIL_SEQ.nextval from dual
				]]>
	</sql-query>
	
	
		<sql-query name="commonCreateAuditTrial">
	<![CDATA[
	 Insert into AUDIT_TRAIL (
	 AUDIT_TRAIL_ID,	 
	 CHANGE_OBJECT_GROUP_ID,
	 CHANGE_OPERATION_CT,
	 CHANGE_OBJECT_NM,
	 CHANGE_OBJECT_ID,
	 CHANGE_COLUMN_NM,
	 CHANGE_COLUMN_OLD_VALUE_TX,
	 CHANGE_COLUMN_NEW_VALUE_TX,
	 CHANGE_DESCRIPTION_TX,
	 CHANGE_PARENT_OBJECT_NM,
	 CHANGE_PARENT_OBJECT_ID,
	 CREATE_USER_ID,
	 CREATE_TS) values 
	 (:auditTrialId,
	 :changeObjectGroupId,
	 :changeOperationCt,
	 :changeObjectNm,
	 :changeObjectId,
	 :changeColumnNm,
	 :changeColumnOldValueTx,
	 :changeColumnNewValueTx,
	 :changeDescriptionTx,
	 :changeParentObjectNm,
	 :changeParentObjectId,
	 :createdUserId,
	 sysdate)

				]]>
	</sql-query>
	
	
		<sql-query name="commonGetAuditText">
	<![CDATA[
	 select audit_text from stnd_uri_audit_text_mapping 
	 where 
	 uri_tx=:uriTx
	 and operation=:operation
	 and end_effective_dt is null
				]]>
	</sql-query>
	
	<sql-query name="commonGetAuditTextLike">
	<![CDATA[
	 select uri_tx, audit_text from stnd_uri_audit_text_mapping 
	 where 
	 uri_tx like (:uriTx || '%')
	 and operation=:operation
	 and end_effective_dt is null
				]]>
	</sql-query>
	
	<sql-query name="commonGetCodeReferenceDescription">
	<![CDATA[
	select description_tx from code_reference where type_cd=:typeCd and value_tx=:valueTx
	]]>
	</sql-query>
	
	<sql-query name="getProceedingNoByID">
	<![CDATA[
	select proceeding_no From proceeding where proceeding_id=:proceedingId
	]]>
	</sql-query>
	
<sql-query name="checkProceedingByEmail">
	<![CDATA[
		select p.proceeding_no From proceeding p, PROCEEDING_PARTY pp,PRCDNG_PARTY_ELCTRN_ADDR PPE,PROCEEDING_PARTY_GROUP ppg
		where p.PROCEEDING_ID = pp.FK_PROCEEDING_ID
		and pp.PROCEEDING_PARTY_ID = PPE.FK_PROCEEDING_PARTY_ID
		and ppg.PROCEEDING_PARTY_GROUP_ID = pp.FK_PROCEEDING_PARTY_GROUP_ID
		and ppg.FK_PRCDNG_PARTY_GROUP_STAT_ID=1
		and PPE.ELECTRONIC_ADDR_LOCATOR_TX=:emailid
		and p.PROCEEDING_NO=:caseNo
		union
		select dn.proceeding_no From DN_DOCKET dn, PROCEEDING_PARTY pp,party p, individual_party ip, external_user eu
		where dn.PROCEEDING_SUPPLEMENTARY_ID = pp.FK_PROCEEDING_ID
		and pp.FK_PARTY_ID = p.PARTY_ID
		and ip.FK_PARTY_ID=p.party_id
		and ip.FK_APPLICATION_USER_ID = eu.FK_APPLICATION_USER_ID
		and eu.ELECTRONIC_ADDR_LOCATOR_TX=:emailid
		and dn.PROCEEDING_NO=:caseNo
		and dn.CURRENT_PRCDNG_STATE_ID=1
		 union
        select dn.proceeding_no From DN_DOCKET dn, PROCEEDING_PARTY pp,party p, organization_party op, external_user eu
		where dn.PROCEEDING_SUPPLEMENTARY_ID = pp.FK_PROCEEDING_ID
		and pp.FK_PARTY_ID = p.PARTY_ID
		and op.FK_PARTY_ID=p.party_id
		and op.create_USER_ID = eu.FK_APPLICATION_USER_ID
		and eu.ELECTRONIC_ADDR_LOCATOR_TX=:emailid
		and dn.PROCEEDING_NO=:caseNo
		and dn.CURRENT_PRCDNG_STATE_ID=1
		and rownum=1
	]]>
	</sql-query>

<sql-query name="checkProceedingByEmailForPaymentReceipt">
	<![CDATA[
		select p.proceeding_no From proceeding p, PROCEEDING_PARTY pp,PRCDNG_PARTY_ELCTRN_ADDR PPE,PROCEEDING_PARTY_GROUP ppg
		where p.PROCEEDING_ID = pp.FK_PROCEEDING_ID
		and pp.PROCEEDING_PARTY_ID = PPE.FK_PROCEEDING_PARTY_ID
		and ppg.PROCEEDING_PARTY_GROUP_ID = pp.FK_PROCEEDING_PARTY_GROUP_ID
		and ppg.FK_PRCDNG_PARTY_GROUP_STAT_ID=1
		and PPE.ELECTRONIC_ADDR_LOCATOR_TX=:emailid
		and p.PROCEEDING_NO=:caseNo
		union
		select dn.proceeding_no From DN_DOCKET dn, PROCEEDING_PARTY pp,party p, individual_party ip, external_user eu
		where dn.PROCEEDING_SUPPLEMENTARY_ID = pp.FK_PROCEEDING_ID
		and pp.FK_PARTY_ID = p.PARTY_ID
		and ip.FK_PARTY_ID=p.party_id
		and ip.FK_APPLICATION_USER_ID = eu.FK_APPLICATION_USER_ID
		and eu.ELECTRONIC_ADDR_LOCATOR_TX=:emailid
		and dn.PROCEEDING_NO=:caseNo
		and dn.CURRENT_PRCDNG_STATE_ID in (1,2)
		 union
        select dn.proceeding_no From DN_DOCKET dn, PROCEEDING_PARTY pp,party p, organization_party op, external_user eu
		where dn.PROCEEDING_SUPPLEMENTARY_ID = pp.FK_PROCEEDING_ID
		and pp.FK_PARTY_ID = p.PARTY_ID
		and op.FK_PARTY_ID=p.party_id
		and op.create_USER_ID = eu.FK_APPLICATION_USER_ID
		and eu.ELECTRONIC_ADDR_LOCATOR_TX=:emailid
		and dn.PROCEEDING_NO=:caseNo
		and dn.CURRENT_PRCDNG_STATE_ID in (1,2)
		and rownum=1
	]]>
	</sql-query>
		
	<sql-query name="commonGetTrialsProceedingIdList">
	<![CDATA[
	select proceeding_id from proceeding where proceeding_no=:caseNumber
	]]>
	</sql-query>
	
	<sql-query name="commonGetValiedUserRole">
	<![CDATA[
	select eu.electronic_addr_locator_tx from application_user au,external_user eu
	where  au.APPLICATION_USER_ID=eu.FK_APPLICATION_USER_ID
       and au.cfk_patron_id=rpad(:routeId,50,' ')
       and au.end_effective_dt is null
       and eu.end_effective_dt is null 
    union
  	select au.user_id from application_user_role aur, application_user au 
	where 
		au.application_user_id=aur.fk_application_user_id
		and au.user_id=:userId
		and au.end_effective_dt is null
	 	and aur.end_effective_dt is null
	union 
	select eu.electronic_addr_locator_tx from external_user eu
	where
	    eu.electronic_addr_locator_tx=:userId
	    and eu.end_effective_dt is null
  ]]></sql-query>
	
	 
  <sql-query name="commonGetConfigurredResourceObjectsByUserId">
	<![CDATA[
 select  sro.resource_object_nm 
from application_user_role aur, application_user au, stnd_resource_object sro, access_control_list acl
,code_reference cr
where au.application_user_id=aur.fk_application_user_id 
and au.user_id=:userId
and acl.fk_application_user_role_id=aur.application_user_role_id
and sro.resource_object_id=acl.fk_resource_object_id
and cr.description_tx = to_char(sro.resource_object_id)
and cr.type_cd='USR_PRVLGE_ACCESS'
  ]]></sql-query>
  
    <sql-query name="commonGetApplicationUserId">
	<![CDATA[
    select au.application_user_id from application_user_role aur, application_user au 
	where 
		au.application_user_id=aur.fk_application_user_id
		and au.user_id=:userId
		and au.end_effective_dt is null
	 	and aur.end_effective_dt is null
	union 
	select eu.fk_application_user_id from external_user eu
	where
	    eu.electronic_addr_locator_tx=:userId
	    and eu.end_effective_dt is null
  ]]></sql-query>
  
  <sql-query name="commonGetUserPermissionDetails">
	<![CDATA[
		select usrp.nm_tx as usrpNmTx,
			op.nm_tx as opNmTx,
			po.nm_tx as poNmTx,
			po.object_uuid ,
			spt.nm_tx as sptNmTx

from user_permission usrp, application_user au, object_permission op, ptab_object po, stnd_permission_type spt
where 
usrp.fk_application_user_id=au.application_user_id
and usrp.fk_object_permission_id=op.object_permission_id
and po.ptab_object_id=op.fk_ptab_object_id
and spt.permission_id=op.fk_permission_id

	]]>
	</sql-query>
	
	 <sql-query name="commonGetValidUserAuthorization">
	<![CDATA[
	select eu.electronic_addr_locator_tx from application_user au,external_user eu
	where  au.APPLICATION_USER_ID=eu.FK_APPLICATION_USER_ID
       and au.end_effective_dt is null
       and eu.end_effective_dt is null
       and eu.fk_user_status_id = 2
       and eu.electronic_addr_locator_tx=:userId
  ]]>
  </sql-query>
	
	
	  <sql-query name="getArtifactDetails">
	<![CDATA[
		SELECT 
			  proceeding_artifact.proceeding_artifact_id                                 AS "artifactId",
			  PROCEEDING.PROCEEDING_NO                                                   AS "proceedingNumber", 
			  PROCEEDING_ARTIFACT.FK_AVAILABILITY_CD                                     AS "availability",
			  artifact_submission.artifact_submission_id                                 AS "artifactSubmissionId",
			  artifact_submission_status.artifact_submission_status_id                   AS "artifactSubmissionStatus",
			  STND_ARTIFACT_TYPE.ARTIFACT_TYPE_CD                                        AS "artifactTypeCd",
			  ARTIFACT_SUBMISSION_STATUS.FK_PROXY_SUBMITTER_ROLE_NM                      AS "filingParty", 
			  PROCEEDING_ARTIFACT.ARTIFACT_NM                                            AS "documentTitle",
			  ARTIFACT_SUBMISSION_STATUS.FK_SUBMISSION_STATUS_CD                         AS "statusCode",
			  STND_DOCUMENT_TYPE.DOCUMENT_TYPE_CD                                        As "documentTypeCode"
			 FROM PROCEEDING,
			  PROCEEDING_ARTIFACT,
			  ARTIFACT_SUBMISSION,
			  ARTIFACT_SUBMISSION_STATUS,
			  STND_ARTIFACT_TYPE,
			  DOCUMENT doc,
             STND_DOCUMENT_TYPE
			WHERE PROCEEDING.PROCEEDING_ID                           = ARTIFACT_SUBMISSION.FK_PROCEEDING_ID
			AND ARTIFACT_SUBMISSION.ARTIFACT_SUBMISSION_ID           = PROCEEDING_ARTIFACT.FK_ARTIFACT_SUBMISSION_ID
			AND ARTIFACT_SUBMISSION_STATUS.FK_ARTIFACT_SUBMISSION_ID = ARTIFACT_SUBMISSION.ARTIFACT_SUBMISSION_ID
			AND PROCEEDING_ARTIFACT.FK_ARTIFACT_TYPE_ID              = STND_ARTIFACT_TYPE.ARTIFACT_TYPE_ID
			 and PROCEEDING_ARTIFACT.proceeding_artifact_id = doc.FK_PROCEEDING_ARTIFACT_ID (+)
             and doc.FK_DOCUMENT_TYPE_ID = STND_DOCUMENT_TYPE.DOCUMENT_TYPE_ID(+)
			AND  proceeding_artifact.proceeding_artifact_id =:artifactId

	]]>
	</sql-query>
	
	  <sql-query name="getArtifactDetailsFromHist">
	<![CDATA[
		SELECT 
			  PROCEEDING_ARTIFACT_H.PROCEEDING_ARTIFACT_id                                 AS "artifactId",
			  PROCEEDING.PROCEEDING_NO                                                   AS "proceedingNumber", 
			  PROCEEDING_ARTIFACT_H.FK_AVAILABILITY_CD                                     AS "availability",
			  artifact_submission.artifact_submission_id                                 AS "artifactSubmissionId",
			  artifact_submission_status.artifact_submission_status_id                   AS "artifactSubmissionStatus",
			  STND_ARTIFACT_TYPE.ARTIFACT_TYPE_CD                                        AS "artifactTypeCd",
			  ARTIFACT_SUBMISSION_STATUS.FK_PROXY_SUBMITTER_ROLE_NM                      AS "filingParty", 
			  PROCEEDING_ARTIFACT_H.ARTIFACT_NM                                            AS "documentTitle",
			  ARTIFACT_SUBMISSION_STATUS.FK_SUBMISSION_STATUS_CD                         AS "statusCode"
			 FROM PROCEEDING,
			  PROCEEDING_ARTIFACT_H,
			  ARTIFACT_SUBMISSION,
			  ARTIFACT_SUBMISSION_STATUS,
			  STND_ARTIFACT_TYPE
			WHERE PROCEEDING.PROCEEDING_ID                           = ARTIFACT_SUBMISSION.FK_PROCEEDING_ID
			AND ARTIFACT_SUBMISSION.ARTIFACT_SUBMISSION_ID           = PROCEEDING_ARTIFACT_H.FK_ARTIFACT_SUBMISSION_ID
			AND ARTIFACT_SUBMISSION_STATUS.FK_ARTIFACT_SUBMISSION_ID = ARTIFACT_SUBMISSION.ARTIFACT_SUBMISSION_ID
			AND PROCEEDING_ARTIFACT_H.FK_ARTIFACT_TYPE_ID              = STND_ARTIFACT_TYPE.ARTIFACT_TYPE_ID
			AND  PROCEEDING_ARTIFACT_H.PROCEEDING_ARTIFACT_id =:artifactId

	]]>
	</sql-query>
	
	
	<sql-query name="getProceedingPartyGroupName">
	<![CDATA[
	        select distinct sppgt.prcdng_party_group_type_cd
            from
                   PROCEEDING p,proceeding_party_group ppg,proceeding_party pp,party pr,individual_party ip,external_user eu,
                   stnd_prcdng_party_group_type sppgt
            where
                  ppg.fk_prcdng_party_group_type_id=sppgt.prcdng_party_group_type_id
                  and ppg.fk_proceeding_id   =  p.proceeding_id
                  and pp.fk_proceeding_party_group_id  = ppg.proceeding_party_group_id
                  and pr.party_id = pp.fk_party_id
                  and ip.fk_party_id = pr.party_id
                  and ip.fk_application_user_id = eu.fk_application_user_id
                  and eu.ELECTRONIC_ADDR_LOCATOR_TX =  :emailid
                  and p.proceeding_no like :caseNo 
                  and (
                       (ppg.FK_PRCDNG_PARTY_GROUP_STAT_ID = 1 and pp.FK_PRCDNG_PARTY_TYPE_CD = 'REAL PARTY' and pp.RANK_NO = 1 and pp.PRO_SE_IN = 'Y')
                       or
                      (ppg.FK_PRCDNG_PARTY_GROUP_STAT_ID = 1 and pp.FK_PRCDNG_PARTY_TYPE_CD = 'COUNSEL')
                      )                
	    ]]>
	</sql-query>
	
  
  	<sql-query name="getUserIdsForIntfPrcdPartyGroup">
	<![CDATA[
		select distinct eu.fk_application_user_id
		from proceeding_party_group ppg,proceeding_party pp,party pr,individual_party ip,external_user eu
		where pp.fk_proceeding_party_group_id  = ppg.proceeding_party_group_id
		and pr.party_id = pp.fk_party_id
		and ip.fk_party_id = pr.party_id
		and ip.fk_application_user_id = eu.fk_application_user_id
		and ppg.PROCEEDING_PARTY_GROUP_ID in (
		     select ppg.PROCEEDING_PARTY_GROUP_ID
		     from  PROCEEDING p,proceeding_party_group ppg,proceeding_party pp,party pr,individual_party ip,external_user eu
		     where ppg.fk_proceeding_id   =  p.proceeding_id 
		     and pp.fk_proceeding_party_group_id  = ppg.proceeding_party_group_id
		     and pr.party_id = pp.fk_party_id
		     and ip.fk_party_id = pr.party_id
		     and ip.fk_application_user_id = eu.fk_application_user_id
             and eu.ELECTRONIC_ADDR_LOCATOR_TX =  :emailid
             and p.proceeding_no like :caseNo 
		     and (
		           (ppg.FK_PRCDNG_PARTY_GROUP_STAT_ID = 1 and pp.FK_PRCDNG_PARTY_TYPE_CD = 'REAL PARTY' and pp.RANK_NO = 1 and pp.PRO_SE_IN = 'Y')
		                 or
		           (ppg.FK_PRCDNG_PARTY_GROUP_STAT_ID = 1 and pp.FK_PRCDNG_PARTY_TYPE_CD = 'COUNSEL')
		          )
		    )
    ]]>
	</sql-query>
	
</hibernate-mapping>
