[
  {
    "proceedingId": 1554653,
    "proceedingNumber": "IPR2024-00001",
    "poArtUnitcd": "1621",
    "poPatentNumber": "9834535",
    "poApplicationId": "15103699",
    "poInventionTitleTx": "Sulfamate Derivative Compounds for Use in Treating or Alleviating Pain",
    "poInventorFullName": "Choi, YongMoon",
    "statusDisplay": "Final Written Decision",
    "poRealParty": "--",
    "petiRealParty": "Mittleman, Jan",
    "prcdCreatedTs": "2023-10-02 11:10:10.10",
    "poTechCenterId": "1600",
    "allPartiesInfo": "{\"petitioner\":{\"counselList\":[\"Roadcap, David\",\"K change, change\"],\"realParty\":\"Mittleman, Jan\",\"additionalPartyList\":[],\"emailList\":[\"test1_droadcap-ptab@sternekessler.com.123\",\"kevinknox06@gmail.com\"]},\"patentOwner\":{}}",
    "terminationDate": "1705060810000",
    "institutionDecisionDate": "1705060810000",
    "terminationType": "Final Written Decision",
    "ptabSubStateName": "Pending Rehearing Request",
    "trialType": "IPR",
    "trialTypeDesc": "Inter Partes Review",
    "extUserPrcdPartyGrpType": "Petitioner"
  },
  {
    "proceedingId": 1554661,
    "proceedingNumber": "IPR2024-00003",
    "poArtUnitcd": "2161",
    "poPatentNumber": "9483535",
    "poApplicationId": "14229119",
    "poInventionTitleTx": "SYSTEMS AND METHODS FOR EXPANDING SEARCH RESULTS",
    "poInventorFullName": "Coyle, Michael",
    "statusDisplay": "Pending Director Review",
    "poRealParty": "Test, Joy",
    "petiRealParty": "cdss, cds",
    "prcdCreatedTs": "2023-10-05 11:10:10.10",
    "poTechCenterId": "2100",
    "allPartiesInfo": "{\"petitioner\":{\"counselList\":[\"Baker, Robert\"],\"realParty\":\"cdss, cds\",\"additionalPartyList\":[],\"emailList\":[\"rishiajay500@gmail.com\"]},\"patentOwner\":{\"counselList\":[\"Taylor, Derek\"],\"realParty\":\"Test, Joy\",\"additionalPartyList\":[],\"emailList\":[\"derektaylerlawfirm@gmail.com\"]}}",
    "terminationDate": "1706702410000",
    "institutionDecisionDate": "1705406410000",
    "terminationType": "Final Written Decision",
    "ptabSubStateName": "Pending Rehearing Request-DR",
    "trialType": "IPR",
    "trialTypeDesc": "Inter Partes Review"
  },
  {
    "proceedingId": 1554662,
    "proceedingNumber": "IPR2024-00004",
    "poArtUnitcd": "2161",
    "poPatentNumber": "5555555",
    "poApplicationId": "14229119",
    "poInventionTitleTx": "SYSTEMS AND METHODS FOR EXPANDING SEARCH RESULTS",
    "poInventorFullName": "Coyle, Michael",
    "statusDisplay": "Trial Instituted",
    "poRealParty": "n, r",
    "petiRealParty": "Bender, Kyle",
    "prcdCreatedTs": "2023-10-10 11:10:10.10",
    "poTechCenterId": "2100",
    "allPartiesInfo": "{\"petitioner\":{\"counselList\":[\"Testptacts, Testaccount\",\"K change, change\"],\"realParty\":\"Bender, Kyle\",\"additionalPartyList\":[],\"emailList\":[\"ptactstesting@post.com\",\"kevinknox06@gmail.com\"]},\"patentOwner\":{\"counselList\":[\"K change, change\",\"Joseph, Liam\",\"Joseph, Liam\"],\"realParty\":\"n, r\",\"additionalPartyList\":[],\"emailList\":[\"kevinknox06@gmail.com\",\"aruljms@gmail.com\",\"aruljms@gmail.com\"]}}",
    "institutionDecisionDate": "1705492810000",
    "terminationType": "Remanded-in part",
    "ptabSubStateName": "Rehearing request filed",
    "trialType": "IPR",
    "trialTypeDesc": "Inter Partes Review",
    "extUserPrcdPartyGrpType": "PatentOwner"
  },
  {
    "proceedingId": 1554662,
    "proceedingNumber": "IPR2024-00004",
    "poArtUnitcd": "2161",
    "poPatentNumber": "5555555",
    "poApplicationId": "14229119",
    "poInventionTitleTx": "SYSTEMS AND METHODS FOR EXPANDING SEARCH RESULTS",
    "poInventorFullName": "Coyle, Michael",
    "statusDisplay": "Trial Instituted",
    "poRealParty": "n, r",
    "petiRealParty": "Bender, Kyle",
    "prcdCreatedTs": "2023-10-10 11:10:10.10",
    "poTechCenterId": "2100",
    "allPartiesInfo": "{\"petitioner\":{\"counselList\":[\"Testptacts, Testaccount\",\"K change, change\"],\"realParty\":\"Bender, Kyle\",\"additionalPartyList\":[],\"emailList\":[\"ptactstesting@post.com\",\"kevinknox06@gmail.com\"]},\"patentOwner\":{\"counselList\":[\"K change, change\",\"Joseph, Liam\",\"Joseph, Liam\"],\"realParty\":\"n, r\",\"additionalPartyList\":[],\"emailList\":[\"kevinknox06@gmail.com\",\"aruljms@gmail.com\",\"aruljms@gmail.com\"]}}",
    "institutionDecisionDate": "1705492810000",
    "terminationType": "Remanded-in part",
    "ptabSubStateName": "Rehearing request filed",
    "trialType": "IPR",
    "trialTypeDesc": "Inter Partes Review",
    "extUserPrcdPartyGrpType": "Petitioner"
  },
  {
    "proceedingId": 1554663,
    "proceedingNumber": "IPR2024-00005",
    "poArtUnitcd": "1714",
    "poPatentNumber": "9856576",
    "poApplicationId": "14430868",
    "poInventionTitleTx": "PULLING A SEMICONDUCTOR SINGLE CRYSTAL ACCORDING TO THE CZOCHRALSKI METHOD",
    "poInventorFullName": "HÃ¼nermann, Michael",
    "statusDisplay": "Trial Instituted",
    "poRealParty": "--",
    "petiRealParty": "Atkinson, Rowan",
    "prcdCreatedTs": "2023-10-05 11:10:10.10",
    "poTechCenterId": "1700",
    "allPartiesInfo": "{\"petitioner\":{\"counselList\":[\"K change, change\"],\"realParty\":\"Atkinson, Rowan\",\"additionalPartyList\":[],\"emailList\":[\"kevinknox06@gmail.com\"]},\"patentOwner\":{}}",
    "institutionDecisionDate": "1701864010000",
    "terminationType": "Institution Granted",
    "ptabSubStateName": "Rehearing request filed-DR",
    "trialType": "IPR",
    "trialTypeDesc": "Inter Partes Review",
    "extUserPrcdPartyGrpType": "Petitioner"
  },
  {
    "proceedingId": 1554741,
    "proceedingNumber": "IPR2024-00010",
    "poArtUnitcd": "2606",
    "poPatentNumber": "5555555",
    "poApplicationId": "08183369",
    "poInventionTitleTx": "APPARATUS WHICH DETECTS LINES APPROXIMATING AN IMAGE BY REPEATEDLY NARROWING AN AREA OF THE IMAGE TO BE ANALYZED AND INCREASING THE RESOLUTION IN THE ANALYZED AREA",
    "poInventorFullName": "SATO, JUN",
    "statusDisplay": "Notice of Filing Date Accorded",
    "poRealParty": "--",
    "petiRealParty": "K change, change",
    "prcdCreatedTs": "2024-01-29 12:01:10.10",
    "poTechCenterId": "2600",
    "allPartiesInfo": "{\"petitioner\":{\"counselList\":[\"K change, change\"],\"realParty\":\"K change, change\",\"additionalPartyList\":[],\"emailList\":[\"kevinknox06@gmail.com\",\"kevinknox06@gmail.com\"]},\"patentOwner\":{}}",
    "terminationType": "",
    "ptabSubStateName": "Notice of filing date accorded",
    "trialType": "IPR",
    "trialTypeDesc": "Inter Partes Review",
    "extUserPrcdPartyGrpType": "Petitioner"
  },
  {
    "proceedingId": 1554781,
    "proceedingNumber": "IPR2024-00011",
    "poArtUnitcd": "1731",
    "poPatentNumber": "9548142",
    "poApplicationId": "14403752",
    "poInventionTitleTx": "HIGH-WITHSTANDING-VOLTAGE ALUMINA SINTERED COMPACT AND HIGH-WITHSTANDING-VOLTAGE MEMBER",
    "poInventorFullName": "Toyoda, Satoshi",
    "statusDisplay": "Terminated",
    "poRealParty": "--",
    "petiRealParty": "Tester, Paul",
    "prcdCreatedTs": "2023-12-21 12:12:10.10",
    "poTechCenterId": "1700",
    "allPartiesInfo": "{\"petitioner\":{\"counselList\":[\"Pratt, Chris\"],\"realParty\":\"Tester, Paul\",\"additionalPartyList\":[],\"emailList\":[\"ptactsstarlord@gmail.com\"]},\"patentOwner\":{}}",
    "terminationDate": "1704801610000",
    "terminationType": "Request for adverse judgment before institution",
    "ptabSubStateName": "Terminated-Adverse Judgment",
    "trialType": "IPR",
    "trialTypeDesc": "Inter Partes Review"
  },
  {
    "proceedingId": 1554803,
    "proceedingNumber": "IPR2024-00013",
    "poArtUnitcd": "2674",
    "poPatentNumber": "9696956",
    "poApplicationId": "15162995",
    "poInventionTitleTx": "Communication Device Communicating Target Data With External Device According To Near Field Communication",
    "poInventorFullName": "Asakura, Hirotaka",
    "statusDisplay": "Final Written Decision",
    "poRealParty": "--",
    "petiRealParty": "K change, change",
    "prcdCreatedTs": "2023-12-06 12:12:10.10",
    "poTechCenterId": "2600",
    "allPartiesInfo": "{\"petitioner\":{\"counselList\":[\"K change, change\"],\"realParty\":\"K change, change\",\"additionalPartyList\":[],\"emailList\":[\"kevinknox06@gmail.com\",\"kevinknox06@gmail.com\"]},\"patentOwner\":{}}",
    "terminationDate": "1705665610000",
    "institutionDecisionDate": "1704283210000",
    "terminationType": "Final Written Decision",
    "ptabSubStateName": "Rehearing decision - FWD",
    "trialType": "IPR",
    "trialTypeDesc": "Inter Partes Review",
    "extUserPrcdPartyGrpType": "Petitioner"
  },
  {
    "proceedingId": 1554805,
    "proceedingNumber": "IPR2024-00015",
    "poArtUnitcd": "2606",
    "poPatentNumber": "5555555",
    "poApplicationId": "08183369",
    "poInventionTitleTx": "APPARATUS WHICH DETECTS LINES APPROXIMATING AN IMAGE BY REPEATEDLY NARROWING AN AREA OF THE IMAGE TO BE ANALYZED AND INCREASING THE RESOLUTION IN THE ANALYZED AREA",
    "poInventorFullName": "SATO, JUN",
    "statusDisplay": "Final Written Decision",
    "poRealParty": "b, r",
    "petiRealParty": "K, M",
    "prcdCreatedTs": "2023-12-07 12:12:10.10",
    "poTechCenterId": "2600",
    "allPartiesInfo": "{\"petitioner\":{\"counselList\":[\"K change, change\"],\"realParty\":\"K, M\",\"additionalPartyList\":[],\"emailList\":[\"kevinknox06@gmail.com\"]},\"patentOwner\":{\"counselList\":[\"Baker, Robert\"],\"realParty\":\"b, r\",\"additionalPartyList\":[],\"emailList\":[\"rishiajay500@gmail.com\"]}}",
    "terminationDate": "1706788810000",
    "institutionDecisionDate": "1706788810000",
    "terminationType": "Final Written Decision",
    "ptabSubStateName": "Pending Rehearing Request",
    "trialType": "IPR",
    "trialTypeDesc": "Inter Partes Review",
    "extUserPrcdPartyGrpType": "Petitioner"
  },
  {
    "proceedingId": 1554821,
    "proceedingNumber": "IPR2024-00017",
    "poArtUnitcd": "2606",
    "poPatentNumber": "5555555",
    "poApplicationId": "08183369",
    "poInventionTitleTx": "APPARATUS WHICH DETECTS LINES APPROXIMATING AN IMAGE BY REPEATEDLY NARROWING AN AREA OF THE IMAGE TO BE ANALYZED AND INCREASING THE RESOLUTION IN THE ANALYZED AREA",
    "poInventorFullName": "SATO, JUN",
    "statusDisplay": "Trial Instituted",
    "poRealParty": "Monroe, James et al.",
    "petiRealParty": "MK Org",
    "prcdCreatedTs": "2023-12-15 12:12:10.10",
    "poTechCenterId": "2600",
    "allPartiesInfo": "{\"petitioner\":{\"counselList\":[\"K change, change\"],\"realParty\":\"MK Org\",\"additionalPartyList\":[],\"emailList\":[\"kevinknox06@gmail.com\"]},\"patentOwner\":{\"counselList\":[\"K change, change\"],\"realParty\":\"Monroe, James\",\"additionalPartyList\":[\"Smith, John\"],\"emailList\":[\"kevinknox06@gmail.com\"]}}",
    "institutionDecisionDate": "1706529610000",
    "terminationType": "Institution Granted",
    "ptabSubStateName": "Instituted",
    "trialType": "IPR",
    "trialTypeDesc": "Inter Partes Review",
    "extUserPrcdPartyGrpType": "PatentOwner"
  },
  {
    "proceedingId": 1554821,
    "proceedingNumber": "IPR2024-00017",
    "poArtUnitcd": "2606",
    "poPatentNumber": "5555555",
    "poApplicationId": "08183369",
    "poInventionTitleTx": "APPARATUS WHICH DETECTS LINES APPROXIMATING AN IMAGE BY REPEATEDLY NARROWING AN AREA OF THE IMAGE TO BE ANALYZED AND INCREASING THE RESOLUTION IN THE ANALYZED AREA",
    "poInventorFullName": "SATO, JUN",
    "statusDisplay": "Trial Instituted",
    "poRealParty": "Monroe, James et al.",
    "petiRealParty": "MK Org",
    "prcdCreatedTs": "2023-12-15 12:12:10.10",
    "poTechCenterId": "2600",
    "allPartiesInfo": "{\"petitioner\":{\"counselList\":[\"K change, change\"],\"realParty\":\"MK Org\",\"additionalPartyList\":[],\"emailList\":[\"kevinknox06@gmail.com\"]},\"patentOwner\":{\"counselList\":[\"K change, change\"],\"realParty\":\"Monroe, James\",\"additionalPartyList\":[\"Smith, John\"],\"emailList\":[\"kevinknox06@gmail.com\"]}}",
    "institutionDecisionDate": "1706529610000",
    "terminationType": "Institution Granted",
    "ptabSubStateName": "Instituted",
    "trialType": "IPR",
    "trialTypeDesc": "Inter Partes Review",
    "extUserPrcdPartyGrpType": "Petitioner"
  },
  {
    "proceedingId": 1554843,
    "proceedingNumber": "IPR2024-00021",
    "poArtUnitcd": "2836",
    "poPatentNumber": "9853457",
    "poApplicationId": "14522666",
    "poInventionTitleTx": "WIRELESS POWER TRANSMISSION APPARATUS AND WIRELESS POWER TRANSMISSION SYSTEM",
    "poInventorFullName": "KANNO, HIROSHI",
    "statusDisplay": "Final Written Decision",
    "poRealParty": "--",
    "petiRealParty": "Cook, John",
    "prcdCreatedTs": "2023-12-26 12:12:10.10",
    "poTechCenterId": "2800",
    "allPartiesInfo": "{\"petitioner\":{\"counselList\":[\"K change, change\"],\"realParty\":\"Cook, John\",\"additionalPartyList\":[],\"emailList\":[\"kevinknox06@gmail.com\"]},\"patentOwner\":{}}",
    "terminationDate": "1705060810000",
    "institutionDecisionDate": "1705060810000",
    "terminationType": "Final Written Decision",
    "ptabSubStateName": "Pending Rehearing Request",
    "trialType": "IPR",
    "trialTypeDesc": "Inter Partes Review",
    "extUserPrcdPartyGrpType": "Petitioner"
  },
  {
    "proceedingId": 1554861,
    "proceedingNumber": "IPR2024-00022",
    "poArtUnitcd": "3617",
    "poPatentNumber": "8941331",
    "poApplicationId": "14990986",
    "poInventionTitleTx": "BACKUP POWER NOTIFICATION SYSTEM FOR RAILROAD INSTALLATIONS",
    "poInventorFullName": "QuiÃ±onez, Eduardo",
    "statusDisplay": "Trial Instituted",
    "poRealParty": "--",
    "petiRealParty": "Baker, Robert",
    "prcdCreatedTs": "2024-01-04 12:01:10.10",
    "poTechCenterId": "3600",
    "allPartiesInfo": "{\"petitioner\":{\"counselList\":[\"K change, change\"],\"realParty\":\"Baker, Robert\",\"additionalPartyList\":[],\"emailList\":[\"kevinknox06@gmail.com\",\"rishiajay500@gmail.com\"]},\"patentOwner\":{}}",
    "institutionDecisionDate": "1704369610000",
    "terminationType": "Institution Granted",
    "ptabSubStateName": "Instituted",
    "trialType": "IPR",
    "trialTypeDesc": "Inter Partes Review",
    "extUserPrcdPartyGrpType": "Petitioner"
  },
  {
    "proceedingId": 1554904,
    "proceedingNumber": "IPR2024-00025",
    "poArtUnitcd": "2456",
    "poPatentNumber": "9843534",
    "poApplicationId": "14575353",
    "poInventionTitleTx": "METHOD AND APPARATUS FOR MANAGING PROVISIONING AND UTILIZATION OF RESOURCES",
    "poInventorFullName": "MCFARLIN, BrentD.",
    "statusDisplay": "Notice of Filing Date Accorded",
    "poRealParty": "--",
    "petiRealParty": "Smith, John et al.",
    "prcdCreatedTs": "2024-01-18 12:01:10.10",
    "poTechCenterId": "2400",
    "allPartiesInfo": "{\"petitioner\":{\"counselList\":[\"K change, change\"],\"realParty\":\"Smith, John\",\"additionalPartyList\":[\"rishiajay500@gmail.com\"],\"emailList\":[\"kevinknox06@gmail.com\"]},\"patentOwner\":{}}",
    "terminationType": "",
    "ptabSubStateName": "Notice of filing date accorded",
    "trialType": "IPR",
    "trialTypeDesc": "Inter Partes Review",
    "extUserPrcdPartyGrpType": "Petitioner"
  },
  {
    "proceedingId": 1554906,
    "proceedingNumber": "IPR2024-00026",
    "poArtUnitcd": "1625",
    "poPatentNumber": "9834534",
    "poApplicationId": "15162055",
    "poInventionTitleTx": "Neuraminidase Inhibitor Compounds, Compositions and Methods for the Use Thereof in Anti-Viral Treatments",
    "poInventorFullName": "Withers, Stephen",
    "statusDisplay": "Institution Denied",
    "poRealParty": "Rockets & Sprockets, Inc.",
    "petiRealParty": "Monroe, James",
    "prcdCreatedTs": "2024-01-18 12:01:10.10",
    "poTechCenterId": "1600",
    "allPartiesInfo": "{\"petitioner\":{\"counselList\":[\"K change, change\"],\"realParty\":\"Monroe, James\",\"additionalPartyList\":[],\"emailList\":[\"kevinknox06@gmail.com\"]},\"patentOwner\":{\"counselList\":[\"Baker, Ericson\"],\"realParty\":\"Rockets \\u0026 Sprockets, Inc.\",\"additionalPartyList\":[],\"emailList\":[\"ebaker2022ptacs@gmail.com\"]}}",
    "terminationDate": "1706184010000",
    "institutionDecisionDate": "1706184010000",
    "terminationType": "Institution Denied",
    "ptabSubStateName": "Pending Rehearing Decision",
    "trialType": "IPR",
    "trialTypeDesc": "Inter Partes Review",
    "extUserPrcdPartyGrpType": "Petitioner"
  },
  {
    "proceedingId": 1554922,
    "proceedingNumber": "IPR2024-00035",
    "poArtUnitcd": "3663",
    "poPatentNumber": "9854556",
    "poApplicationId": "14489583",
    "poInventionTitleTx": "Determining Node Location Using a Master Node Association in a Wireless Node Network",
    "poInventorFullName": "Skaaksrud, Ole-Petter",
    "statusDisplay": "Pending",
    "poRealParty": "--",
    "petiRealParty": "ds, df",
    "poTechCenterId": "3600",
    "allPartiesInfo": "{\"petitioner\":{\"counselList\":[\"Testptacts, Testaccount\"],\"realParty\":\"ds, df\",\"additionalPartyList\":[],\"emailList\":[\"ptactstesting@post.com\"]},\"patentOwner\":{}}",
    "terminationType": "",
    "ptabSubStateName": "Notice of filing date accorded",
    "trialType": "IPR",
    "trialTypeDesc": "Inter Partes Review"
  },
  {
    "proceedingId": 1554923,
    "proceedingNumber": "IPR2024-00036",
    "poArtUnitcd": "3748",
    "poPatentNumber": "9856756",
    "poApplicationId": "14427131",
    "poInventionTitleTx": "WORKING MEDIUM MIXTURE FOR STEAM ENGINES",
    "poInventorFullName": "Hoetger, Michael",
    "statusDisplay": "Final Written Decision - Appealed",
    "poRealParty": "Last, First",
    "petiRealParty": "Smith, John et al.",
    "prcdCreatedTs": "2024-01-23 12:01:10.10",
    "poTechCenterId": "3700",
    "allPartiesInfo": "{\"petitioner\":{\"counselList\":[\"K change, change\"],\"realParty\":\"Smith, John\",\"additionalPartyList\":[\"Barney, Robert\"],\"emailList\":[\"kevinknox06@gmail.com\"]},\"patentOwner\":{\"counselList\":[\"K change, change\",\"One, Test\",\"Pasupathi, Vandhana\"],\"realParty\":\"Last, First\",\"additionalPartyList\":[],\"emailList\":[\"kevinknox06@gmail.com\",\"myselft108@gmail.com\",\"vplearning9@gmail.com\"]}}",
    "terminationDate": "1706011210000",
    "institutionDecisionDate": "1706011210000",
    "terminationType": "Final Written Decision",
    "ptabSubStateName": "Appealed",
    "trialType": "IPR",
    "trialTypeDesc": "Inter Partes Review",
    "extUserPrcdPartyGrpType": "PatentOwner"
  },
  {
    "proceedingId": 1554923,
    "proceedingNumber": "IPR2024-00036",
    "poArtUnitcd": "3748",
    "poPatentNumber": "9856756",
    "poApplicationId": "14427131",
    "poInventionTitleTx": "WORKING MEDIUM MIXTURE FOR STEAM ENGINES",
    "poInventorFullName": "Hoetger, Michael",
    "statusDisplay": "Final Written Decision - Appealed",
    "poRealParty": "Last, First",
    "petiRealParty": "Smith, John et al.",
    "prcdCreatedTs": "2024-01-23 12:01:10.10",
    "poTechCenterId": "3700",
    "allPartiesInfo": "{\"petitioner\":{\"counselList\":[\"K change, change\"],\"realParty\":\"Smith, John\",\"additionalPartyList\":[\"Barney, Robert\"],\"emailList\":[\"kevinknox06@gmail.com\"]},\"patentOwner\":{\"counselList\":[\"K change, change\",\"One, Test\",\"Pasupathi, Vandhana\"],\"realParty\":\"Last, First\",\"additionalPartyList\":[],\"emailList\":[\"kevinknox06@gmail.com\",\"myselft108@gmail.com\",\"vplearning9@gmail.com\"]}}",
    "terminationDate": "1706011210000",
    "institutionDecisionDate": "1706011210000",
    "terminationType": "Final Written Decision",
    "ptabSubStateName": "Appealed",
    "trialType": "IPR",
    "trialTypeDesc": "Inter Partes Review",
    "extUserPrcdPartyGrpType": "Petitioner"
  },
  {
    "proceedingId": 1554925,
    "proceedingNumber": "IPR2024-00037",
    "poArtUnitcd": "2674",
    "poPatentNumber": "9696956",
    "poApplicationId": "15162995",
    "poInventionTitleTx": "Communication Device Communicating Target Data With External Device According To Near Field Communication",
    "poInventorFullName": "Asakura, Hirotaka",
    "statusDisplay": "Trial Instituted",
    "poRealParty": "--",
    "petiRealParty": "test, test et al.",
    "prcdCreatedTs": "2024-02-01 12:02:10.10",
    "poTechCenterId": "2600",
    "allPartiesInfo": "{\"petitioner\":{\"counselList\":[\"K change, change\"],\"realParty\":\"test, test\",\"additionalPartyList\":[\"testadd, testadd\",\"test2, test2\"],\"emailList\":[\"kevinknox06@gmail.com\"]},\"patentOwner\":{}}",
    "institutionDecisionDate": "1706788810000",
    "terminationType": "Institution Granted",
    "ptabSubStateName": "Instituted",
    "trialType": "IPR",
    "trialTypeDesc": "Inter Partes Review",
    "extUserPrcdPartyGrpType": "Petitioner"
  },
  {
    "proceedingId": 1554928,
    "proceedingNumber": "IPR2024-00038",
    "poArtUnitcd": "2606",
    "poPatentNumber": "5555555",
    "poApplicationId": "08183369",
    "poInventionTitleTx": "APPARATUS WHICH DETECTS LINES APPROXIMATING AN IMAGE BY REPEATEDLY NARROWING AN AREA OF THE IMAGE TO BE ANALYZED AND INCREASING THE RESOLUTION IN THE ANALYZED AREA",
    "poInventorFullName": "SATO, JUN",
    "statusDisplay": "Institution Denied",
    "poRealParty": "Smith, John et al.",
    "petiRealParty": "K change, change",
    "prcdCreatedTs": "2024-01-22 12:01:10.10",
    "poTechCenterId": "2600",
    "allPartiesInfo": "{\"petitioner\":{\"counselList\":[\"Testptacts, Testaccount\",\"K change, change\"],\"realParty\":\"K change, change\",\"additionalPartyList\":[],\"emailList\":[\"ptactstesting@post.com\",\"kevinknox06@gmail.com\",\"kevinknox06@gmail.com\"]},\"patentOwner\":{}}",
    "terminationDate": "1705924810000",
    "institutionDecisionDate": "1705924810000",
    "terminationType": "Final Written Decision",
    "ptabSubStateName": "Pending Rehearing Decision",
    "trialType": "IPR",
    "trialTypeDesc": "Inter Partes Review",
    "extUserPrcdPartyGrpType": "Petitioner"
  },
  {
    "proceedingId": 1554935,
    "proceedingNumber": "IPR2024-00040",
    "poArtUnitcd": "2606",
    "poPatentNumber": "5555555",
    "poApplicationId": "08183369",
    "poInventionTitleTx": "APPARATUS WHICH DETECTS LINES APPROXIMATING AN IMAGE BY REPEATEDLY NARROWING AN AREA OF THE IMAGE TO BE ANALYZED AND INCREASING THE RESOLUTION IN THE ANALYZED AREA",
    "poInventorFullName": "SATO, JUN",
    "statusDisplay": "Notice of Filing Date Accorded",
    "poRealParty": "--",
    "petiRealParty": "Last, First",
    "prcdCreatedTs": "2024-01-22 12:01:10.10",
    "poTechCenterId": "2600",
    "allPartiesInfo": "{\"petitioner\":{\"counselList\":[\"K change, change\"],\"realParty\":\"Last, First\",\"additionalPartyList\":[],\"emailList\":[\"kevinknox06@gmail.com\"]},\"patentOwner\":{}}",
    "terminationType": "",
    "ptabSubStateName": "Notice of filing date accorded",
    "trialType": "IPR",
    "trialTypeDesc": "Inter Partes Review",
    "extUserPrcdPartyGrpType": "Petitioner"
  },
  {
    "proceedingId": 1554937,
    "proceedingNumber": "IPR2024-00042",
    "poArtUnitcd": "2606",
    "poPatentNumber": "5555555",
    "poApplicationId": "08183369",
    "poInventionTitleTx": "APPARATUS WHICH DETECTS LINES APPROXIMATING AN IMAGE BY REPEATEDLY NARROWING AN AREA OF THE IMAGE TO BE ANALYZED AND INCREASING THE RESOLUTION IN THE ANALYZED AREA",
    "poInventorFullName": "SATO, JUN",
    "statusDisplay": "Notice of Filing Date Accorded",
    "poRealParty": "Last, First et al.",
    "petiRealParty": "K, M",
    "prcdCreatedTs": "2024-01-22 12:01:10.10",
    "poTechCenterId": "2600",
    "allPartiesInfo": "{\"petitioner\":{\"counselList\":[\"K change, change\"],\"realParty\":\"K, M\",\"additionalPartyList\":[],\"emailList\":[\"kevinknox06@gmail.com\"]},\"patentOwner\":{}}",
    "terminationType": "",
    "ptabSubStateName": "Notice of filing date accorded",
    "trialType": "IPR",
    "trialTypeDesc": "Inter Partes Review",
    "extUserPrcdPartyGrpType": "Petitioner"
  },
  {
    "proceedingId": 1554940,
    "proceedingNumber": "IPR2024-00045",
    "poArtUnitcd": "2831",
    "poPatentNumber": "9854848",
    "poApplicationId": "15231035",
    "poInventionTitleTx": "PERSONAL VAPORIZING INHALER WITH ADJUSTABLE AIRWAY",
    "poInventorFullName": "Servutas, Vitali",
    "statusDisplay": "Final Written Decision - Appealed",
    "poRealParty": "Additional real party et al.",
    "petiRealParty": "Test, Sample et al.",
    "prcdCreatedTs": "2024-01-23 12:01:10.10",
    "poTechCenterId": "2800",
    "allPartiesInfo": "{\"petitioner\":{\"counselList\":[\"K change, change\"],\"realParty\":\"Test, Sample\",\"additionalPartyList\":[\"Smith, John\"],\"emailList\":[\"kevinknox06@gmail.com\"]},\"patentOwner\":{\"counselList\":[\"K change, change\",\"K, Test\",\"One, Test\"],\"realParty\":\"Additional real party\",\"additionalPartyList\":[\"K, M\",\"ORG Real party\"],\"emailList\":[\"kevinknox06@gmail.com\",\"testaccout029@gmail.com\",\"myselft108@gmail.com\"]}}",
    "terminationDate": "1706011210000",
    "institutionDecisionDate": "1706011210000",
    "terminationType": "Final Written Decision",
    "ptabSubStateName": "Appealed",
    "trialType": "IPR",
    "trialTypeDesc": "Inter Partes Review",
    "extUserPrcdPartyGrpType": "PatentOwner"
  },
  {
    "proceedingId": 1554940,
    "proceedingNumber": "IPR2024-00045",
    "poArtUnitcd": "2831",
    "poPatentNumber": "9854848",
    "poApplicationId": "15231035",
    "poInventionTitleTx": "PERSONAL VAPORIZING INHALER WITH ADJUSTABLE AIRWAY",
    "poInventorFullName": "Servutas, Vitali",
    "statusDisplay": "Final Written Decision - Appealed",
    "poRealParty": "Additional real party et al.",
    "petiRealParty": "Test, Sample et al.",
    "prcdCreatedTs": "2024-01-23 12:01:10.10",
    "poTechCenterId": "2800",
    "allPartiesInfo": "{\"petitioner\":{\"counselList\":[\"K change, change\"],\"realParty\":\"Test, Sample\",\"additionalPartyList\":[\"Smith, John\"],\"emailList\":[\"kevinknox06@gmail.com\"]},\"patentOwner\":{\"counselList\":[\"K change, change\",\"K, Test\",\"One, Test\"],\"realParty\":\"Additional real party\",\"additionalPartyList\":[\"K, M\",\"ORG Real party\"],\"emailList\":[\"kevinknox06@gmail.com\",\"testaccout029@gmail.com\",\"myselft108@gmail.com\"]}}",
    "terminationDate": "1706011210000",
    "institutionDecisionDate": "1706011210000",
    "terminationType": "Final Written Decision",
    "ptabSubStateName": "Appealed",
    "trialType": "IPR",
    "trialTypeDesc": "Inter Partes Review",
    "extUserPrcdPartyGrpType": "Petitioner"
  },
  {
    "proceedingId": 1554941,
    "proceedingNumber": "IPR2024-00046",
    "poArtUnitcd": "2835",
    "poPatentNumber": "9756756",
    "poApplicationId": "13430363",
    "poInventionTitleTx": "DRIVE CAGE AND WIRES",
    "poInventorFullName": "Martin-Otto, WilliamFred",
    "statusDisplay": "Institution Denied",
    "poRealParty": "ORG",
    "petiRealParty": "Baker, Robert",
    "prcdCreatedTs": "2024-01-23 12:01:10.10",
    "poTechCenterId": "2800",
    "allPartiesInfo": "{\"petitioner\":{\"counselList\":[\"K change, change\"],\"realParty\":\"Baker, Robert\",\"additionalPartyList\":[],\"emailList\":[\"kevinknox06@gmail.com\",\"rishiajay500@gmail.com\"]},\"patentOwner\":{\"counselList\":[\"K change, change\",\"Sabharwal, H. Keeto\"],\"realParty\":\"ORG\",\"additionalPartyList\":[],\"emailList\":[\"kevinknox06@gmail.com\",\"test1_keetos@skgf.com.123\"]}}",
    "terminationDate": "1706011210000",
    "institutionDecisionDate": "1706011210000",
    "terminationType": "Institution Denied",
    "ptabSubStateName": "Terminated-Denied",
    "trialType": "IPR",
    "trialTypeDesc": "Inter Partes Review",
    "extUserPrcdPartyGrpType": "PatentOwner"
  },
  {
    "proceedingId": 1554941,
    "proceedingNumber": "IPR2024-00046",
    "poArtUnitcd": "2835",
    "poPatentNumber": "9756756",
    "poApplicationId": "13430363",
    "poInventionTitleTx": "DRIVE CAGE AND WIRES",
    "poInventorFullName": "Martin-Otto, WilliamFred",
    "statusDisplay": "Institution Denied",
    "poRealParty": "ORG",
    "petiRealParty": "Baker, Robert",
    "prcdCreatedTs": "2024-01-23 12:01:10.10",
    "poTechCenterId": "2800",
    "allPartiesInfo": "{\"petitioner\":{\"counselList\":[\"K change, change\"],\"realParty\":\"Baker, Robert\",\"additionalPartyList\":[],\"emailList\":[\"kevinknox06@gmail.com\",\"rishiajay500@gmail.com\"]},\"patentOwner\":{\"counselList\":[\"K change, change\",\"Sabharwal, H. Keeto\"],\"realParty\":\"ORG\",\"additionalPartyList\":[],\"emailList\":[\"kevinknox06@gmail.com\",\"test1_keetos@skgf.com.123\"]}}",
    "terminationDate": "1706011210000",
    "institutionDecisionDate": "1706011210000",
    "terminationType": "Institution Denied",
    "ptabSubStateName": "Terminated-Denied",
    "trialType": "IPR",
    "trialTypeDesc": "Inter Partes Review",
    "extUserPrcdPartyGrpType": "Petitioner"
  },
  {
    "proceedingId": 1554951,
    "proceedingNumber": "IPR2024-00048",
    "poArtUnitcd": "2646",
    "poPatentNumber": "9843454",
    "poApplicationId": "15498806",
    "poInventionTitleTx": "TECHNIQUES FOR CONTEXTUAL MOBILE DATA ACCESS",
    "poInventorFullName": "Tiger, Roi",
    "statusDisplay": "Institution Denied",
    "poRealParty": "ORG",
    "petiRealParty": "Smith, John et al.",
    "prcdCreatedTs": "2024-01-24 12:01:10.10",
    "poTechCenterId": "2600",
    "allPartiesInfo": "{\"petitioner\":{\"counselList\":[\"K change, change\",\"Testptacts, Testaccount\"],\"realParty\":\"Smith, John\",\"additionalPartyList\":[\"f, d\"],\"emailList\":[\"kevinknox06@gmail.com\",\"ptactstesting@post.com\"]},\"patentOwner\":{\"counselList\":[\"One, Test\"],\"realParty\":\"ORG\",\"additionalPartyList\":[],\"emailList\":[\"myselft108@gmail.com\"]}}",
    "terminationDate": "1706097610000",
    "institutionDecisionDate": "1706097610000",
    "terminationType": "Final Written Decision",
    "ptabSubStateName": "Pending Rehearing Request",
    "trialType": "IPR",
    "trialTypeDesc": "Inter Partes Review",
    "extUserPrcdPartyGrpType": "Petitioner"
  },
  {
    "proceedingId": 1554954,
    "proceedingNumber": "IPR2024-00050",
    "poArtUnitcd": "1676",
    "poPatentNumber": "9867863",
    "poApplicationId": "15380574",
    "poInventionTitleTx": "METHOD OF TREATING LOW BLOOD PRESSURE",
    "poInventorFullName": "Chawla, Lakhmir",
    "statusDisplay": "PO  preliminary response waiver filed",
    "poRealParty": "K change, change",
    "petiRealParty": "Smith, John",
    "prcdCreatedTs": "2024-01-25 12:01:10.10",
    "poTechCenterId": "1600",
    "allPartiesInfo": "{\"petitioner\":{\"counselList\":[\"Baker, Robert\"],\"realParty\":\"Smith, John\",\"additionalPartyList\":[],\"emailList\":[\"rishiajay500@gmail.com\"]},\"patentOwner\":{\"counselList\":[\"K change, change\"],\"realParty\":\"K change, change\",\"additionalPartyList\":[],\"emailList\":[\"kevinknox06@gmail.com\",\"kevinknox06@gmail.com\"]}}",
    "terminationType": "",
    "ptabSubStateName": "POPR waived",
    "trialType": "IPR",
    "trialTypeDesc": "Inter Partes Review",
    "extUserPrcdPartyGrpType": "PatentOwner"
  },
  {
    "proceedingId": 1554956,
    "proceedingNumber": "IPR2024-00051",
    "poArtUnitcd": "2606",
    "poPatentNumber": "5555555",
    "poApplicationId": "08183369",
    "poInventionTitleTx": "APPARATUS WHICH DETECTS LINES APPROXIMATING AN IMAGE BY REPEATEDLY NARROWING AN AREA OF THE IMAGE TO BE ANALYZED AND INCREASING THE RESOLUTION IN THE ANALYZED AREA",
    "poInventorFullName": "SATO, JUN",
    "statusDisplay": "Petition filed",
    "poRealParty": "--",
    "petiRealParty": "ORG",
    "prcdCreatedTs": "2024-01-25 12:01:10.10",
    "poTechCenterId": "2600",
    "allPartiesInfo": "{\"petitioner\":{\"counselList\":[\"K change, change\"],\"realParty\":\"ORG\",\"additionalPartyList\":[],\"emailList\":[\"kevinknox06@gmail.com\"]},\"patentOwner\":{}}",
    "terminationType": "",
    "ptabSubStateName": "Petition filed",
    "trialType": "IPR",
    "trialTypeDesc": "Inter Partes Review",
    "extUserPrcdPartyGrpType": "Petitioner"
  },
  {
    "proceedingId": 1554958,
    "proceedingNumber": "IPR2024-00053",
    "poArtUnitcd": "2606",
    "poPatentNumber": "5555555",
    "poApplicationId": "08183369",
    "poInventionTitleTx": "APPARATUS WHICH DETECTS LINES APPROXIMATING AN IMAGE BY REPEATEDLY NARROWING AN AREA OF THE IMAGE TO BE ANALYZED AND INCREASING THE RESOLUTION IN THE ANALYZED AREA",
    "poInventorFullName": "SATO, JUN",
    "statusDisplay": "Petition filed",
    "poRealParty": "--",
    "petiRealParty": "org",
    "prcdCreatedTs": "2024-01-26 12:01:10.10",
    "poTechCenterId": "2600",
    "allPartiesInfo": "{\"petitioner\":{\"counselList\":[\"K change, change\"],\"realParty\":\"org\",\"additionalPartyList\":[],\"emailList\":[\"kevinknox06@gmail.com\"]},\"patentOwner\":{}}",
    "terminationType": "",
    "ptabSubStateName": "Petition filed",
    "trialType": "IPR",
    "trialTypeDesc": "Inter Partes Review",
    "extUserPrcdPartyGrpType": "Petitioner"
  },
  {
    "proceedingId": 1554959,
    "proceedingNumber": "IPR2024-00054",
    "poArtUnitcd": "2606",
    "poPatentNumber": "5555555",
    "poApplicationId": "08183369",
    "poInventionTitleTx": "APPARATUS WHICH DETECTS LINES APPROXIMATING AN IMAGE BY REPEATEDLY NARROWING AN AREA OF THE IMAGE TO BE ANALYZED AND INCREASING THE RESOLUTION IN THE ANALYZED AREA",
    "poInventorFullName": "SATO, JUN",
    "statusDisplay": "Petition filed",
    "poRealParty": "--",
    "petiRealParty": "org",
    "prcdCreatedTs": "2024-01-26 12:01:10.10",
    "poTechCenterId": "2600",
    "allPartiesInfo": "{\"petitioner\":{\"counselList\":[\"K change, change\"],\"realParty\":\"org\",\"additionalPartyList\":[],\"emailList\":[\"kevinknox06@gmail.com\"]},\"patentOwner\":{}}",
    "terminationType": "",
    "ptabSubStateName": "Petition filed",
    "trialType": "IPR",
    "trialTypeDesc": "Inter Partes Review",
    "extUserPrcdPartyGrpType": "Petitioner"
  },
  {
    "proceedingId": 1554962,
    "proceedingNumber": "IPR2024-00056",
    "poArtUnitcd": "2606",
    "poPatentNumber": "5555555",
    "poApplicationId": "08183369",
    "poInventionTitleTx": "APPARATUS WHICH DETECTS LINES APPROXIMATING AN IMAGE BY REPEATEDLY NARROWING AN AREA OF THE IMAGE TO BE ANALYZED AND INCREASING THE RESOLUTION IN THE ANALYZED AREA",
    "poInventorFullName": "SATO, JUN",
    "statusDisplay": "Notice of Filing Date Accorded",
    "poRealParty": "--",
    "petiRealParty": "K change, change",
    "prcdCreatedTs": "2024-01-29 12:01:10.10",
    "poTechCenterId": "2600",
    "allPartiesInfo": "{\"petitioner\":{\"counselList\":[\"K change, change\"],\"realParty\":\"K change, change\",\"additionalPartyList\":[],\"emailList\":[\"kevinknox06@gmail.com\",\"kevinknox06@gmail.com\"]},\"patentOwner\":{}}",
    "terminationType": "",
    "ptabSubStateName": "Notice of filing date accorded",
    "trialType": "IPR",
    "trialTypeDesc": "Inter Partes Review",
    "extUserPrcdPartyGrpType": "Petitioner"
  },
  {
    "proceedingId": 1554964,
    "proceedingNumber": "IPR2024-00058",
    "poArtUnitcd": "1781",
    "poPatentNumber": "9834354",
    "poApplicationId": "14733482",
    "poInventionTitleTx": "Water-Soluble Film Sealing Solutions, Related Methods, and Related Articles",
    "poInventorFullName": "Kumar, Sumeet",
    "statusDisplay": "Pending",
    "poRealParty": "Lastname, First name et al.",
    "petiRealParty": "Smith, John et al.",
    "prcdCreatedTs": "2024-01-29 12:01:10.10",
    "poTechCenterId": "1700",
    "allPartiesInfo": "{\"petitioner\":{\"counselList\":[\"Baker, Robert\"],\"realParty\":\"Smith, John\",\"additionalPartyList\":[\"sdf, d\"],\"emailList\":[\"rishiajay500@gmail.com\"]},\"patentOwner\":{\"counselList\":[\"Manupati, Upender\"],\"realParty\":\"Lastname, First name\",\"additionalPartyList\":[\"Lastname, First name\"],\"emailList\":[\"um.uspto.ptacts.acct@gmail.com\"]}}",
    "terminationType": "",
    "ptabSubStateName": "Notice of filing date accorded",
    "trialType": "IPR",
    "trialTypeDesc": "Inter Partes Review"
  },
  {
    "proceedingId": 1554965,
    "proceedingNumber": "IPR2024-00059",
    "poArtUnitcd": "1625",
    "poPatentNumber": "9834534",
    "poApplicationId": "15162055",
    "poInventionTitleTx": "Neuraminidase Inhibitor Compounds, Compositions and Methods for the Use Thereof in Anti-Viral Treatments",
    "poInventorFullName": "Withers, Stephen",
    "statusDisplay": "Pending",
    "poRealParty": "--",
    "petiRealParty": "df, df",
    "prcdCreatedTs": "2024-01-29 12:01:10.10",
    "poTechCenterId": "1600",
    "allPartiesInfo": "{\"petitioner\":{\"counselList\":[\"Baker, Robert\"],\"realParty\":\"df, df\",\"additionalPartyList\":[],\"emailList\":[\"rishiajay500@gmail.com\"]},\"patentOwner\":{}}",
    "terminationType": "",
    "ptabSubStateName": "Petition filed",
    "trialType": "IPR",
    "trialTypeDesc": "Inter Partes Review"
  },
  {
    "proceedingId": 1554966,
    "proceedingNumber": "IPR2024-00060",
    "poArtUnitcd": "3765",
    "poPatentNumber": "9854856",
    "poApplicationId": "13447051",
    "poInventionTitleTx": "SAFETY VEST",
    "poInventorFullName": "Baldonado, JimmyR.",
    "statusDisplay": "Final Written Decision - Appealed",
    "poRealParty": "Ben, Will",
    "petiRealParty": "Smith, John et al.",
    "prcdCreatedTs": "2024-01-29 12:01:10.10",
    "poTechCenterId": "3700",
    "allPartiesInfo": "{\"petitioner\":{\"counselList\":[\"Baker, Robert\"],\"realParty\":\"Smith, John\",\"additionalPartyList\":[\"sd, sd\"],\"emailList\":[\"rishiajay500@gmail.com\"]},\"patentOwner\":{\"counselList\":[\"Beamer, Joewan\",\"K change, change\"],\"realParty\":\"Ben, Will\",\"additionalPartyList\":[],\"emailList\":[\"joewan.beamer@gmail.com\",\"kevinknox06@gmail.com\"]}}",
    "terminationDate": "1706702410000",
    "institutionDecisionDate": "1706529610000",
    "terminationType": "Final Written Decision",
    "ptabSubStateName": "Appealed",
    "trialType": "IPR",
    "trialTypeDesc": "Inter Partes Review",
    "extUserPrcdPartyGrpType": "PatentOwner"
  },
  {
    "proceedingId": 1554968,
    "proceedingNumber": "IPR2024-00061",
    "poArtUnitcd": "2456",
    "poPatentNumber": "9843534",
    "poApplicationId": "14575353",
    "poInventionTitleTx": "METHOD AND APPARATUS FOR MANAGING PROVISIONING AND UTILIZATION OF RESOURCES",
    "poInventorFullName": "MCFARLIN, BrentD.",
    "statusDisplay": "Pending",
    "poRealParty": "--",
    "petiRealParty": "Baker, Robert",
    "prcdCreatedTs": "2024-01-29 12:01:10.10",
    "poTechCenterId": "2400",
    "allPartiesInfo": "{\"petitioner\":{\"counselList\":[\"Baker, Robert\"],\"realParty\":\"Baker, Robert\",\"additionalPartyList\":[],\"emailList\":[\"rishiajay500@gmail.com\",\"rishiajay500@gmail.com\"]},\"patentOwner\":{}}",
    "terminationType": "",
    "ptabSubStateName": "Notice of filing date accorded",
    "trialType": "IPR",
    "trialTypeDesc": "Inter Partes Review"
  },
  {
    "proceedingId": 1554969,
    "proceedingNumber": "IPR2024-00062",
    "poArtUnitcd": "2653",
    "poPatentNumber": "9699547",
    "poApplicationId": "15165653",
    "poInventionTitleTx": "Non-Directional Microphone",
    "poInventorFullName": "Akino, Hiroshi",
    "statusDisplay": "Pending",
    "poRealParty": "--",
    "petiRealParty": "Doe, Tim",
    "prcdCreatedTs": "2024-01-29 12:01:10.10",
    "poTechCenterId": "2600",
    "allPartiesInfo": "{\"petitioner\":{\"counselList\":[\"Beamer, Joewan\"],\"realParty\":\"Doe, Tim\",\"additionalPartyList\":[],\"emailList\":[\"joewan.beamer@gmail.com\"]},\"patentOwner\":{}}",
    "terminationType": "",
    "ptabSubStateName": "Petition filed",
    "trialType": "IPR",
    "trialTypeDesc": "Inter Partes Review"
  },
  {
    "proceedingId": 1554972,
    "proceedingNumber": "IPR2024-00065",
    "poArtUnitcd": "2437",
    "poPatentNumber": "9111111",
    "poApplicationId": "14034067",
    "poInventionTitleTx": "Location-Based File Security",
    "poInventorFullName": "Ramaswamy, Sharadh",
    "statusDisplay": "Pending",
    "poRealParty": "--",
    "petiRealParty": "Ptab, PO et al.",
    "prcdCreatedTs": "2024-01-29 12:01:10.10",
    "poTechCenterId": "2400",
    "allPartiesInfo": "{\"petitioner\":{\"counselList\":[\"Ptab, PO\"],\"realParty\":\"Ptab, PO\",\"additionalPartyList\":[\"Baker, Patrick\"],\"emailList\":[\"pop518980@gmail.com\",\"pop518980@gmail.com\"]},\"patentOwner\":{}}",
    "terminationType": "",
    "ptabSubStateName": "Petition filed",
    "trialType": "IPR",
    "trialTypeDesc": "Inter Partes Review"
  },
  {
    "proceedingId": 1554973,
    "proceedingNumber": "IPR2024-00066",
    "poArtUnitcd": "2606",
    "poPatentNumber": "5555555",
    "poApplicationId": "08183369",
    "poInventionTitleTx": "APPARATUS WHICH DETECTS LINES APPROXIMATING AN IMAGE BY REPEATEDLY NARROWING AN AREA OF THE IMAGE TO BE ANALYZED AND INCREASING THE RESOLUTION IN THE ANALYZED AREA",
    "poInventorFullName": "SATO, JUN",
    "statusDisplay": "Petition filed",
    "poRealParty": "--",
    "petiRealParty": "ORG",
    "prcdCreatedTs": "2024-01-29 12:01:10.10",
    "poTechCenterId": "2600",
    "allPartiesInfo": "{\"petitioner\":{\"counselList\":[\"K change, change\"],\"realParty\":\"ORG\",\"additionalPartyList\":[],\"emailList\":[\"kevinknox06@gmail.com\"]},\"patentOwner\":{}}",
    "terminationType": "",
    "ptabSubStateName": "Petition filed",
    "trialType": "IPR",
    "trialTypeDesc": "Inter Partes Review",
    "extUserPrcdPartyGrpType": "Petitioner"
  },
  {
    "proceedingId": 1554976,
    "proceedingNumber": "IPR2024-00069",
    "poArtUnitcd": "1768",
    "poPatentNumber": "9254715",
    "poApplicationId": "14062253",
    "poInventionTitleTx": "INNER LINER RUBBER COMPOSITION AND PNEUMATIC TIRE",
    "poInventorFullName": "MIYAZAKI, Tatsuya",
    "statusDisplay": "Pending",
    "poRealParty": "Nails & Screws Co.",
    "petiRealParty": "Small Tech Co. et al.",
    "prcdCreatedTs": "2024-01-29 12:01:10.10",
    "poTechCenterId": "1700",
    "allPartiesInfo": "{\"petitioner\":{\"counselList\":[\"Baker, Ericson\",\"Ptacts, Account\"],\"realParty\":\"Small Tech Co.\",\"additionalPartyList\":[\"Big Tech Inc.\"],\"emailList\":[\"ebaker2022ptacs@gmail.com\",\"ptacts123@outlook.com\"]},\"patentOwner\":{\"counselList\":[\"Ptab, PO\"],\"realParty\":\"Nails \\u0026 Screws Co.\",\"additionalPartyList\":[],\"emailList\":[\"pop518980@gmail.com\"]}}",
    "terminationType": "",
    "ptabSubStateName": "Notice of filing date accorded",
    "trialType": "IPR",
    "trialTypeDesc": "Inter Partes Review"
  },
  {
    "proceedingId": 1554984,
    "proceedingNumber": "IPR2024-00076",
    "poArtUnitcd": "3657",
    "poPatentNumber": "9156325",
    "poApplicationId": "13005474",
    "poInventionTitleTx": "METHODS AND APPARATUS FOR VEHICLE SUSPENSION HAVING MULTIPLE GAS VOLUMES",
    "poInventorFullName": "Galasso, Mario",
    "statusDisplay": "Pending",
    "poRealParty": "--",
    "petiRealParty": "Weber, Joy et al.",
    "prcdCreatedTs": "2024-01-30 12:01:10.10",
    "poTechCenterId": "3600",
    "allPartiesInfo": "{\"petitioner\":{\"counselList\":[\"Pratt, Chris\"],\"realParty\":\"Weber, Joy\",\"additionalPartyList\":[\"Test, Frank\"],\"emailList\":[\"ptactsstarlord@gmail.com\"]},\"patentOwner\":{}}",
    "terminationType": "",
    "ptabSubStateName": "Notice of filing date accorded",
    "trialType": "IPR",
    "trialTypeDesc": "Inter Partes Review"
  },
  {
    "proceedingId": 1554994,
    "proceedingNumber": "IPR2024-00084",
    "poArtUnitcd": "2669",
    "poPatentNumber": "9123123",
    "poApplicationId": "13896912",
    "poInventionTitleTx": "PATTERN PROCESSING DEVICE, PATTERN PROCESSING METHOD, AND PATTERN PROCESSING PROGRAM",
    "poInventorFullName": "Uchiyama, Yukinaka",
    "statusDisplay": "Pending",
    "poRealParty": "--",
    "petiRealParty": "Pratt, Chris",
    "prcdCreatedTs": "2024-02-01 12:02:10.10",
    "poTechCenterId": "2600",
    "allPartiesInfo": "{\"petitioner\":{\"counselList\":[\"Pratt, Chris\"],\"realParty\":\"Pratt, Chris\",\"additionalPartyList\":[],\"emailList\":[\"ptactsstarlord@gmail.com\",\"ptactsstarlord@gmail.com\"]},\"patentOwner\":{}}",
    "terminationType": "",
    "ptabSubStateName": "Corrected",
    "trialType": "IPR",
    "trialTypeDesc": "Inter Partes Review"
  },
  {
    "proceedingId": 1555007,
    "proceedingNumber": "IPR2024-00095",
    "poArtUnitcd": "2853",
    "poPatentNumber": "9738083",
    "poApplicationId": "14838453",
    "poInventionTitleTx": "LIQUID CARTRIDGE",
    "poInventorFullName": "WANG, Yutao",
    "statusDisplay": "Pending Director Review",
    "poRealParty": "Big Tech co. et al.",
    "petiRealParty": "K, M et al.",
    "prcdCreatedTs": "2024-01-31 12:01:10.10",
    "poTechCenterId": "2800",
    "allPartiesInfo": "{\"petitioner\":{\"counselList\":[\"K change, change\"],\"realParty\":\"K, M\",\"additionalPartyList\":[\"individual, Add RP\",\"ORG ARP\"],\"emailList\":[\"kevinknox06@gmail.com\"]},\"patentOwner\":{\"counselList\":[\"Baker, Ericson\",\"Baker, Robert\"],\"realParty\":\"Big Tech co.\",\"additionalPartyList\":[\"good company\"],\"emailList\":[\"ebaker2022ptacs@gmail.com\",\"rishiajay500@gmail.com\"]}}",
    "terminationDate": "1706702410000",
    "institutionDecisionDate": "1706702410000",
    "terminationType": "Final Written Decision",
    "ptabSubStateName": "Pending Rehearing Decision-DR Request",
    "trialType": "IPR",
    "trialTypeDesc": "Inter Partes Review",
    "extUserPrcdPartyGrpType": "Petitioner"
  },
  {
    "proceedingId": 1555010,
    "proceedingNumber": "IPR2024-00096",
    "poArtUnitcd": "2606",
    "poPatentNumber": "5555555",
    "poApplicationId": "08183369",
    "poInventionTitleTx": "APPARATUS WHICH DETECTS LINES APPROXIMATING AN IMAGE BY REPEATEDLY NARROWING AN AREA OF THE IMAGE TO BE ANALYZED AND INCREASING THE RESOLUTION IN THE ANALYZED AREA",
    "poInventorFullName": "SATO, JUN",
    "statusDisplay": "Pending",
    "poRealParty": "--",
    "petiRealParty": "Google",
    "prcdCreatedTs": "2024-01-31 05:01:00.00",
    "poTechCenterId": "2600",
    "allPartiesInfo": "{\"petitioner\":{\"counselList\":[\"Pheiffer, Rory\",\"Joseph, Liam\"],\"realParty\":\"Google\",\"additionalPartyList\":[],\"emailList\":[\"test1_rpp@nutter.com.123\",\"aruljms@gmail.com\"]},\"patentOwner\":{}}",
    "terminationType": "",
    "ptabSubStateName": "Petition filed",
    "trialType": "IPR",
    "trialTypeDesc": "Inter Partes Review"
  },
  {
    "proceedingId": 1555015,
    "proceedingNumber": "IPR2024-00099",
    "poArtUnitcd": "2646",
    "poPatentNumber": "9253641",
    "poApplicationId": "13409750",
    "poInventionTitleTx": "APPARATUS AND METHOD FOR SHARING OUTPUT DATA IN PORTABLE TERMINAL",
    "poInventorFullName": "CHOI, Yoon-Suk",
    "statusDisplay": "Final Written Decision",
    "poRealParty": "Gunn, Peter",
    "petiRealParty": "Time & Chance Co. et al.",
    "prcdCreatedTs": "2024-01-31 12:01:10.10",
    "poTechCenterId": "2600",
    "allPartiesInfo": "{\"petitioner\":{\"counselList\":[\"Baker, Ericson\",\"Quill, Peter\",\"Ptacts, Account\"],\"realParty\":\"Time \\u0026 Chance Co.\",\"additionalPartyList\":[\"Acme Inc.\",\"Big Company\"],\"emailList\":[\"ebaker2022ptacs@gmail.com\",\"ptactsstarlord@yahoo.com\",\"ptacts123@outlook.com\"]},\"patentOwner\":{\"counselList\":[\"Ptab, PO\"],\"realParty\":\"Gunn, Peter\",\"additionalPartyList\":[],\"emailList\":[\"pop518980@gmail.com\"]}}",
    "terminationDate": "1706702410000",
    "institutionDecisionDate": "1706702410000",
    "terminationType": "Remanded-in part",
    "ptabSubStateName": "Remanded",
    "trialType": "IPR",
    "trialTypeDesc": "Inter Partes Review"
  },
  {
    "proceedingId": 1555016,
    "proceedingNumber": "IPR2024-00100",
    "poArtUnitcd": "2125",
    "poPatentNumber": "9857785",
    "poApplicationId": "14659189",
    "poInventionTitleTx": "ADJUSTABLE KNOCKDOWN ROLLERS FOR SUGARCANE HARVESTER",
    "poInventorFullName": "Richard, EricP.",
    "statusDisplay": "Institution Denied",
    "poRealParty": "Smith, John et al.",
    "petiRealParty": "Party, Real et al.",
    "prcdCreatedTs": "2024-01-31 12:01:10.10",
    "poTechCenterId": "2100",
    "allPartiesInfo": "{\"petitioner\":{\"counselList\":[\"K change, change\"],\"realParty\":\"Party, Real\",\"additionalPartyList\":[\"Real party Individual, Additional\",\"ORG ARP update\"],\"emailList\":[\"kevinknox06@gmail.com\"]},\"patentOwner\":{\"counselList\":[\"Baker, Robert\"],\"realParty\":\"Smith, John\",\"additionalPartyList\":[\"Appleseed, Johnny\"],\"emailList\":[\"rishiajay500@gmail.com\"]}}",
    "terminationDate": "1706702410000",
    "institutionDecisionDate": "1706702410000",
    "terminationType": "Final Written Decision",
    "ptabSubStateName": "Pending Rehearing Decision",
    "trialType": "IPR",
    "trialTypeDesc": "Inter Partes Review",
    "extUserPrcdPartyGrpType": "Petitioner"
  },
  {
    "proceedingId": 1555030,
    "proceedingNumber": "IPR2024-00105",
    "poArtUnitcd": "1741",
    "poPatentNumber": "99995555555",
    "poApplicationId": "12860132",
    "poInventionTitleTx": "Dried Highly Fibrillated Cellulose Fiber",
    "poInventorFullName": "Dodd, AndrewJ.",
    "statusDisplay": "Pending",
    "poRealParty": "--",
    "petiRealParty": "Lima, Pat",
    "prcdCreatedTs": "2024-02-09 12:02:10.10",
    "poTechCenterId": "1700",
    "allPartiesInfo": "{\"petitioner\":{\"counselList\":[\"Test, Sonya\",\"Baker, Ericson\"],\"realParty\":\"Lima, Pat\",\"additionalPartyList\":[],\"emailList\":[\"sonyatest01@gmail.com\",\"ebaker2022ptacs@gmail.com\"]},\"patentOwner\":{}}",
    "terminationType": "",
    "ptabSubStateName": "Petition filed",
    "trialType": "IPR",
    "trialTypeDesc": "Inter Partes Review"
  },
  {
    "proceedingId": 1555032,
    "proceedingNumber": "IPR2024-00107",
    "poArtUnitcd": "2438",
    "poPatentNumber": "9876789",
    "poApplicationId": "14678178",
    "poInventionTitleTx": "SYSTEMS AND METHODS FOR SECURE LOGON",
    "poInventorFullName": "BUCKINGHAM, THOMASB.",
    "statusDisplay": "Final Written Decision",
    "poRealParty": "--",
    "petiRealParty": "Appleseed, Johnny et al.",
    "prcdCreatedTs": "2024-02-01 12:02:10.10",
    "poTechCenterId": "2400",
    "allPartiesInfo": "{\"petitioner\":{\"counselList\":[\"Baker, Robert\"],\"realParty\":\"Appleseed, Johnny\",\"additionalPartyList\":[\"Mac, John\"],\"emailList\":[\"rishiajay500@gmail.com\"]},\"patentOwner\":{}}",
    "terminationDate": "1706788810000",
    "institutionDecisionDate": "1706788810000",
    "terminationType": "Final Written Decision",
    "ptabSubStateName": "Pending Rehearing Request",
    "trialType": "IPR",
    "trialTypeDesc": "Inter Partes Review"
  },
  {
    "proceedingId": 1555033,
    "proceedingNumber": "IPR2024-00108",
    "poArtUnitcd": "2438",
    "poPatentNumber": "9876789",
    "poApplicationId": "14678178",
    "poInventionTitleTx": "SYSTEMS AND METHODS FOR SECURE LOGON",
    "poInventorFullName": "BUCKINGHAM, THOMASB.",
    "statusDisplay": "Terminated",
    "poRealParty": "--",
    "petiRealParty": "Test Lastname, Test Firstname et al.",
    "prcdCreatedTs": "2024-02-01 12:02:10.10",
    "poTechCenterId": "2400",
    "allPartiesInfo": "{\"petitioner\":{\"counselList\":[\"Manupati, Upender\"],\"realParty\":\"Test Lastname, Test Firstname\",\"additionalPartyList\":[\"Last Name, Firstname\"],\"emailList\":[\"um.uspto.ptacts.acct@gmail.com\"]},\"patentOwner\":{}}",
    "terminationDate": "1706788810000",
    "institutionDecisionDate": "1706788810000",
    "terminationType": "Dismissed After Institution",
    "ptabSubStateName": "Pending Rehearing Request",
    "trialType": "IPR",
    "trialTypeDesc": "Inter Partes Review"
  },
  {
    "proceedingId": 1555035,
    "proceedingNumber": "IPR2024-00110",
    "poArtUnitcd": "2456",
    "poPatentNumber": "9876878",
    "poApplicationId": "15411641",
    "poInventionTitleTx": "SEAMLESS CLUSTER SERVICING",
    "poInventorFullName": "Chaliparambil, Kishore",
    "statusDisplay": "Final Written Decision - Appealed",
    "poRealParty": "Tim, Greg",
    "petiRealParty": "Last, First",
    "prcdCreatedTs": "2024-02-01 12:02:10.10",
    "poTechCenterId": "2400",
    "allPartiesInfo": "{\"petitioner\":{\"counselList\":[\"Baker, Robert\",\"Manupati, Upender\"],\"realParty\":\"Last, First\",\"additionalPartyList\":[],\"emailList\":[\"rishiajay500@gmail.com\",\"um.uspto.ptacts.acct@gmail.com\"]},\"patentOwner\":{\"counselList\":[\"Beamer, Joewan\"],\"realParty\":\"Tim, Greg\",\"additionalPartyList\":[],\"emailList\":[\"joewan.beamer@gmail.com\"]}}",
    "terminationDate": "1706788810000",
    "institutionDecisionDate": "1706788810000",
    "terminationType": "Final Written Decision",
    "ptabSubStateName": "Appealed",
    "trialType": "IPR",
    "trialTypeDesc": "Inter Partes Review"
  },
  {
    "proceedingId": 1555036,
    "proceedingNumber": "IPR2024-00111",
    "poArtUnitcd": "1765",
    "poPatentNumber": "9834673",
    "poApplicationId": "14900883",
    "poInventionTitleTx": "POLYORGANOSILOXANE-CONTAINING GRAFT COPOLYMER, THERMOPLASTIC RESIN COMPOSITION, AND MOLDED PRODUCT",
    "poInventorFullName": "Wakita, Ayaka",
    "statusDisplay": "Petition filed",
    "poRealParty": "--",
    "petiRealParty": "K change, change",
    "prcdCreatedTs": "2024-02-01 12:02:10.10",
    "poTechCenterId": "1700",
    "allPartiesInfo": "{\"petitioner\":{\"counselList\":[\"K change, change\"],\"realParty\":\"K change, change\",\"additionalPartyList\":[],\"emailList\":[\"kevinknox06@gmail.com\",\"kevinknox06@gmail.com\"]},\"patentOwner\":{}}",
    "terminationType": "",
    "ptabSubStateName": "Petition filed",
    "trialType": "IPR",
    "trialTypeDesc": "Inter Partes Review",
    "extUserPrcdPartyGrpType": "Petitioner"
  },
  {
    "proceedingId": 1555037,
    "proceedingNumber": "IPR2024-00112",
    "poArtUnitcd": "2853",
    "poPatentNumber": "9840094",
    "poApplicationId": "15308515",
    "poInventionTitleTx": "BOBBIN FOR THERMAL TRANSFER SHEET OR IMAGE-RECEIVING SHEET, ASSEMBLY OF BOBBIN AND SHEET, AND THERMAL TRANSFER PRINTER",
    "poInventorFullName": "MORI, Shigeta",
    "statusDisplay": "Petition filed",
    "poRealParty": "--",
    "petiRealParty": "org",
    "prcdCreatedTs": "2024-02-01 12:02:10.10",
    "poTechCenterId": "2800",
    "allPartiesInfo": "{\"petitioner\":{\"counselList\":[\"K change, change\"],\"realParty\":\"org \",\"additionalPartyList\":[],\"emailList\":[\"kevinknox06@gmail.com\"]},\"patentOwner\":{}}",
    "terminationType": "",
    "ptabSubStateName": "Petition filed",
    "trialType": "IPR",
    "trialTypeDesc": "Inter Partes Review",
    "extUserPrcdPartyGrpType": "Petitioner"
  },
  {
    "proceedingId": 1555041,
    "proceedingNumber": "IPR2024-00114",
    "poArtUnitcd": "1653",
    "poPatentNumber": "9845488",
    "poApplicationId": "12827210",
    "poInventionTitleTx": "METHOD FOR THE DEPARAFFINISATION OF BIOLOGICAL SPECIMENS",
    "poInventorFullName": "Kirsch, Christoph",
    "statusDisplay": "Final Written Decision",
    "poRealParty": "Manupati, Upender et al.",
    "petiRealParty": "Doe, John",
    "prcdCreatedTs": "2024-02-02 12:02:10.10",
    "poTechCenterId": "1600",
    "allPartiesInfo": "{\"petitioner\":{\"counselList\":[\"Baker, Robert\"],\"realParty\":\"Doe, John\",\"additionalPartyList\":[],\"emailList\":[\"rishiajay500@gmail.com\"]},\"patentOwner\":{\"counselList\":[\"Manupati, Upender\"],\"realParty\":\"Manupati, Upender\",\"additionalPartyList\":[\"Last name, First name\"],\"emailList\":[\"um.uspto.ptacts.acct@gmail.com\",\"um.uspto.ptacts.acct@gmail.com\"]}}",
    "terminationDate": "1706875210000",
    "institutionDecisionDate": "1706875210000",
    "terminationType": "Final Written Decision",
    "ptabSubStateName": "Pending Rehearing Decision",
    "trialType": "IPR",
    "trialTypeDesc": "Inter Partes Review"
  },
  {
    "proceedingId": 1555043,
    "proceedingNumber": "IPR2024-00115",
    "poArtUnitcd": "2835",
    "poPatentNumber": "9333333",
    "poApplicationId": "13402081",
    "poInventionTitleTx": "OFFSET ELECTRODE",
    "poInventorFullName": "Bare, RexO.",
    "statusDisplay": "Pending",
    "poRealParty": "--",
    "petiRealParty": "Test, Kirby et al.",
    "prcdCreatedTs": "2024-02-09 12:02:10.10",
    "poTechCenterId": "2800",
    "allPartiesInfo": "{\"petitioner\":{\"counselList\":[\"Test, Sonya\",\"Han, frances\",\"Baker, Ericson\"],\"realParty\":\"Test, Kirby\",\"additionalPartyList\":[\"Humble Beginnings, Inc.\"],\"emailList\":[\"sonyatest01@gmail.com\",\"fhanlawfirm@gmail.com\",\"ebaker2022ptacs@gmail.com\"]},\"patentOwner\":{}}",
    "terminationType": "",
    "ptabSubStateName": "Petition filed",
    "trialType": "IPR",
    "trialTypeDesc": "Inter Partes Review"
  },
  {
    "proceedingId": 1555044,
    "proceedingNumber": "IPR2024-00116",
    "poArtUnitcd": "3661",
    "poPatentNumber": "9633487",
    "poApplicationId": "15061910",
    "poInventionTitleTx": "METHOD AND SYSTEM FOR LOGGING VEHICLE BEHAVIOR",
    "poInventorFullName": "Wright, AndrewWilliam",
    "statusDisplay": "Final Written Decision",
    "poRealParty": "--",
    "petiRealParty": "Rockets & Sprockets",
    "prcdCreatedTs": "2024-02-02 12:02:10.10",
    "poTechCenterId": "3600",
    "allPartiesInfo": "{\"petitioner\":{\"counselList\":[\"Baker, Ericson\"],\"realParty\":\"Rockets \\u0026 Sprockets\",\"additionalPartyList\":[],\"emailList\":[\"ebaker2022ptacs@gmail.com\"]},\"patentOwner\":{}}",
    "terminationDate": "1706875210000",
    "institutionDecisionDate": "1706875210000",
    "terminationType": "Settled After Institution",
    "ptabSubStateName": "Rehearing decision - FWD",
    "trialType": "IPR",
    "trialTypeDesc": "Inter Partes Review"
  },
  {
    "proceedingId": 1555045,
    "proceedingNumber": "IPR2024-00117",
    "poArtUnitcd": "3765",
    "poPatentNumber": "9855488",
    "poApplicationId": "14160734",
    "poInventionTitleTx": "SNOWSHOE WITH DOUBLE HINGE BINDING",
    "poInventorFullName": "DUSSAULT, Geoffroy",
    "statusDisplay": "Final Written Decision",
    "poRealParty": "K change, change",
    "petiRealParty": "Smith, John",
    "prcdCreatedTs": "2024-02-02 12:02:10.10",
    "poTechCenterId": "3700",
    "allPartiesInfo": "{\"petitioner\":{\"counselList\":[\"Baker, Robert\"],\"realParty\":\"Smith, John\",\"additionalPartyList\":[],\"emailList\":[\"rishiajay500@gmail.com\"]},\"patentOwner\":{\"counselList\":[\"K change, change\"],\"realParty\":\"K change, change\",\"additionalPartyList\":[],\"emailList\":[\"kevinknox06@gmail.com\",\"kevinknox06@gmail.com\"]}}",
    "terminationDate": "1706875210000",
    "institutionDecisionDate": "1706875210000",
    "terminationType": "Final Written Decision",
    "ptabSubStateName": "Pending Rehearing Decision",
    "trialType": "IPR",
    "trialTypeDesc": "Inter Partes Review",
    "extUserPrcdPartyGrpType": "PatentOwner"
  },
  {
    "proceedingId": 1555049,
    "proceedingNumber": "IPR2024-00119",
    "poArtUnitcd": "3753",
    "poPatentNumber": "9695954",
    "poApplicationId": "14008988",
    "poInventionTitleTx": "ELECTRIC VALVE DEVICE, IN PARTICULAR FOR A DEVICE FOR FORMING ICE IN A FRIDGE",
    "poInventorFullName": "Da Pont, Paolo",
    "statusDisplay": "Petition filed",
    "poRealParty": "--",
    "petiRealParty": "test, test",
    "prcdCreatedTs": "2024-02-04 12:02:10.10",
    "poTechCenterId": "3700",
    "allPartiesInfo": "{\"petitioner\":{\"counselList\":[\"K change, change\"],\"realParty\":\"test, test\",\"additionalPartyList\":[],\"emailList\":[\"kevinknox06@gmail.com\"]},\"patentOwner\":{}}",
    "terminationType": "",
    "ptabSubStateName": "Petition filed",
    "trialType": "IPR",
    "trialTypeDesc": "Inter Partes Review",
    "extUserPrcdPartyGrpType": "Petitioner"
  },
  {
    "proceedingId": 1555052,
    "proceedingNumber": "IPR2024-00122",
    "poArtUnitcd": "2454",
    "poPatentNumber": "9742824",
    "poApplicationId": "15283578",
    "poInventionTitleTx": "STREAMING MEDIA DELIVERY SYSTEM",
    "poInventorFullName": "Price, HaroldEdward",
    "statusDisplay": "Trial Instituted",
    "poRealParty": "--",
    "petiRealParty": "Big Pharma",
    "prcdCreatedTs": "2024-02-05 12:02:10.10",
    "poTechCenterId": "2400",
    "allPartiesInfo": "{\"petitioner\":{\"counselList\":[\"Baker, Ericson\"],\"realParty\":\"Big Pharma\",\"additionalPartyList\":[],\"emailList\":[\"ebaker2022ptacs@gmail.com\"]},\"patentOwner\":{}}",
    "institutionDecisionDate": "1707134410000",
    "terminationType": "Institution Granted(Joined)",
    "ptabSubStateName": "Joined",
    "trialType": "IPR",
    "trialTypeDesc": "Inter Partes Review"
  },
  {
    "proceedingId": 1555053,
    "proceedingNumber": "IPR2024-00123",
    "poArtUnitcd": "1663",
    "poPatentNumber": "9856485",
    "poApplicationId": "14337932",
    "poInventionTitleTx": "RECOMBINANT DNA CONSTRUCTS EMPLOYING SITE-SPECIFIC RECOMBINATION",
    "poInventorFullName": "Gilbertson, LarryA.",
    "statusDisplay": "Final Written Decision - Appealed",
    "poRealParty": "Quinn, Ben",
    "petiRealParty": "Smith, John",
    "prcdCreatedTs": "2024-02-05 12:02:10.10",
    "poTechCenterId": "1600",
    "allPartiesInfo": "{\"petitioner\":{\"counselList\":[\"Baker, Robert\"],\"realParty\":\"Smith, John\",\"additionalPartyList\":[],\"emailList\":[\"rishiajay500@gmail.com\"]},\"patentOwner\":{\"counselList\":[\"Beamer, Joewan\"],\"realParty\":\"Quinn, Ben\",\"additionalPartyList\":[],\"emailList\":[\"joewan.beamer@gmail.com\"]}}",
    "terminationDate": "1707134410000",
    "institutionDecisionDate": "1707134410000",
    "terminationType": "Subsequent Final Written Decision After Rehearing",
    "ptabSubStateName": "Appealed",
    "trialType": "IPR",
    "trialTypeDesc": "Inter Partes Review"
  },
  {
    "proceedingId": 1555054,
    "proceedingNumber": "IPR2024-00124",
    "poArtUnitcd": "3633",
    "poPatentNumber": "9695967",
    "poApplicationId": "14156614",
    "poInventionTitleTx": "Connection apparatus",
    "poInventorFullName": "Utsch, Helmut",
    "statusDisplay": "Petition filed",
    "poRealParty": "--",
    "petiRealParty": "test, test et al.",
    "prcdCreatedTs": "2024-02-05 12:02:10.10",
    "poTechCenterId": "3600",
    "allPartiesInfo": "{\"petitioner\":{\"counselList\":[\"K change, change\"],\"realParty\":\"test, test\",\"additionalPartyList\":[\"tstests, teswt\"],\"emailList\":[\"kevinknox06@gmail.com\"]},\"patentOwner\":{}}",
    "terminationType": "",
    "ptabSubStateName": "Petition filed",
    "trialType": "IPR",
    "trialTypeDesc": "Inter Partes Review",
    "extUserPrcdPartyGrpType": "Petitioner"
  },
  {
    "proceedingId": 1555060,
    "proceedingNumber": "IPR2024-00126",
    "poArtUnitcd": "2467",
    "poPatentNumber": "9876545",
    "poApplicationId": "14816017",
    "poInventionTitleTx": "APPARATUS, SYSTEM AND METHOD OF WIRELESS COMMUNICATION VIA POLARIZED ANTENNAS",
    "poInventorFullName": "Cordeiro, Carlos",
    "statusDisplay": "Trial Instituted",
    "poRealParty": "John, Tim",
    "petiRealParty": "Doe, John",
    "prcdCreatedTs": "2024-02-06 12:02:10.10",
    "poTechCenterId": "2400",
    "allPartiesInfo": "{\"petitioner\":{\"counselList\":[\"Baker, Robert\",\"Manupati, Upender\"],\"realParty\":\"Doe, John\",\"additionalPartyList\":[],\"emailList\":[\"rishiajay500@gmail.com\",\"um.uspto.ptacts.acct@gmail.com\"]},\"patentOwner\":{\"counselList\":[\"Beamer, Joewan\"],\"realParty\":\"John, Tim\",\"additionalPartyList\":[],\"emailList\":[\"joewan.beamer@gmail.com\"]}}",
    "institutionDecisionDate": "1707307210000",
    "terminationType": "Institution Granted",
    "ptabSubStateName": "Instituted",
    "trialType": "IPR",
    "trialTypeDesc": "Inter Partes Review"
  },
  {
    "proceedingId": 1555062,
    "proceedingNumber": "IPR2024-00127",
    "poArtUnitcd": "2683",
    "poPatentNumber": "9858454",
    "poApplicationId": "15169832",
    "poInventionTitleTx": "METHOD AND A RADIO TAG COMMUNICATION APPARATUS",
    "poInventorFullName": "Sano, Kouichi",
    "statusDisplay": "Pending",
    "poRealParty": "--",
    "petiRealParty": "Hewitt, Mark et al.",
    "prcdCreatedTs": "2024-02-07 12:02:10.10",
    "poTechCenterId": "2600",
    "allPartiesInfo": "{\"petitioner\":{\"counselList\":[\"Baker, Robert\"],\"realParty\":\"Hewitt, Mark\",\"additionalPartyList\":[\"Monroe, James\"],\"emailList\":[\"rishiajay500@gmail.com\"]},\"patentOwner\":{}}",
    "terminationType": "",
    "ptabSubStateName": "Notice of filing date accorded",
    "trialType": "IPR",
    "trialTypeDesc": "Inter Partes Review"
  },
  {
    "proceedingId": 1555064,
    "proceedingNumber": "IPR2024-00129",
    "poArtUnitcd": "3652",
    "poPatentNumber": "10172270",
    "poApplicationId": "13839790",
    "poInventionTitleTx": "PICK-AND-PLACE FEEDER MODULE ASSEMBLY",
    "poInventorFullName": "YOUNGQUIST, JOHNS.",
    "statusDisplay": "Pending",
    "poRealParty": "--",
    "petiRealParty": "Ptacts, Account et al.",
    "prcdCreatedTs": "2024-02-07 12:02:10.10",
    "poTechCenterId": "3600",
    "allPartiesInfo": "{\"petitioner\":{\"counselList\":[\"Smith, P\",\"Ptab, PO\"],\"realParty\":\"Ptacts, Account\",\"additionalPartyList\":[\"Large Corp Inc\",\"Greggs, David\"],\"emailList\":[\"psmith103process@gmail.com\",\"pop518980@gmail.com\"]},\"patentOwner\":{}}",
    "terminationType": "",
    "ptabSubStateName": "Petition filed",
    "trialType": "IPR",
    "trialTypeDesc": "Inter Partes Review"
  },
  {
    "proceedingId": 1555065,
    "proceedingNumber": "IPR2024-00130",
    "poArtUnitcd": "2133",
    "poPatentNumber": "9846545",
    "poApplicationId": "14863202",
    "poInventionTitleTx": "METHODS AND SYSTEMS FOR USING SERVICE LEVEL OBJECTIVES IN A NETWORKED STORAGE ENVIRONMENT",
    "poInventorFullName": "Karale, RajeevVeerabhadra",
    "statusDisplay": "Pending",
    "poRealParty": "Tim, John",
    "petiRealParty": "Doe, Jane et al.",
    "prcdCreatedTs": "2024-02-07 12:02:10.10",
    "poTechCenterId": "2100",
    "allPartiesInfo": "{\"petitioner\":{\"counselList\":[\"Han, frances\",\"Baker, Robert\",\"Manupati, Upender\"],\"realParty\":\"Doe, Jane\",\"additionalPartyList\":[\"Monroe, James\"],\"emailList\":[\"fhanlawfirm@gmail.com\",\"rishiajay500@gmail.com\",\"um.uspto.ptacts.acct@gmail.com\"]},\"patentOwner\":{\"counselList\":[\"Beamer, Joewan\"],\"realParty\":\"Tim, John\",\"additionalPartyList\":[],\"emailList\":[\"joewan.beamer@gmail.com\"]}}",
    "terminationType": "",
    "ptabSubStateName": "Notice of filing date accorded",
    "trialType": "IPR",
    "trialTypeDesc": "Inter Partes Review"
  },
  {
    "proceedingId": 1555066,
    "proceedingNumber": "IPR2024-00131",
    "poArtUnitcd": "2437",
    "poPatentNumber": "9111111",
    "poApplicationId": "14034067",
    "poInventionTitleTx": "Location-Based File Security",
    "poInventorFullName": "Ramaswamy, Sharadh",
    "statusDisplay": "Pending",
    "poRealParty": "Party, Define et al.",
    "petiRealParty": "Appeals, Attorney et al.",
    "prcdCreatedTs": "2024-02-07 12:02:10.10",
    "poTechCenterId": "2400",
    "allPartiesInfo": "{\"petitioner\":{\"counselList\":[\"Ptab, PO\"],\"realParty\":\"Appeals, Attorney\",\"additionalPartyList\":[\"Joseph, Jo\"],\"emailList\":[\"pop518980@gmail.com\"]},\"patentOwner\":{\"counselList\":[\"Smith, P\",\"Ptab, PO\"],\"realParty\":\"Party, Define\",\"additionalPartyList\":[\"Olive, Oliver\"],\"emailList\":[\"psmith103process@gmail.com\",\"pop518980@gmail.com\"]}}",
    "terminationType": "",
    "ptabSubStateName": "Petition filed",
    "trialType": "IPR",
    "trialTypeDesc": "Inter Partes Review"
  },
  {
    "proceedingId": 1555068,
    "proceedingNumber": "IPR2024-00132",
    "poArtUnitcd": "2606",
    "poPatentNumber": "5555555",
    "poApplicationId": "08183369",
    "poInventionTitleTx": "APPARATUS WHICH DETECTS LINES APPROXIMATING AN IMAGE BY REPEATEDLY NARROWING AN AREA OF THE IMAGE TO BE ANALYZED AND INCREASING THE RESOLUTION IN THE ANALYZED AREA",
    "poInventorFullName": "SATO, JUN",
    "statusDisplay": "Notice of Filing Date Accorded",
    "poRealParty": "Smith, John",
    "petiRealParty": "K change, change",
    "prcdCreatedTs": "2024-02-07 12:02:10.10",
    "poTechCenterId": "2600",
    "allPartiesInfo": "{\"petitioner\":{\"counselList\":[\"K change, change\"],\"realParty\":\"K change, change\",\"additionalPartyList\":[],\"emailList\":[\"kevinknox06@gmail.com\",\"kevinknox06@gmail.com\"]},\"patentOwner\":{\"counselList\":[\"Baker, Robert\"],\"realParty\":\"Smith, John\",\"additionalPartyList\":[],\"emailList\":[\"rishiajay500@gmail.com\"]}}",
    "terminationType": "",
    "ptabSubStateName": "Notice of filing date accorded",
    "trialType": "IPR",
    "trialTypeDesc": "Inter Partes Review",
    "extUserPrcdPartyGrpType": "Petitioner"
  },
  {
    "proceedingId": 1555075,
    "proceedingNumber": "IPR2024-00134",
    "poArtUnitcd": "3748",
    "poPatentNumber": "9856756",
    "poApplicationId": "14427131",
    "poInventionTitleTx": "WORKING MEDIUM MIXTURE FOR STEAM ENGINES",
    "poInventorFullName": "Hoetger, Michael",
    "statusDisplay": "Final Written Decision - Appealed",
    "poRealParty": "Manupati, Upender et al.",
    "petiRealParty": "Barnes, Robert",
    "prcdCreatedTs": "2024-02-08 12:02:10.10",
    "poTechCenterId": "3700",
    "allPartiesInfo": "{\"petitioner\":{\"counselList\":[\"Baker, Robert\"],\"realParty\":\"Barnes, Robert\",\"additionalPartyList\":[],\"emailList\":[\"rishiajay500@gmail.com\"]},\"patentOwner\":{\"counselList\":[\"Manupati, Upender\"],\"realParty\":\"Manupati, Upender\",\"additionalPartyList\":[\"Ted, John\"],\"emailList\":[\"um.uspto.ptacts.acct@gmail.com\",\"um.uspto.ptacts.acct@gmail.com\"]}}",
    "terminationDate": "1707393610000",
    "institutionDecisionDate": "1707393610000",
    "terminationType": "Final Written Decision",
    "ptabSubStateName": "Appealed",
    "trialType": "IPR",
    "trialTypeDesc": "Inter Partes Review"
  },
  {
    "proceedingId": 1555076,
    "proceedingNumber": "IPR2024-00135",
    "poArtUnitcd": "2467",
    "poPatentNumber": "10172160",
    "poApplicationId": "15220155",
    "poInventionTitleTx": "CHANNEL CONTENTION METHOD, ACCESS POINT, AND STATION",
    "poInventorFullName": "Wu, Tianyu",
    "statusDisplay": "Pending",
    "poRealParty": "--",
    "petiRealParty": "Pharma, Big et al.",
    "prcdCreatedTs": "2024-02-09 12:02:10.10",
    "poTechCenterId": "2400",
    "allPartiesInfo": "{\"petitioner\":{\"counselList\":[\"Baker, Ericson\"],\"realParty\":\"Pharma, Big\",\"additionalPartyList\":[\"Pen, Epi\"],\"emailList\":[\"ebaker2022ptacs@gmail.com\"]},\"patentOwner\":{}}",
    "terminationType": "",
    "ptabSubStateName": "Petition filed",
    "trialType": "IPR",
    "trialTypeDesc": "Inter Partes Review"
  },
  {
    "proceedingId": 1555081,
    "proceedingNumber": "IPR2024-00138",
    "poArtUnitcd": "3753",
    "poPatentNumber": "9695965",
    "poApplicationId": "14809477",
    "poInventionTitleTx": "Integral Valve",
    "poInventorFullName": "Hadas, Micha",
    "statusDisplay": "Petition filed",
    "poRealParty": "--",
    "petiRealParty": "RealLast, RealFirst et al.",
    "prcdCreatedTs": "2024-02-08 12:02:10.10",
    "poTechCenterId": "3700",
    "allPartiesInfo": "{\"petitioner\":{\"counselList\":[\"K change, change\"],\"realParty\":\"RealLast, RealFirst\",\"additionalPartyList\":[\"AddLast1, AddFirst1\",\"AddLast2, AddFirst2\"],\"emailList\":[\"kevinknox06@gmail.com\"]},\"patentOwner\":{}}",
    "terminationType": "",
    "ptabSubStateName": "Petition filed",
    "trialType": "IPR",
    "trialTypeDesc": "Inter Partes Review",
    "extUserPrcdPartyGrpType": "Petitioner"
  },
  {
    "proceedingId": 1555082,
    "proceedingNumber": "IPR2024-00139",
    "poArtUnitcd": "2606",
    "poPatentNumber": "5555555",
    "poApplicationId": "08183369",
    "poInventionTitleTx": "APPARATUS WHICH DETECTS LINES APPROXIMATING AN IMAGE BY REPEATEDLY NARROWING AN AREA OF THE IMAGE TO BE ANALYZED AND INCREASING THE RESOLUTION IN THE ANALYZED AREA",
    "poInventorFullName": "SATO, JUN",
    "statusDisplay": "Petition filed",
    "poRealParty": "--",
    "petiRealParty": "K, M",
    "prcdCreatedTs": "2024-02-09 12:02:10.10",
    "poTechCenterId": "2600",
    "allPartiesInfo": "{\"petitioner\":{\"counselList\":[\"K change, change\"],\"realParty\":\"K, M\",\"additionalPartyList\":[],\"emailList\":[\"kevinknox06@gmail.com\"]},\"patentOwner\":{}}",
    "terminationType": "",
    "ptabSubStateName": "Petition filed",
    "trialType": "IPR",
    "trialTypeDesc": "Inter Partes Review",
    "extUserPrcdPartyGrpType": "Petitioner"
  }
]
