[
  {
    "decisionOutcomeGroupTypes": [
      {
        "decisionOutComeTypes": [
          {
            "identifier": 1,
            "code": "PO INST Grant RHR",
            "descriptionText": "PO Rehearing Request Granted On Institution Decision Granted (Trial Denied)",
            "beginingEffectiveDate": "2021-03-15T04:00:00.000+00:00",
            "outComeCategoryType": 1,
            "outComeCategoryDesc": "Institution Decision"
          },
          {
            "identifier": 2,
            "code": "Denied",
            "descriptionText": "Institution Denied",
            "beginingEffectiveDate": "2021-03-15T04:00:00.000+00:00",
            "outComeCategoryType": 1,
            "outComeCategoryDesc": "Institution Decision"
          },
          {
            "identifier": 3,
            "code": "Granted",
            "descriptionText": "Institution Granted",
            "beginingEffectiveDate": "2021-03-15T04:00:00.000+00:00",
            "outComeCategoryType": 1,
            "outComeCategoryDesc": "Institution Decision"
          },
          {
            "identifier": 4,
            "code": "ADVRSBINST",
            "descriptionText": "Request for adverse judgment before institution",
            "beginingEffectiveDate": "2021-03-15T04:00:00.000+00:00",
            "outComeCategoryType": 2,
            "outComeCategoryDesc": "Termination Decision"
          },
          {
            "identifier": 5,
            "code": "ADVRSAINST",
            "descriptionText": "Request For Adverse Judgment After Institution",
            "beginingEffectiveDate": "2021-03-15T04:00:00.000+00:00",
            "outComeCategoryType": 2,
            "outComeCategoryDesc": "Termination Decision"
          },
          {
            "identifier": 6,
            "code": "SETLBINST",
            "descriptionText": "Settled Before Institution",
            "beginingEffectiveDate": "2021-03-15T04:00:00.000+00:00",
            "outComeCategoryType": 2,
            "outComeCategoryDesc": "Termination Decision"
          },
          {
            "identifier": 7,
            "code": "SETLAINST",
            "descriptionText": "Settled After Institution",
            "beginingEffectiveDate": "2021-03-15T04:00:00.000+00:00",
            "outComeCategoryType": 2,
            "outComeCategoryDesc": "Termination Decision"
          },
          {
            "identifier": 8,
            "code": "DISMBINST",
            "descriptionText": "Dismissed Before Institution",
            "beginingEffectiveDate": "2021-03-15T04:00:00.000+00:00",
            "outComeCategoryType": 2,
            "outComeCategoryDesc": "Termination Decision"
          },
          {
            "identifier": 9,
            "code": "VACT INST Decision",
            "descriptionText": "Vacate Institution Decision",
            "beginingEffectiveDate": "2021-03-15T04:00:00.000+00:00",
            "outComeCategoryType": 2,
            "outComeCategoryDesc": "Termination Decision"
          },
          {
            "identifier": 10,
            "code": "Vacate FWD",
            "descriptionText": "Vacate FWD",
            "beginingEffectiveDate": "2021-03-15T04:00:00.000+00:00",
            "outComeCategoryType": 2,
            "outComeCategoryDesc": "Termination Decision"
          },
          {
            "identifier": 11,
            "code": "DISAInstitution",
            "descriptionText": "Dismissed After Institution",
            "beginingEffectiveDate": "2021-03-15T04:00:00.000+00:00",
            "outComeCategoryType": 2,
            "outComeCategoryDesc": "Termination Decision"
          },
          {
            "identifier": 12,
            "code": "FWD",
            "descriptionText": "Final Written Decision",
            "beginingEffectiveDate": "2021-03-15T04:00:00.000+00:00",
            "outComeCategoryType": 2,
            "outComeCategoryDesc": "Termination Decision"
          },
          {
            "identifier": 13,
            "code": "Pet Inst Grant RHR",
            "descriptionText": "Petitioner's Rehearing Request Granted On Institution Decision Denied (Reinstituted)",
            "beginingEffectiveDate": "2021-03-15T04:00:00.000+00:00",
            "outComeCategoryType": 1,
            "outComeCategoryDesc": "Institution Decision"
          },
          {
            "identifier": 14,
            "code": "FWD On CAFC Remand",
            "descriptionText": "Final Written Decision On CAFC Remand",
            "beginingEffectiveDate": "2021-03-15T04:00:00.000+00:00",
            "outComeCategoryType": 2,
            "outComeCategoryDesc": "Termination Decision"
          },
          {
            "identifier": 15,
            "code": "Trial CC",
            "descriptionText": "Trial Certificate Checklist",
            "beginingEffectiveDate": "2021-03-15T04:00:00.000+00:00",
            "outComeCategoryType": 4,
            "outComeCategoryDesc": "Trial Certificate Checklist"
          },
          {
            "identifier": 16,
            "code": "PO RHR RQST D INST",
            "descriptionText": "PO Rehearing Request Denied On Institution Decision Granted ",
            "beginingEffectiveDate": "2021-03-15T04:00:00.000+00:00",
            "outComeCategoryType": 3,
            "outComeCategoryDesc": "Rehearing decision outcome"
          },
          {
            "identifier": 17,
            "code": "SUB FWD AFT RHR",
            "descriptionText": "Subsequent Final Written Decision After Rehearing",
            "beginingEffectiveDate": "2021-03-15T04:00:00.000+00:00",
            "outComeCategoryType": 2,
            "outComeCategoryDesc": "Termination Decision"
          },
          {
            "identifier": 18,
            "code": "RHR D on FWD",
            "descriptionText": "Rehearing Request Denied On FWD",
            "beginingEffectiveDate": "2021-03-15T04:00:00.000+00:00",
            "outComeCategoryType": 3,
            "outComeCategoryDesc": "Rehearing decision outcome"
          },
          {
            "identifier": 19,
            "code": "PET RHR RQST D INST",
            "descriptionText": "Petitioner Rehearing Request Denied On Institution Decision Denied",
            "beginingEffectiveDate": "2021-03-15T04:00:00.000+00:00",
            "outComeCategoryType": 3,
            "outComeCategoryDesc": "Rehearing decision outcome"
          },
          {
            "identifier": 20,
            "code": "PAR INST",
            "descriptionText": "Partial Institution",
            "beginingEffectiveDate": "2021-03-15T04:00:00.000+00:00",
            "outComeCategoryType": 1,
            "outComeCategoryDesc": "Institution Decision"
          },
          {
            "identifier": 99,
            "code": "No Outcome",
            "descriptionText": "No outCome",
            "beginingEffectiveDate": "2021-03-15T04:00:00.000+00:00",
            "outComeCategoryType": 1,
            "outComeCategoryDesc": "Institution Decision"
          },
          {
            "identifier": 29,
            "code": "OTR AFR INST",
            "descriptionText": "Other After Institution",
            "beginingEffectiveDate": "2021-06-01T04:00:00.000+00:00",
            "outComeCategoryType": 1,
            "outComeCategoryDesc": "Institution Decision"
          },
          {
            "identifier": 28,
            "code": "OTR BFR INST",
            "descriptionText": "Other Before Institution",
            "beginingEffectiveDate": "2021-06-01T04:00:00.000+00:00",
            "outComeCategoryType": 1,
            "outComeCategoryDesc": "Institution Decision"
          },
          {
            "identifier": 30,
            "code": "Granted(Joined)",
            "descriptionText": "Institution Granted(Joined)",
            "beginingEffectiveDate": "2021-03-15T04:00:00.000+00:00",
            "outComeCategoryType": 1,
            "outComeCategoryDesc": "Institution Decision"
          },
          {
            "identifier": 21,
            "code": "Affirmed",
            "descriptionText": "Affirmed",
            "beginingEffectiveDate": "2021-03-15T04:00:00.000+00:00",
            "outComeCategoryType": 5,
            "outComeCategoryDesc": "Fed Circuit Decision"
          },
          {
            "identifier": 22,
            "code": "Reversed",
            "descriptionText": "Reversed",
            "beginingEffectiveDate": "2021-03-15T04:00:00.000+00:00",
            "outComeCategoryType": 5,
            "outComeCategoryDesc": "Fed Circuit Decision"
          },
          {
            "identifier": 23,
            "code": "Aff/Rev inP",
            "descriptionText": "Affirmed/Reversed in Part",
            "beginingEffectiveDate": "2021-03-15T04:00:00.000+00:00",
            "outComeCategoryType": 5,
            "outComeCategoryDesc": "Fed Circuit Decision"
          },
          {
            "identifier": 24,
            "code": "Dismissed",
            "descriptionText": "Dismissed",
            "beginingEffectiveDate": "2021-03-15T04:00:00.000+00:00",
            "outComeCategoryType": 5,
            "outComeCategoryDesc": "Fed Circuit Decision"
          },
          {
            "identifier": 25,
            "code": "Volu Dismissed",
            "descriptionText": "Voluntarily Dismissed",
            "beginingEffectiveDate": "2021-03-15T04:00:00.000+00:00",
            "outComeCategoryType": 5,
            "outComeCategoryDesc": "Fed Circuit Decision"
          },
          {
            "identifier": 26,
            "code": "Vacated/Remanded",
            "descriptionText": "Vacated/Remanded",
            "beginingEffectiveDate": "2021-03-15T04:00:00.000+00:00",
            "outComeCategoryType": 5,
            "outComeCategoryDesc": "Fed Circuit Decision"
          },
          {
            "identifier": 27,
            "code": "Remanded-in part",
            "descriptionText": "Remanded-in part",
            "beginingEffectiveDate": "2021-03-15T04:00:00.000+00:00",
            "outComeCategoryType": 5,
            "outComeCategoryDesc": "Fed Circuit Decision"
          }
        ]
      }
    ]
  }
]
