{
  "listAvailableJobs": "https://8slsullen4.execute-api.us-east-1.amazonaws.com/Prod/listAvailableJobs",
  "jobStatus": "https://8slsullen4.execute-api.us-east-1.amazonaws.com/Prod/job-status",
  "runBatch": "https://8slsullen4.execute-api.us-east-1.amazonaws.com/Prod/batch-run",
  "scheduleJob": "https://8slsullen4.execute-api.us-east-1.amazonaws.com/Prod/schedule-job",
  "batchStatus": "https://8slsullen4.execute-api.us-east-1.amazonaws.com/Prod/batch-status",
  "onInit": "https://8slsullen4.execute-api.us-east-1.amazonaws.com/Prod/on-init"
}
