[
  {
    "job_instance_id": "3232",
    "job_name": "qhpExtract",
    "job_key": "002e662fc71b9aa673046090054f82ad",
    "job_execution_id": "3232",
    "create_time": "2024-07-03T12:26:21.100Z",
    "start_time": "2024-07-03T12:26:21.196Z",
    "end_time": "2024-07-03T12:26:22.824Z",
    "last_updated_time": "2024-07-03T12:26:27.780Z",
    "status": "COMPLETED",
    "exit_code": "COMPLETED",
    "exit_message": ""
  },
  {
    "job_instance_id": "3232",
    "job_name": "qhpExtract",
    "job_key": "002e662fc71b9aa673046090054f82ad",
    "job_execution_id": "3232",
    "create_time": "2024-07-03T12:26:21.100Z",
    "start_time": "2024-07-03T12:26:21.196Z",
    "end_time": "2024-07-03T12:26:22.824Z",
    "last_updated_time": "2024-07-03T12:26:27.780Z",
    "status": "COMPLETED",
    "exit_code": "COMPLETED",
    "exit_message": ""
  },
  {
    "job_instance_id": "3232",
    "job_name": "qhpExtract",
    "job_key": "002e662fc71b9aa673046090054f82ad",
    "job_execution_id": "3232",
    "create_time": "2024-07-03T12:26:21.100Z",
    "start_time": "2024-07-03T12:26:21.196Z",
    "end_time": "2024-07-03T12:26:22.824Z",
    "last_updated_time": "2024-07-03T12:26:27.780Z",
    "status": "COMPLETED",
    "exit_code": "COMPLETED",
    "exit_message": ""
  },
  {
    "job_instance_id": "3231",
    "job_name": "qhpExtract",
    "job_key": "549642d67a1ce8c91ded235ed15df197",
    "job_execution_id": "3231",
    "create_time": "2024-07-03T12:26:20.665Z",
    "start_time": "2024-07-03T12:26:20.759Z",
    "end_time": "2024-07-03T12:26:22.330Z",
    "last_updated_time": "2024-07-03T12:26:27.570Z",
    "status": "COMPLETED",
    "exit_code": "COMPLETED",
    "exit_message": ""
  },
  {
    "job_instance_id": "3231",
    "job_name": "qhpExtract",
    "job_key": "549642d67a1ce8c91ded235ed15df197",
    "job_execution_id": "3231",
    "create_time": "2024-07-03T12:26:20.665Z",
    "start_time": "2024-07-03T12:26:20.759Z",
    "end_time": "2024-07-03T12:26:22.330Z",
    "last_updated_time": "2024-07-03T12:26:27.570Z",
    "status": "COMPLETED",
    "exit_code": "COMPLETED",
    "exit_message": ""
  },
  {
    "job_instance_id": "3231",
    "job_name": "qhpExtract",
    "job_key": "549642d67a1ce8c91ded235ed15df197",
    "job_execution_id": "3231",
    "create_time": "2024-07-03T12:26:20.665Z",
    "start_time": "2024-07-03T12:26:20.759Z",
    "end_time": "2024-07-03T12:26:22.330Z",
    "last_updated_time": "2024-07-03T12:26:27.570Z",
    "status": "COMPLETED",
    "exit_code": "COMPLETED",
    "exit_message": ""
  },
  {
    "job_instance_id": "3230",
    "job_name": "qhpExtract",
    "job_key": "68ad6f4d39b50bd789e6f1551ce2d591",
    "job_execution_id": "3230",
    "create_time": "2024-07-03T12:26:17.405Z",
    "start_time": "2024-07-03T12:26:17.502Z",
    "end_time": "2024-07-03T12:26:19.376Z",
    "last_updated_time": "2024-07-03T12:26:24.110Z",
    "status": "COMPLETED",
    "exit_code": "COMPLETED",
    "exit_message": ""
  },
  {
    "job_instance_id": "3230",
    "job_name": "qhpExtract",
    "job_key": "68ad6f4d39b50bd789e6f1551ce2d591",
    "job_execution_id": "3230",
    "create_time": "2024-07-03T12:26:17.405Z",
    "start_time": "2024-07-03T12:26:17.502Z",
    "end_time": "2024-07-03T12:26:19.376Z",
    "last_updated_time": "2024-07-03T12:26:24.110Z",
    "status": "COMPLETED",
    "exit_code": "COMPLETED",
    "exit_message": ""
  },
  {
    "job_instance_id": "3230",
    "job_name": "qhpExtract",
    "job_key": "68ad6f4d39b50bd789e6f1551ce2d591",
    "job_execution_id": "3230",
    "create_time": "2024-07-03T12:26:17.405Z",
    "start_time": "2024-07-03T12:26:17.502Z",
    "end_time": "2024-07-03T12:26:19.376Z",
    "last_updated_time": "2024-07-03T12:26:24.110Z",
    "status": "COMPLETED",
    "exit_code": "COMPLETED",
    "exit_message": ""
  },
  {
    "job_instance_id": "3229",
    "job_name": "qhpExtract",
    "job_key": "f249cf53d72da1e804e1f252c8de2fa9",
    "job_execution_id": "3229",
    "create_time": "2024-07-03T12:26:11.970Z",
    "start_time": "2024-07-03T12:26:12.089Z",
    "end_time": "2024-07-03T12:26:14.448Z",
    "last_updated_time": "2024-07-03T12:26:20.543Z",
    "status": "COMPLETED",
    "exit_code": "COMPLETED",
    "exit_message": ""
  }
]
