{
  "OpenShift": {
    "environmentProperties": [
      {
        "env": "test9",
        "protocol": "https",
        "host": "api.test.ffm.internal.cms.gov",
        "port": 6443,
        "timeout": 60000,
        "BA_SM_PLATFORM_TOKEN": "gov/cms/hc/platformtokens/ba/dev/application",
        "BA_PARAMETER_KEY": "/fba/dev/allowed/access"
      }
    ],
    "batches": [
      {
        "name": "pm-batch-adhoc-test9",
        "key": "pm-batch-adhoc-test9",
        "namespace": "cmsffm-pm-test9",
        "runParams": [
          {
            "param": "jobName",
            "dataType": "string",
            "required": true,
            "defaultValue": "qhpExtract"
          },
          {
            "param": "batchType",
            "dataType": "enum",
            "required": false,
            "allowedValues": ["", "DELTA", "FULL"],
            "defaultValue": ""
          },
          {
            "param": "planYear",
            "dataType": "string",
            "required": false,
            "defaultValue": "2024"
          },
          {
            "param": "loadExchangeRateAreaOnly",
            "dataType": "enum",
            "required": false,
            "allowedValues": ["", "true", "false"],
            "defaultValue": ""
          }
        ]
      },
      {
        "name": "pm-batch-qhp-delta-test9",
        "key": "pm-batch-qhp-delta-test9",
        "namespace": "cmsffm-pm-test9",
        "runParams": []
      },
      {
        "name": "pm-batch-qhp-full-test9",
        "key": "pm-batch-qhp-full-test9",
        "namespace": "cmsffm-pm-test9",
        "runParams": []
      },
      {
        "name": "pm-batch-quasr-delta-test9",
        "key": "pm-batch-quasr-delta-test9",
        "namespace": "cmsffm-pm-test9",
        "runParams": []
      },
      {
        "name": "pm-batch-quasr-full-test9",
        "key": "pm-batch-quasr-full-test9",
        "namespace": "cmsffm-pm-test9",
        "runParams": []
      },
      {
        "name": "pm-batch-sre-full-test9",
        "key": "pm-batch-sre-full-test9",
        "namespace": "cmsffm-pm-test9",
        "runParams": []
      },
      {
        "name": "pm-batch-sre-partial-test9",
        "key": "pm-batch-sre-partial-test9",
        "namespace": "cmsffm-pm-test9",
        "runParams": []
      }
    ]
  }
}
