[
  {
    "name": "pm-batch-adhoc-test1",
    "uid": "7a8ed098-ea6d-4be1-9994-770ac6bdaa81",
    "namespace": "cmsffm-pm-test1",
    "schedule": "0 5 31 2 *",
    "timezone": "UTC"
  },
  {
    "name": "pm-batch-fmedge-fpd-2025-test1",
    "uid": "d9dcaf9e-5ed3-4603-8f53-5dd73d1de033",
    "namespace": "cmsffm-pm-test1",
    "schedule": "0 5 31 2 *",
    "timezone": "UTC"
  },
  {
    "name": "pm-batch-fmedge-fpd-npy-test1",
    "uid": "001835f0-6b90-4765-9f8c-58b070b49f72",
    "namespace": "cmsffm-pm-test1",
    "schedule": "0 5 31 2 *",
    "timezone": "UTC"
  },
  {
    "name": "pm-batch-fmedge-npy-test1",
    "uid": "34edaefc-3773-42b3-aed9-46edad222ca0",
    "namespace": "cmsffm-pm-test1",
    "schedule": "0 5 31 2 *",
    "timezone": "UTC"
  },
  {
    "name": "pm-batch-fmedge-spd-2025-test1",
    "uid": "5c736c04-402c-40a1-adaa-440c3edd06c8",
    "namespace": "cmsffm-pm-test1",
    "schedule": "0 5 31 2 *",
    "timezone": "UTC"
  },
  {
    "name": "pm-batch-fmedge-spd-npy-test1",
    "uid": "84a8ff4f-95a5-46ba-87e6-787cb91179a7",
    "namespace": "cmsffm-pm-test1",
    "schedule": "0 5 31 2 *",
    "timezone": "UTC"
  },
  {
    "name": "pm-batch-ppe-false-2025-test1",
    "uid": "cd66c3df-354d-408f-b898-7d55177d7f2e",
    "namespace": "cmsffm-pm-test1",
    "schedule": "0 5 31 2 *",
    "timezone": "UTC"
  },
  {
    "name": "pm-batch-ppe-false-npy-test1",
    "uid": "1d9eb447-ceb4-4481-b768-2f479dbec2c8",
    "namespace": "cmsffm-pm-test1",
    "schedule": "0 5 31 2 *",
    "timezone": "UTC"
  },
  {
    "name": "pm-batch-ppe-true-2025-test1",
    "uid": "b1305200-96d6-445c-b83e-e292d1b21018",
    "namespace": "cmsffm-pm-test1",
    "schedule": "0 5 31 2 *",
    "timezone": "UTC"
  },
  {
    "name": "pm-batch-ppe-true-npy-test1",
    "uid": "dec11ae8-e57c-472f-b0fb-4617ce0d3b22",
    "namespace": "cmsffm-pm-test1",
    "schedule": "0 5 31 2 *",
    "timezone": "UTC"
  },
  {
    "name": "pm-batch-ptne-2025-test1",
    "uid": "1743688f-9b6e-4f3f-ab57-39584a2bec6e",
    "namespace": "cmsffm-pm-test1",
    "schedule": "0 * * * *",
    "timezone": "UTC"
  },
  {
    "name": "pm-batch-ptne-npy-test1",
    "uid": "329cb4ec-112b-4bd8-91f6-6f5500c7f26b",
    "namespace": "cmsffm-pm-test1",
    "schedule": "0 5 31 2 *",
    "timezone": "UTC"
  },
  {
    "name": "pm-batch-ptr-2025-test1",
    "uid": "a18bb232-47d6-4827-bb3f-36402f04eae5",
    "namespace": "cmsffm-pm-test1",
    "schedule": "45 8,12,16,18 * * *",
    "timezone": "UTC"
  },
  {
    "name": "pm-batch-ptr-npy-test1",
    "uid": "dd44baf8-4861-486a-a9f8-467b7e595cbc",
    "namespace": "cmsffm-pm-test1",
    "schedule": "45 8,12,16,18 * * *",
    "timezone": "UTC"
  },
  {
    "name": "pm-batch-qhp-delta-2025-test1",
    "uid": "f4839104-5b23-42ae-85a4-0e8aff6778bc",
    "namespace": "cmsffm-pm-test1",
    "schedule": "30 18 * * 0-4",
    "timezone": "UTC"
  },
  {
    "name": "pm-batch-qhp-delta-npy-test1",
    "uid": "c6914302-47d2-4f14-847b-3d4e7e9fd091",
    "namespace": "cmsffm-pm-test1",
    "schedule": "0 19 * * 0-4",
    "timezone": "UTC"
  },
  {
    "name": "pm-batch-qhp-full-2025-test1",
    "uid": "cdd56d86-f536-48de-b112-95bad60c051a",
    "namespace": "cmsffm-pm-test1",
    "schedule": "30 18 * * 5,6",
    "timezone": "UTC"
  },
  {
    "name": "pm-batch-qhp-full-npy-test1",
    "uid": "42af9d94-0e9c-4162-ba5c-f2806f7ebf19",
    "namespace": "cmsffm-pm-test1",
    "schedule": "0 19 * * 5,6",
    "timezone": "UTC"
  },
  {
    "name": "pm-batch-quasr-delta-2025-test1",
    "uid": "99b1e875-2409-4870-90d1-4c0bc3ad957f",
    "namespace": "cmsffm-pm-test1",
    "schedule": "0 6-23,0 * * *",
    "timezone": "UTC"
  },
  {
    "name": "pm-batch-quasr-delta-npy-test1",
    "uid": "8bf94a9c-0d8a-47fd-9206-8ca28376b83c",
    "namespace": "cmsffm-pm-test1",
    "schedule": "0 6-23,0 * * *",
    "timezone": "UTC"
  },
  {
    "name": "pm-batch-quasr-full-2025-test1",
    "uid": "0be7759a-bf53-4ef1-96a5-fcef8c23db2a",
    "namespace": "cmsffm-pm-test1",
    "schedule": "0 5 * * *",
    "timezone": "UTC"
  },
  {
    "name": "pm-batch-quasr-full-npy-test1",
    "uid": "62fae338-fef9-4a0f-8031-0161f1257d25",
    "namespace": "cmsffm-pm-test1",
    "schedule": "0 5 * * *",
    "timezone": "UTC"
  },
  {
    "name": "pm-batch-servis-2024-test1",
    "uid": "66daf2a7-0616-4bf5-8970-77c69f9b1844",
    "namespace": "cmsffm-pm-test1",
    "schedule": "0 5 31 2 *",
    "timezone": "UTC"
  },
  {
    "name": "pm-batch-servis-2025-test1",
    "uid": "bdba332b-3297-4d75-b6b1-add0ac6e02b6",
    "namespace": "cmsffm-pm-test1",
    "schedule": "0 5 31 2 *",
    "timezone": "UTC"
  },
  {
    "name": "pm-batch-sre-favo-npy-test1",
    "uid": "7c498c8c-65f7-474d-877c-c506209b1c20",
    "namespace": "cmsffm-pm-test1",
    "schedule": "0 5 31 2 *",
    "timezone": "UTC"
  },
  {
    "name": "pm-batch-sre-full-2025-test1",
    "uid": "57b3e1c4-2b10-4a8f-bef6-9c0794efe608",
    "namespace": "cmsffm-pm-test1",
    "schedule": "0 5 31 2 *",
    "timezone": "UTC"
  },
  {
    "name": "pm-batch-sre-full-npy-test1",
    "uid": "cc50599f-e315-48be-b4df-909615070166",
    "namespace": "cmsffm-pm-test1",
    "schedule": "0 5 31 2 *",
    "timezone": "UTC"
  },
  {
    "name": "pm-batch-sre-partial-2025-test1",
    "uid": "d2bbf5b5-39ea-42c9-80f7-4cb4dfe0a56f",
    "namespace": "cmsffm-pm-test1",
    "schedule": "0 5 31 2 *",
    "timezone": "UTC"
  },
  {
    "name": "pm-batch-sre-partial-npy-test1",
    "uid": "fa4eb9d0-ee12-4e36-9991-6e13285f569e",
    "namespace": "cmsffm-pm-test1",
    "schedule": "0 5 31 2 *",
    "timezone": "UTC"
  },
  {
    "name": "pm-batch-url-2024-test1",
    "uid": "3c463884-09e2-4733-aa21-2a671f56e611",
    "namespace": "cmsffm-pm-test1",
    "schedule": "0 5 31 2 *",
    "timezone": "UTC"
  },
  {
    "name": "pm-batch-url-2025-test1",
    "uid": "8cf737e4-7d12-4ae8-96c2-0898789fdc30",
    "namespace": "cmsffm-pm-test1",
    "schedule": "0 5 31 2 *",
    "timezone": "UTC"
  }
]
