<?xml version="1.0" encoding="UTF-8"?>
<?xml-model href="../Schematron/AccountTransfer-runtime.sch" type="application/xml" schematypens="http://purl.oclc.org/dsdl/schematron"?>
<exch:AccountTransferRequest ext:atVersionText="2.4"
                             xmlns:exch="http://at.dsh.cms.gov/exchange/1.0"
                             xmlns:ext="http://at.dsh.cms.gov/extension/1.0"
                             xmlns:hix-core="http://hix.cms.gov/0.1/hix-core"
                             xmlns:hix-ee="http://hix.cms.gov/0.1/hix-ee"
                             xmlns:nc="http://niem.gov/niem/niem-core/2.0"
                             xmlns:s="http://niem.gov/niem/structures/2.0"
                             xmlns:xsi="http://www.w3.org/2001/XMLSchema-instance"
                             xsi:schemaLocation="http://at.dsh.cms.gov/exchange/1.0  ../XSD/XMLschemas/constraint/exchange/ExchangeModel.xsd">

    <!-- Scenario: This example includes a sole applicant on the form who is the signer and is 16 years old (emancipated). -->

    <ext:TransferHeader>
        <ext:TransferActivity>
            <nc:ActivityIdentification>
                <nc:IdentificationID>WVM12345678901234567</nc:IdentificationID>
            </nc:ActivityIdentification>
            <nc:ActivityDate>
                <nc:DateTime>2013-10-01T18:13:51.0Z</nc:DateTime>
            </nc:ActivityDate>
            <ext:TransferActivityReferralQuantity>1</ext:TransferActivityReferralQuantity>
            <ext:RecipientTransferActivityCode>Exchange</ext:RecipientTransferActivityCode>
        </ext:TransferActivity>
    </ext:TransferHeader>

    <hix-core:Sender s:id="Sender">
        <hix-core:InformationExchangeSystemCategoryCode>MedicaidAgency</hix-core:InformationExchangeSystemCategoryCode>
        <hix-core:InformationExchangeSystemStateCode>WV</hix-core:InformationExchangeSystemStateCode>
    </hix-core:Sender>

    <hix-core:Receiver s:id="Receiver">
        <hix-core:InformationExchangeSystemCategoryCode>Exchange</hix-core:InformationExchangeSystemCategoryCode>
    </hix-core:Receiver>

    <hix-ee:InsuranceApplication>
        <hix-core:ApplicationCreation xsi:nil="true"/>
        <hix-core:ApplicationSubmission xsi:nil="true"/>
        <hix-core:ApplicationIdentification>
            <nc:IdentificationID>WV201305241229951</nc:IdentificationID>
        </hix-core:ApplicationIdentification>
        <hix-ee:InsuranceApplicant>
            <hix-core:RoleOfPersonReference s:ref="Person"/>
            <hix-ee:InsuranceApplicantFixedAddressIndicator xsi:nil="true"/>

            <hix-ee:ExchangeEligibility s:id="ExchangeEligibility-Person">
                <hix-ee:EligibilityDateRange>
                    <nc:StartDate>
                        <nc:Date>2013-10-04</nc:Date>
                    </nc:StartDate>
                </hix-ee:EligibilityDateRange>
                <hix-ee:EligibilityDetermination>
                    <nc:ActivityDate>
                        <nc:DateTime>2013-04-04T00:00:00</nc:DateTime>
                    </nc:ActivityDate>
                </hix-ee:EligibilityDetermination>
                <hix-ee:EligibilityIndicator>true</hix-ee:EligibilityIndicator>
                <hix-ee:EligibilityEstablishingSystem>
                    <hix-core:InformationExchangeSystemCategoryCode>MedicaidAgency</hix-core:InformationExchangeSystemCategoryCode>
                    <hix-core:InformationExchangeSystemStateCode>WV</hix-core:InformationExchangeSystemStateCode>
                </hix-ee:EligibilityEstablishingSystem>
                <hix-ee:ExchangeQHPResidencyEligibilityBasis>
                    <hix-core:StatusIndicator>true</hix-core:StatusIndicator>
                    <hix-ee:EligibilityBasisStatusCode>Complete</hix-ee:EligibilityBasisStatusCode>
                    <hix-ee:EligibilityBasisDetermination>
                        <nc:ActivityDate>
                            <nc:DateTime>2013-04-04T00:00:00</nc:DateTime>
                        </nc:ActivityDate>
                    </hix-ee:EligibilityBasisDetermination>
                </hix-ee:ExchangeQHPResidencyEligibilityBasis>
                <hix-ee:ExchangeVerifiedCitizenshipOrLawfulPresenceEligibilityBasis>
                    <hix-core:StatusIndicator>true</hix-core:StatusIndicator>
                    <hix-ee:EligibilityBasisStatusCode>Complete</hix-ee:EligibilityBasisStatusCode>
                    <hix-ee:EligibilityBasisDetermination>
                        <nc:ActivityDate>
                            <nc:DateTime>2013-04-04T00:00:00</nc:DateTime>
                        </nc:ActivityDate>
                    </hix-ee:EligibilityBasisDetermination>
                </hix-ee:ExchangeVerifiedCitizenshipOrLawfulPresenceEligibilityBasis>
                <hix-ee:ExchangeIncarcerationEligibilityBasis>
                    <hix-core:StatusIndicator>true</hix-core:StatusIndicator>
                    <hix-ee:EligibilityBasisStatusCode>Complete</hix-ee:EligibilityBasisStatusCode>
                    <hix-ee:EligibilityBasisDetermination>
                        <nc:ActivityDate>
                            <nc:DateTime>2013-04-04T00:00:00</nc:DateTime>
                        </nc:ActivityDate>
                    </hix-ee:EligibilityBasisDetermination>
                </hix-ee:ExchangeIncarcerationEligibilityBasis>
            </hix-ee:ExchangeEligibility>


            <hix-ee:ReferralActivity>
                <nc:ActivityIdentification>
                    <nc:IdentificationID>WV76453210987654321</nc:IdentificationID>
                </nc:ActivityIdentification>
                <nc:ActivityDate>
                    <nc:DateTime>2013-09-27T00:00:00</nc:DateTime>
                </nc:ActivityDate>
                <!-- The 's:ref' attribute references to the 's:id' attribute in 'Sender' and 'Receiver' elements.-->
                <hix-ee:ReferralActivitySenderReference s:ref="Sender"/>
                <hix-ee:ReferralActivityReceiverReference s:ref="Receiver"/>
                <hix-ee:ReferralActivityStatus>
                    <hix-ee:ReferralActivityStatusCode>Initiated</hix-ee:ReferralActivityStatusCode>
                </hix-ee:ReferralActivityStatus>
                <hix-ee:ReferralActivityEligibilityReasonReference s:ref="ExchangeEligibility-Person"/>
            </hix-ee:ReferralActivity>
        </hix-ee:InsuranceApplicant>
        <hix-ee:InsuranceApplicationRequestingFinancialAssistanceIndicator xsi:nil="true"/>
        <hix-ee:SSFSigner>
            <hix-core:RoleOfPersonReference s:ref="Person"/>
            <hix-ee:Signature>
                <hix-core:SignatureDate xsi:nil="true"/>
            </hix-ee:Signature>
            <hix-ee:SSFAttestation>
                <hix-ee:SSFAttestationNonPerjuryIndicator xsi:nil="true"/>
                <hix-ee:SSFAttestationNotIncarceratedIndicator xsi:nil="true"/>
                <hix-ee:SSFAttestationInformationChangesIndicator xsi:nil="true"/>
            </hix-ee:SSFAttestation>
        </hix-ee:SSFSigner>
        <hix-ee:InsuranceApplicationRequestingMedicaidIndicator>false</hix-ee:InsuranceApplicationRequestingMedicaidIndicator>
        <hix-ee:SSFPrimaryContact>
            <hix-core:RoleOfPersonReference s:ref="Person"/>
            <hix-ee:SSFPrimaryContactPreferenceCode>Email</hix-ee:SSFPrimaryContactPreferenceCode>
        </hix-ee:SSFPrimaryContact>
        <hix-ee:InsuranceApplicationTaxReturnAccessIndicator xsi:nil="true"/>
    </hix-ee:InsuranceApplication>

    <!-- The smallest person object is one with just name and someone else's email. -->
    <hix-core:Person s:id="Person">
        <nc:PersonAgeMeasure>
            <nc:MeasurePointValue>27</nc:MeasurePointValue>
        </nc:PersonAgeMeasure>
        <nc:PersonBirthDate xsi:nil="true"/>
        <nc:PersonName>
            <nc:PersonGivenName>Jim</nc:PersonGivenName>
            <nc:PersonSurName>Jones</nc:PersonSurName>
        </nc:PersonName>
        <nc:PersonSexText xsi:nil="true"/>
        <nc:PersonSSNIdentification>
            <nc:IdentificationID>234608661</nc:IdentificationID>
        </nc:PersonSSNIdentification>
        <nc:PersonUSCitizenIndicator>true</nc:PersonUSCitizenIndicator>
        <hix-core:TribalAugmentation>
            <hix-core:PersonAmericanIndianOrAlaskaNativeIndicator xsi:nil="true"/>
        </hix-core:TribalAugmentation>
        <hix-core:PersonAugmentation>
            <hix-core:PersonContactInformationAssociation>
                <nc:ContactInformationIsPrimaryIndicator>true</nc:ContactInformationIsPrimaryIndicator>
                <hix-core:ContactInformation>
                    <nc:ContactEmailID>jim.jones@example.com</nc:ContactEmailID>
                </hix-core:ContactInformation>
                <hix-core:ContactInformationCategoryCode>Mailing</hix-core:ContactInformationCategoryCode>
            </hix-core:PersonContactInformationAssociation>
            <hix-core:PersonContactInformationAssociation>
                <hix-core:ContactInformation>
                    <nc:ContactMailingAddress>
                        <nc:StructuredAddress>
                            <nc:LocationStreet>
                                <nc:StreetFullText>7-1-302/45*4*15 S B Nagar</nc:StreetFullText>
                            </nc:LocationStreet>
                            <nc:LocationCityName>Hyderabad</nc:LocationCityName>
                            <nc:LocationCountyName>Sanjeev Reddy Nagar</nc:LocationCountyName>
                            <nc:LocationCountryISO3166Alpha3Code>IND</nc:LocationCountryISO3166Alpha3Code>
                        </nc:StructuredAddress>
                    </nc:ContactMailingAddress>
                </hix-core:ContactInformation>
                <hix-core:ContactInformationCategoryCode>Home</hix-core:ContactInformationCategoryCode>
            </hix-core:PersonContactInformationAssociation>
            <hix-core:PersonEmploymentAssociation>
                <nc:AssociationBeginDate xsi:nil="true"/>
                <hix-core:Employer s:id="NewTechnologiesInc">
                    <nc:OrganizationName xsi:nil="true"/>
                    <nc:OrganizationPrimaryContactInformation>
                        <nc:ContactMailingAddress>
                            <nc:StructuredAddress>
                                <nc:LocationStreet>
                                    <nc:StreetFullText>7-1-302/45*4*15 S B Nagar</nc:StreetFullText>
                                </nc:LocationStreet>
                                <nc:LocationCityName>Hyderabad</nc:LocationCityName>
                                <nc:LocationCountyName>Sanjeev Reddy Nagar</nc:LocationCountyName>
                                <nc:LocationStateUSPostalServiceCode xsi:nil="true"/>
                                <nc:LocationPostalCode>40444</nc:LocationPostalCode>
                            </nc:StructuredAddress>
                        </nc:ContactMailingAddress>
                    </nc:OrganizationPrimaryContactInformation>
                </hix-core:Employer>
            </hix-core:PersonEmploymentAssociation>
            <hix-core:PersonMedicaidIdentification xsi:nil="true"/>
            <hix-core:PersonIncome>
                <hix-core:IncomeFrequency>
                    <hix-core:FrequencyCode>Monthly</hix-core:FrequencyCode>
                </hix-core:IncomeFrequency>
                <hix-core:IncomeAmount>2000</hix-core:IncomeAmount>
                <hix-core:IncomeHoursPerPayPeriodMeasure>20</hix-core:IncomeHoursPerPayPeriodMeasure>
                <hix-core:IncomeCategoryCode>Wages</hix-core:IncomeCategoryCode>
                <hix-core:IncomeDate>
                    <nc:Date>2014-01-01</nc:Date>
                </hix-core:IncomeDate>
            </hix-core:PersonIncome>
            <hix-core:PersonMarriedIndicator xsi:nil="true"/>
        </hix-core:PersonAugmentation>
    </hix-core:Person>

    <ext:PhysicalHousehold>
        <hix-ee:HouseholdMemberReference s:ref="Person"/>
    </ext:PhysicalHousehold>

</exch:AccountTransferRequest>
