{
    "groupCompletedTasksCount": 1,
    "teamCompletedTasksCount": 1,
    "ptabDefaultRefreshTime": 300000,
    "activeTasksCount": 0,
    "groupActiveTasksCount": 2,
    "ptabReadOnlyUser": false,
    "teamActiveTasksCount": 2,
    "completedTasksCount": 1,
    "workerTasksList": [
        {
            "taskRequested": "Review Refund Request",
            "petInventorFullName": null,
            "poInventorFullName": null,
            "terminationTypeName": null,
            "assigneeUserIdentifier": "mmontejo",
            "poArtUnit": null,
            "petInventionTitleText": "Engineered Virus",
            "customTaskText": null,
            "proceedingCreatedTimeStamp": 1639544400000,
            "deadLineDate": 1676610000000,
            "aiaReviewStatus": "Trial Instituted",
            "petitionerPatentNumber": null,
            "petitionerName": "Transgene et al.",
            "trialType": "PGR",
            "priority": "Urgent",
            "accordedFilingDate": "1640174410000",
            "judgeThree": "Flax, Ryan",
            "petitionerApplicationIdentifier": null,
            "judgeOne": "Paulraj, Christopher",
            "taskStatusDate": null,
            "judgeSix": null,
            "taskRequestedDate": null,
            "judgePanelList": null,
            "poInventionTitleText": null,
            "judgeTwo": "Wisz, Jamie",
            "customDescriptionText": null,
            "poTechCenter": null,
            "judgeFive": null,
            "taskTypeName": "RRR",
            "statutoryDate": null,
            "proceedingNumber": "PGR2022-00014",
            "assigneeName": "Montejo, Ma Rowena",
            "judgeSeven": null,
            "petArtUnit": "1648",
            "milestoneDates": null,
            "petTechCenter": "1600",
            "poApplicationIdentifier": "16068830",
            "assignerUserIdentifier": "akellogg",
            "taskPriorityCode": "U",
            "assignerName": "Kellogg, Andrew",
            "comments": null,
            "requesterUserIdentifier": "akellogg",
            "poPatentNumber": "10947513",
            "lastModifiedUserName": "Kellogg, Andrew",
            "taskIdentifier": 1461789,
            "lastModifiedTimestamp": 1682521807982,
            "statusDescription": "ASSIGNED",
            "respondentName": "Replimune Limited",
            "completionDate": null,
            "assignmentDate": 1676005200000,
            "taskStatusCode": "AS",
            "judgeFour": null
        },
        {
            "taskRequested": "Reconcile Petition",
            "petInventorFullName": "Jaroch, Joseph",
            "poInventorFullName": null,
            "terminationTypeName": null,
            "assigneeUserIdentifier": "cunderwood1",
            "poArtUnit": null,
            "petInventionTitleText": "METHOD AND APPARATUS FOR PROVIDING FORENSIC VISIBILITY INTO SYSTEMS AND NETWORKS",
            "customTaskText": null,
            "proceedingCreatedTimeStamp": 1678078800000,
            "deadLineDate": 1678680000000,
            "aiaReviewStatus": "Petition Filed",
            "petitionerPatentNumber": null,
            "petitionerName": "Trend Micro, Inc et al.",
            "trialType": "IPR",
            "priority": "High",
            "accordedFilingDate": null,
            "judgeThree": "Moore, Aaron",
            "petitionerApplicationIdentifier": null,
            "judgeOne": "Wormmeester, Michelle",
            "taskStatusDate": null,
            "judgeSix": null,
            "taskRequestedDate": null,
            "judgePanelList": null,
            "poInventionTitleText": null,
            "judgeTwo": "Boucher, Patrick",
            "customDescriptionText": null,
            "poTechCenter": null,
            "judgeFive": null,
            "taskTypeName": "RP",
            "statutoryDate": null,
            "proceedingNumber": "IPR2023-00677",
            "assigneeName": "Underwood, Cathy",
            "judgeSeven": null,
            "petArtUnit": "2436",
            "milestoneDates": null,
            "petTechCenter": "2400",
            "poApplicationIdentifier": "14270069",
            "assignerUserIdentifier": "akellogg",
            "taskPriorityCode": "H",
            "assignerName": "Kellogg, Andrew",
            "comments": null,
            "requesterUserIdentifier": "akellogg",
            "poPatentNumber": "9578045",
            "lastModifiedUserName": "Kellogg, Andrew",
            "taskIdentifier": 1463153,
            "lastModifiedTimestamp": 1688670632349,
            "statusDescription": "ASSIGNED",
            "respondentName": "Open Text Inc. et al.",
            "completionDate": null,
            "assignmentDate": 1678146652000,
            "taskStatusCode": "AS",
            "judgeFour": null
        }
    ],
    "unassignedTasksCount": 194,
    "systemGeneratedTasksCount": 0
}