
<?xml version="1.0" encoding="UTF-8"?>
<Configuration monitorInterval="30">
    <!-- Place this file at the file system path specified in application.properties -->
    <Appenders>
        <Console name="Console" target="SYSTEM_OUT">
            <PatternLayout
                pattern="%d{MM-dd-yyyy HH:mm:ss} %-5p %c{1}:%L - %m%n" />
        </Console>
       

        <RollingFile name="RollingFile"
            fileName="C:\Users\dkorem\PTABCODE\ptacts-externalservices.log"
            filePattern="C:\Users\dkorem\PTABCODE\ptacts-externalservices.log.%i">
            <PatternLayout>
                <pattern>%d{MM-dd-yyyy HH:mm:ss} %-5p %c{1}:%L - %m%n</pattern>
            </PatternLayout>
            <Policies>
                <!-- rollover on startup, daily and when the file reaches 10 MegaBytes -->
                <!-- <OnStartupTriggeringPolicy /> -->
                <SizeBasedTriggeringPolicy
                    size="1 MB" />
                <!-- <TimeBasedTriggeringPolicy /> -->
            </Policies>
            <DefaultRolloverStrategy max="30"/>
        </RollingFile>
    </Appenders>

    <Loggers>
        <!-- LOG everything at TRACE INFO WARN ERROR level -->
        <Root level="ERROR">
            <AppenderRef ref="Console" />
            
        </Root>

       
        <Logger name="gov.uspto.patent" level="INFO" additivity="false">
           <AppenderRef ref="RollingFile" />
        </Logger>
        
        <Logger name="org.springframework.web.filter.CommonsRequestLoggingFilter" level="DEBUG" additivity="false">
           <AppenderRef ref="RollingFile" />
        </Logger>
        
    </Loggers>

</Configuration>
