[
  {
    "valueText": "contactUs",
    "descriptionText": "<h3 class=\"text-primary\">Contact Us</h3>\r\n<p class=\"mt-4 mb-0\"> <u>Telephone:</u> </p>\r\n<p> For technical assistance with the P-TACTS system, please call us at <a href=\"tel: 571-272-7822\"\r\n        style=\"cursor: pointer\">571-272-8850</a> during normal business hours (8:30 a.m. - 5:00 p.m., ET) </p>\r\n<p class=\"mt-4 mb-0\"> <u>Email:</u> </p>\r\n<p> For technical assistance, please email us at <a href=\"mailto: PTABP-TACTSAdmin@uspto.gov\"\r\n        style=\"cursor: pointer\">PTABP-TACTSAdmin@uspto.gov</a>. <br />Please email us questions regarding specific Trial\r\n    Proceedings to <a href=\"mailto: Trials@uspto.gov\" style=\"cursor: pointer\">Trials@uspto.gov</a>. <br />Please email\r\n    us any questions or suggestions regarding the Trials Process to <a href=\"mailto: PTABAIATrialSuggestions@uspto.gov\"\r\n        style=\"cursor: pointer\">PTABAIATrialSuggestions@uspto.gov</a>. </p>\r\n<p class=\"mt-4 mb-0\"> <u>Official Mailing Addresses:</u> </p>\r\n<p> Mail Stop PATENT BOARD <br />Patent Trial and Appeal Board <br />US Patent and Trademark Office <br />PO Box 1450\r\n    <br />Alexandria, Virginia 22313-1450 </p>"
  },
  {
    "valueText": "information",
    "descriptionText": "<h3 class=\"text-primary\">Information</h3>\r\n<p class=\"mt-4 mb-0\"> <u>Patent Trial Practice Guide and 37 C.F.R. Part 42</u> </p>\r\n<p> P-TACTS is designed so that its use is consistent with the Patent Trial Practice Guide and requirements of 37 C.F.R.\r\n    Part 42. The Patent Trial Practice Guide and 37 C.F.R. Part 42 should be thoroughly reviewed and understood before\r\n    using the P-TACTS system. </p>\r\n<p class=\"mt-4 mb-0\"> <u>Hardware/Software</u> </p>\r\n<p> A computer and monitor are necessary to use P-TACTS. The computer must be actively connected to the Internet and the\r\n    monitor must display a web browser. The P-TACTS is best viewed in the Google&#174; Chrome&#174; browser version\r\n    91.0.4472.77 or higher, but is also accessible in Edge 102.0.1245.39 and higher. Display resolution settings at\r\n    1600px are recommended for optimal viewing of the search window and results table. </p>\r\n<p class=\"mt-4 mb-0\"> <u>Document Requirements</u> </p>\r\n<p> P-TACTS will only accept documents in Portable Document Format (PDF) and Moving Picture Experts Group (MPEG). No\r\n    single uploaded file may exceed 25 megabytes in size. </p>\r\n<p class=\"mt-4 mb-0\"> <u>System Timeouts</u> </p>\r\n<p> Please be aware that a session on P-TACTS, if left unattended, will timeout in thirty (30) minutes. The timeout for\r\n    the fee screens is less than five (5) minutes. </p>\r\n<p class=\"mt-4 mb-0\"> <u>Additional information about P-TACTS</u> </p>\r\n<p> Go to <a href=\"https://www.uspto.gov/patents/patent-trial-and-appeal-board/p-tacts-external-user-training-resources\"\r\n        style=\"cursor: pointer\">https://www.uspto.gov/patents/ptab/patent-trial-and-appeal-case-tracking-system-p-tacts</a>.\r\n</p>"
  },
  {
    "valueText": "petitioner",
    "descriptionText": "<h3 class=text-primary>Petitioners</h3><p class=mt-4>AIA has established certain trial proceedings that may be requested in challenging the patentability of a patent's claims. The proceedings begin with a petitioner filing a petition to request the institution of a trial. To file a petition electronically, the petition must be successfully submitted via P-TACTS.<p class=mt-4>The submission of a petition via P-TACTS is a multi-step process. Each step of the process must be performed successfully. First, the petitioner will select a trial type and identify the patent number or application number for review. Next, the petitioner will be prompted to provide information about themselves and their counsel, if any. P-TACTS will also prompt the petitioner to upload a petition, enter challenged claims, exhibits, a notice of related proceedings and a power of attorney, if any. Before submitting the petition, P-TACTS will require the petitioner to pay the appropriate fee(s).<p class=mt-4>All documents are public by default, except for derivation proceedings, but a party may assign a different access level to the documents they file. The assignable access levels are:<br>- \"Public,\"<br>- \"Parties and Board Only,\"<br>- \"Filing Party and Board Only,\" and<br>- \"Board Only\".<p class=mt-4>P-TACTS permits payment by major credit cards, non-PIN based debit cards, deposit accounts and electronic funds transfer. Government rules place additional limits on credit card payments. For example, the petitioner may not use more than one credit card for a payment and a credit card payment cannot equal or exceed $24,999.00. The fee must be paid in full before a filing date will be assigned. The payment will be made via the Financial Manager system.<p class=mt-4>An unfiled petition may be saved without being submitted, but it will be deleted after forty-five (45) days of inactivity. Once the petition has been submitted, P-TACTS will electronically mail a petition receipt to the petitioner. The petition will appear on the docket of the registered counsel or pro se who filed the petition. The petitioner may file additional documents, such as a motion to seal."
  },
  {
    "valueText": "poRespondent",
    "descriptionText": "<h3 class=\"text-primary\">Patent Owners/Respondents</h3> <p class=\"mt-4\"> A patent owner or respondent, after registering as a P-TACTS user, may request to join a proceeding as the patent owner or respondent. The patent owner or respondent may locate the proceeding by patent number, application number or AIA review number. P-TACTS will prompt the patent owner or respondent for information about themselves and their counsel, and will prompt for a power of attorney, if necessary. Once this information is submitted, the Board will review the information to confirm that the user is facially authorized to act as the patent owner or respondent. </p><p class=\"mt-4\"> Once the user has been verified as the patent owner or respondent, the AIA review case will appear in the user's docket. Verification as the patent owner or respondent is a prerequisite for acting as the patent owner or respondent in the AIA review case. Thus, the user must be verified before they can file any documents, such as an opposition or a preliminary response. </p>"
  },
  {
    "valueText": "welcome",
    "descriptionText": "<h3 class=\"text-primary\"> Welcome to the USPTO Patent Trial and Appeal Case Tracking System </h3>\r\n<p class=\"mt-4\"> The Patent Trial and Appeal Case Tracking System (P-TACTS) is a system designed for the Patent Trial\r\n    and Appeal Board (Board) for the purpose of electronically filing documents in connection with the Inter Partes\r\n    Disputes established under the Leahy-Smith America Invents Act (AIA). </p>\r\n<p class=\"mt-4\"> P-TACTS is designed so that its use is consistent with the Patent Trial Practice Guide and requirements\r\n    of 37 C.F.R. Part 42. Electronic filing is the default manner in which documents are to be filed with the Board, 37\r\n    C.F.R. &sect; 42.6 (b). The Board has established P-TACTS to be the official means for electronically filing legal\r\n    documents with the Board in connection with the following inter partes dispute types - Inter Partes Review (IPR),\r\n    Transitional Program for Covered Business Method Patents (CBM), Post Grant Review (PGR), and Derivation Proceeding\r\n    (DER) established under AIA to be conducted by the Board. Unless otherwise specifically authorized by the Board, all\r\n    documents submitted for filing in connection with the inter partes dispute under AIA must be filed electronically\r\n    using P-TACTS. Using this system, parties have the ability to submit a petition to request an inter partes dispute\r\n    to be instituted, to participate as a patent owner or respondent in an inter partes dispute, and to perform certain\r\n    actions during an inter partes dispute. </p>"
  }
]
